GeometryID,RayID,BounceID,StartX,StartY,StartZ,EndX,EndY,EndZ,DirectionX,DirectionY,DirectionZ,MidpointX,MidpointY,MidpointZ,Length
1,1,0,5185.4052630194492,1512.070639150603,-2645.8605253378628,5186.1001705788631,1512.070639150603,-2643.8636914642261,0.32867109906122827,0,0.94444444444439635,5185.7527167991557,1512.070639150603,-2644.8621084010447,2.1142946897330424
1,1,1,5186.100499249962,1512.070639150603,-2643.8646359086706,5187.7789186738155,1512.070639150603,-2648.6876151874521,0.32867109906110453,0,-0.9444444444444392,5186.9397089618888,1512.070639150603,-2646.2761255480614,5.1066839422392967
1,1,2,5187.7792473449144,1512.070639150603,-2648.6866707430077,5189.4576667687679,1512.0706391506028,-2643.8636914642261,0.32867109906110453,-4.452472054566353E-14,0.9444444444444392,5188.6184570568412,1512.0706391506028,-2646.2751811036169,5.1066839422392967
1,1,3,5189.4579954398669,1512.0706391506028,-2643.8646359086706,5191.1364148637203,1512.0706391506028,-2648.6876151874521,0.32867109906110453,0,-0.9444444444444392,5190.2972051517936,1512.0706391506028,-2646.2761255480614,5.1066839422392967
1,1,4,5191.1367435348193,1512.0706391506028,-2648.6866707430077,5192.8151629586728,1512.0706391506033,-2643.8636914642261,0.32867109906110453,8.9049441091327061E-14,0.9444444444444392,5191.975953246746,1512.070639150603,-2646.2751811036169,5.1066839422392967
1,2,0,5185.4052630194492,1512.070639150603,-2645.8605253378628,5184.4285812596472,1511.1759186532477,-2643.8636914642266,-0.40759598344525944,-0.37339130926549891,0.83333333333323978,5184.9169221395478,1511.6232789019255,-2644.8621084010447,2.3962006483637159
1,2,1,5184.428173663664,1511.1755452619384,-2643.8645247975601,5184.0001220703089,1510.7834149383636,-2644.7396797932361,-0.4075959834449388,-0.37339130926545094,-0.83333333333341797,5184.2141478669864,1510.979480100151,-2644.3021022953981,1.0501859948110748
1,2,2,5184.0005296662921,1510.7830415470544,-2644.7405131265696,5185.9311172018088,1509.014465219474,-2648.6876151874521,0.407595983445175,-0.37339130926537145,-0.83333333333333826,5184.9658234340504,1509.8987533832642,-2646.7140641570109,4.7365224730590576
1,2,3,5185.931524797792,1509.0140918281647,-2648.6867818541186,5188.290571522647,1506.8530117857003,-2643.8636914642261,0.40759598344506492,-0.37339130926535813,0.83333333333339799,5187.1110481602191,1507.9335518069324,-2646.2752366591722,5.7877084678705675
1,2,4,5188.2909791186303,1506.8526383943911,-2643.8645247975596,5190.6500258434871,1504.6915583519262,-2648.6876151874521,0.407595983445315,-0.37339130926537789,-0.83333333333326665,5189.4705024810592,1505.7720983731588,-2646.2760699925057,5.7877084678714796
1,3,0,5185.4052630194492,1512.070639150603,-2645.8605253378628,5185.5724504691952,1513.9756539088173,-2643.8636914642261,0.060468971944747575,0.68901274673286461,0.722222222222204,5185.4888567443222,1513.0231465297102,-2644.8621084010447,2.7648469019585225
1,3,1,5185.5725109381674,1513.9763429215641,-2643.8644136864482,5185.9763396037415,1518.5777622797602,-2648.6876151874517,0.060468971944728604,0.68901274673288726,-0.72222222222218424,5185.7744252709545,1516.277052600662,-2646.2760144369499,6.6782790013898063
1,3,2,5185.9764000727137,1518.578451292507,-2648.6868929652296,5186.0275730524218,1519.1615410023699,-2648.075699125915,0.060468971945088684,0.68901274673256974,0.72222222222245691,5186.0019865625673,1518.8699961474385,-2648.3812960455725,0.84626839289691536
1,3,3,5186.0276335213939,1519.1608519896231,-2648.0749769036929,5186.3802287382896,1515.143211354037,-2643.8636914642261,0.060468971944954132,-0.68901274673286483,0.72222222222218657,5186.2039311298413,1517.1520316718302,-2645.9693341839593,5.8310106084927691
1,3,4,5186.3802892072617,1515.1425223412903,-2643.8644136864482,5186.7841178728368,1510.5411029830939,-2648.6876151874521,0.060468971944859895,-0.6890127467328655,-0.7222222222221939,5186.5822035400488,1512.8418126621921,-2646.2760144369504,6.6782790013903472
1,4,0,5185.4052630194492,1512.070639150603,-2645.8605253378628,5186.9789350055271,1510.0180627118953,-2643.8636914642257,0.48160663169492784,-0.62817056774720315,0.61111111111124661,5186.1920990124881,1511.044350931249,-2644.8621084010442,3.2675463386781911
1,4,1,5186.9794166121592,1510.0174345413275,-2643.8643025753368,5190.7805900788153,1505.0594768690064,-2648.6876151874521,0.48160663169529278,-0.6281705677470486,-0.61111111111111804,5188.8800033454872,1507.5384557051671,-2646.2759588813942,7.8926933652796363
1,4,2,5190.7810716854474,1505.0588486984386,-2648.6870040763411,5191.1697889588513,1504.5518358496593,-2648.1937603599463,0.48160663169572931,-0.62817056774668389,0.61111111111114891,5190.9754303221489,1504.8053422740491,-2648.4403822181439,0.80712608137321407
1,4,3,5191.1702705654834,1504.552464020227,-2648.1931492488352,5194.5822451521044,1509.0027806732003,-2643.8636914642261,0.48160663169534679,0.6281705677470304,0.61111111111109417,5192.8762578587939,1506.7776223467135,-2646.0284203565307,7.0845672839059572
1,4,4,5194.5827267587365,1509.0034088437681,-2643.8643025753372,5198.3839002253926,1513.9613665160891,-2648.6876151874521,0.48160663169530971,0.62817056774707081,-0.61111111111108196,5196.4833134920646,1511.4823876799287,-2646.2759588813947,7.8926933652793574
1,5,0,5185.4052630194492,1512.070639150603,-2645.8605253378628,5184.0001220703089,1512.3191887995406,-2645.036673001794,-0.8527868937322729,0.15084599390929004,0.49999999999997941,5184.702692544879,1512.1949139750718,-2645.4485991698284,1.647704672137547
1,5,1,5184.0009748572029,1512.3193396455345,-2645.0361730017939,5186.0007286339651,1512.6730679312834,-2643.8636914642261,0.85278689373233496,0.15084599390907394,0.49999999999993855,5185.0008517455844,1512.4962037884088,-2644.4499322330103,2.3449630751359258
1,5,2,5186.0015814208591,1512.6732187772773,-2643.8641914642262,5194.2282864890303,1514.128407068428,-2648.6876151874521,0.85278689373234096,0.15084599390919903,-0.49999999999989109,5190.1149339549447,1513.4008129228528,-2646.275903325839,9.6468474464539309
1,5,3,5194.2291392759244,1514.1285579144219,-2648.687115187452,5202.4558443440956,1515.5837462055729,-2643.8636914642261,0.85278689373233785,0.15084599390922204,0.49999999999988926,5198.34249181001,1514.8561520599974,-2646.2754033258389,9.6468474464539664
1,5,4,5202.4566971309896,1515.5838970515667,-2643.8641914642262,5210.6834021991608,1517.0390853427175,-2648.6876151874521,0.85278689373234096,0.15084599390919903,-0.49999999999989109,5206.5700496650752,1516.311491197142,-2646.275903325839,9.6468474464539309
1,6,0,5185.4052630194492,1512.070639150603,-2645.8605253378628,5189.3966768087794,1514.6096498845732,-2643.8636914642261,0.77733881326905141,0.49447932361654406,0.38888888888882894,5187.4009699141143,1513.3401445175882,-2644.8621084010447,5.1347156750664897
1,6,1,5189.3974541475927,1514.6101443638968,-2643.8640803531148,5196.5524090520585,1519.1615410023699,-2647.4435780127601,0.77733881326900578,0.49447932361655972,-0.3888888888889005,5192.9749315998251,1516.8858426831334,-2645.6538291829374,9.2044225533733872
1,6,2,5196.5531863908718,1519.1610465230463,-2647.4439669016488,5199.0390791747268,1517.5797250177238,-2648.6876151874521,0.77733881326896037,-0.49447932361660807,-0.38888888888892997,5197.7961327827998,1518.3703857703849,-2648.0657910445507,3.1979527349226249
1,6,3,5199.0398565135401,1517.5792305384002,-2648.6872262985635,5208.6814815406733,1511.4460179152813,-2643.8636914642261,0.77733881326898024,-0.49447932361658675,0.3888888888889166,5203.8606690271063,1514.5126242268407,-2646.275458881395,12.403375288295164
1,6,4,5208.6822588794867,1511.4455234359577,-2643.8640803531148,5212.1847801539561,1509.2175061014466,-2645.6163299301165,0.77733881326911625,-0.49447932361645747,-0.38888888888880946,5210.4335195167214,1510.3315147687022,-2644.7402051416157,4.5057846265768449
1,7,0,5185.4052630194492,1512.070639150603,-2645.8605253378628,5184.0001220703089,1506.8435848584083,-2644.2954241876459,-0.24938767073469867,-0.92770970451879775,0.27777777777778834,5184.702692544879,1509.4571120045057,-2645.0779747627544,5.6343641407803844
1,7,1,5184.0003714579798,1506.8426571487039,-2644.2951464098683,5184.3877298160933,1505.4017033642187,-2643.8636914642261,0.24938767073420798,-0.92770970451890555,0.27777777777786922,5184.1940506370365,1506.1221802564614,-2644.0794189370472,1.5532378043112094
1,7,2,5184.3879792037642,1505.4007756545143,-2643.8639692420038,5184.6161918865637,1504.5518358496593,-2644.1181614869602,0.24938767073538012,-0.92770970451872969,-0.27777777777740381,5184.5020855451639,1504.9763057520868,-2643.991065364482,0.91509208184411772
1,7,3,5184.6164412742346,1504.5527635593637,-2644.1184392647378,5188.5435846047922,1519.1615410023701,-2648.4926456726284,0.24938767073479903,0.92770970451877632,-0.27777777777777002,5186.5800129395138,1511.857152280867,-2646.3055424686831,15.74714306840659
1,7,4,5188.5438339924631,1519.1606132926656,-2648.4929234504061,5188.718627380189,1518.510390602816,-2648.6876151874521,0.24938767073265261,-0.92770970451927226,-0.27777777777804086,5188.6312306863256,1518.8355019477408,-2648.5902693189291,0.70089025336498723
1,8,0,5185.4052630194492,1512.070639150603,-2645.8605253378628,5184.0001220703089,1514.7761525433716,-2645.3452106266595,-0.45446045513246447,0.8750359518002998,0.16666666666654298,5184.702692544879,1513.4233958469872,-2645.6028679822612,3.0918882672217687
1,8,1,5184.0005765307642,1514.7770275793234,-2645.3450439599928,5186.2777263572061,1519.1615410023701,-2644.5099328589336,0.45446045513251315,0.87503595180025429,0.16666666666664967,5185.1391514439856,1516.9692842908466,-2644.927488409463,5.0106666063562093
1,8,2,5186.2781808176615,1519.1606659664183,-2644.5097661922669,5188.0398733073907,1515.7686342789098,-2643.8636914642261,0.45446045513264238,-0.87503595180016147,0.16666666666678456,5187.1590270625256,1517.4646501226639,-2644.1867288282465,3.8764483682416402
1,8,3,5188.0403277678461,1515.7677592429579,-2643.8638581308928,5193.8654525979346,1504.5518358496593,-2646.0001367165951,0.45446045513263905,-0.87503595180017679,-0.16666666666671393,5190.9528901828908,1510.1597975463087,-2644.9319974237442,12.817671514209909
1,10,0,5185.4052630194492,1512.070639150603,-2645.8605253378628,5184.0001220703089,1511.4906173931606,-2645.9451085690075,-0.92291799458142065,-0.38096713181680819,-0.05555555555552906,5184.702692544879,1511.7806282718818,-2645.9028169534349,1.5224981606059358
1,11,0,5185.4052630194492,1512.070639150603,-2645.8605253378628,5188.7235103710364,1519.1615410023701,-2647.1838507438833,0.41791778707512889,0.89306603645445026,-0.16666666666663091,5187.0643866952432,1515.6160900764867,-2646.5221880408731,7.9399524361250524
1,11,1,5188.7239282888231,1519.1606479363336,-2647.18401741055,5192.4942098222664,1511.1037752940979,-2648.6876151874521,0.41791778707515309,-0.89306603645442406,-0.16666666666671082,5190.6090690555448,1515.1322116152157,-2647.9358162990011,9.0215866614101952
1,11,2,5192.4946277400531,1511.1028822280614,-2648.6874485207854,5195.560245167806,1504.5518358496593,-2647.4648725650341,0.41791778707519289,-0.89306603645440463,0.16666666666671537,5194.0274364539291,1507.8273590388603,-2648.0761605429097,7.3354557345061426
1,12,0,5185.4052630194492,1512.070639150603,-2645.8605253378628,5187.7636167449919,1504.5518358496593,-2648.1390831493059,0.28750565546557244,-0.91661333409904122,-0.27777777777776097,5186.584439882221,1508.311237500131,-2646.9998042435845,8.2028081211955808
1,12,1,5187.7639042506471,1504.5527524629933,-2648.1393609270835,5188.3313585724072,1506.3618862589033,-2648.6876151874521,0.28750565546529755,0.91661333409912693,-0.27777777777776236,5188.0476314115276,1505.4573193609483,-2648.4134880572678,1.9737153373270488
1,12,2,5188.3316460780625,1506.3628028722374,-2648.6873374096745,5192.3461082927679,1519.1615410023701,-2644.8087062531217,0.28750565546555007,0.91661333409903778,0.27777777777779511,5190.3388771854152,1512.7621719373037,-2646.7480218313981,13.963072163588951
1,12,3,5192.3463957984231,1519.160624389036,-2644.808428475344,5193.3242178394703,1516.0431736392493,-2643.8636914642261,0.28750565546576945,-0.91661333409896717,0.27777777777780083,5192.8353068189463,1517.6018990141426,-2644.3360599697853,3.4010532400242388
1,12,4,5193.3245053451255,1516.0422570259152,-2643.8639692420038,5196.9285998405448,1504.5518358496593,-2647.3461176478068,0.28750565546552026,-0.91661333409906109,-0.27777777777774915,5195.1265525928357,1510.2970464377872,-2645.6050434449053,12.535734260891896
1,13,0,5185.4052630194492,1512.070639150603,-2645.8605253378628,5184.0001220703089,1512.8849470521386,-2646.5460600431106,-0.79710581865576646,0.46193911499661028,-0.38888888888893286,5184.702692544879,1512.4777931013709,-2646.2032926904867,1.7628035277799772
1,13,1,5184.0009191761274,1512.8854089912536,-2646.5464489319993,5188.3896690985212,1515.4287792786645,-2648.6876151874521,0.79710581865583885,0.46193911499650819,-0.38888888888890594,5186.1952941373238,1514.1570941349592,-2647.6170320597257,5.5058560854499303
1,13,2,5188.3904662043396,1515.4292412177795,-2648.6872262985635,5194.8307908676607,1519.1615410023701,-2645.5451457318627,0.79710581865581942,0.46193911499656348,0.38888888888888018,5191.6106285360001,1517.2953911100749,-2647.1161860152133,8.0796357429450172
1,13,3,5194.8315879734791,1519.1610790632551,-2645.544756842974,5198.2772688176119,1517.164236583315,-2643.8636914642261,0.79710581865577956,-0.46193911499656981,0.38888888888895445,5196.554428395546,1518.1626578232849,-2644.7042241536001,4.322739545351058
1,13,4,5198.2780659234304,1517.1637746442,-2643.8640803531148,5208.1648685367036,1511.4341704405547,-2648.6876151874521,0.79710581865584684,-0.46193911499651713,-0.38888888888887885,5203.221467230067,1514.2989725423772,-2646.2758477702837,12.403375288296367
1,14,0,5185.4052630194492,1512.070639150603,-2645.8605253378628,5190.187715394226,1513.1220478893642,-2648.6876151874521,0.84582603122281252,0.18595248023580968,-0.50000000000001665,5187.7964892068376,1512.5963435199837,-2647.2740702626575,5.654179699178524
1,14,1,5190.1885612202568,1513.1222338418445,-2648.687115187452,5198.3481159097009,1514.9160890509686,-2643.8636914642261,0.84582603122281663,0.18595248023580355,0.50000000000001177,5194.2683385649789,1514.0191614464065,-2646.2754033258389,9.6468474464516021
1,14,2,5198.3489617357318,1514.9162750034488,-2643.8641914642262,5206.5085164251768,1516.7101302125729,-2648.6876151874521,0.84582603122284339,0.18595248023578873,-0.49999999999997191,5202.4287390804548,1515.8132026080109,-2646.275903325839,9.6468474464523712
1,14,3,5206.5093622512077,1516.7103161650532,-2648.687115187452,5212.1847801539552,1517.9580408701734,-2645.3321593849314,0.84582603122280942,0.18595248023577712,0.50000000000003419,5209.347071202581,1517.3341785176133,-2647.0096372861917,6.7099116050408112
1,14,4,5212.1839343279244,1517.9582268226536,-2645.3316593849313,5209.7006433672595,1518.5041713741771,-2643.8636914642261,-0.84582603122280864,0.18595248023581643,0.50000000000002032,5210.942288847592,1518.2311990984153,-2644.5976754245785,2.9359358414102359
1,15,0,5185.4052630194492,1512.070639150603,-2645.8605253378628,5184.0001220703089,1510.0719707441283,-2647.7467740909819,-0.45524072330162779,-0.64753308311193536,-0.61111111111103378,5184.702692544879,1511.0713049473657,-2646.8036497144221,3.0865888687408374
1,15,1,5184.0005773110324,1510.0713232110452,-2647.747385202093,5184.7009916396582,1509.0750559035394,-2648.6876151874521,0.45524072330162124,-0.64753308311174362,-0.61111111111124194,5184.3507844753458,1509.5731895572922,-2648.2175001947726,1.5385581578600331
1,15,2,5184.7014468803818,1509.0744083704562,-2648.6870040763411,5187.8809897319343,1504.5518358496593,-2644.4188139400426,0.45524072330168197,-0.64753308311182389,0.61111111111111138,5186.291218306158,1506.8131221100577,-2646.5529090081918,6.9843111321247688
1,15,3,5187.8814449726578,1504.5524833827424,-2644.4182028289315,5188.294522316789,1505.1400433977371,-2643.8636914642257,0.45524072330072857,0.64753308311167579,0.61111111111197858,5188.0879836447239,1504.8462633902398,-2644.1409471465786,0.90738223315370903
1,15,4,5188.2949775575125,1505.1406909308203,-2643.8643025753368,5191.8880529939197,1510.2514709996951,-2648.6876151874521,0.45524072330160009,0.64753308311179814,-0.61111111111119953,5190.0915152757161,1507.6960809652578,-2646.2759588813942,7.892693365278582
1,16,0,5185.4052630194492,1512.070639150603,-2645.8605253378628,5185.0573254199744,1514.7556495919757,-2648.6876151874521,-0.088885843626031899,0.68592592058567892,-0.72222222222220323,5185.2312942197113,1513.4131443712895,-2647.2740702626575,3.9144320994315192
1,16,1,5185.0572365341304,1514.7563355178963,-2648.6868929652301,5184.486387125934,1519.1615410023701,-2644.0485826187928,-0.088885843625905889,0.68592592058568802,0.72222222222221022,5184.7718118300327,1516.9589382601332,-2646.3677377920112,6.4222758642978599
1,16,2,5184.48629824009,1519.1608550764495,-2644.0478603965707,5184.4636320711234,1518.9859418148872,-2643.8636914642257,-0.088885843621758137,-0.68592592058479596,0.72222222222356758,5184.4749651556067,1519.0733984456683,-2643.955775930398,0.25500313709270395
1,16,3,5184.4635431852794,1518.9852558889665,-2643.8644136864477,5184.0001220703089,1515.4090671288932,-2647.6298392460781,-0.088885843626014302,-0.68592592058567603,-0.72222222222220811,5184.2318326277946,1517.1971615089299,-2645.7471264662627,5.213666159488251
1,16,4,5184.0002109561528,1515.4083812029726,-2647.6305614683001,5184.1303054183463,1514.4044512170099,-2648.6876151874521,0.088885843625413505,-0.68592592058553725,-0.72222222222241383,5184.0652581872491,1514.9064162099912,-2648.1590883278759,1.4636128419023933
1,17,0,5185.4052630194492,1512.070639150603,-2645.8605253378628,5186.8391934187048,1510.8621210920467,-2648.6876151874521,0.4226756357083043,-0.35623147325034782,-0.83333333333334703,5186.1222282190774,1511.4663801213248,-2647.2740702626575,3.3925078195071716
1,17,1,5186.8396160943403,1510.8617648605734,-2648.6867818541186,5189.2859394502921,1508.8000009463201,-2643.8636914642257,0.42267563570828853,-0.35623147325034604,0.83333333333335602,5188.0627777723166,1509.8308829034468,-2646.2752366591722,5.7877084678714041
1,17,2,5189.2863621259276,1508.7996447148469,-2643.8645247975592,5191.7326854818793,1506.7378808005935,-2648.6876151874521,0.42267563570828853,-0.35623147325034604,-0.83333333333335602,5190.509523803903,1507.7687627577202,-2646.2760699925057,5.7877084678714041
1,17,3,5191.7331081575148,1506.7375245691203,-2648.6867818541186,5194.1794315134666,1504.6757606548674,-2643.8636914642261,0.42267563570832795,-0.35623147325030075,0.83333333333335524,5192.9562698354912,1505.7066426119939,-2646.2752366591722,5.7877084678708641
1,17,4,5194.1798541891021,1504.6754044233942,-2643.8645247975596,5194.3264707274448,1504.551835849659,-2644.1535891256103,0.42267563570655386,-0.35623147325167065,-0.83333333333366943,5194.2531624582734,1504.6136201365266,-2644.009056961585,0.34687719366069919
1,18,0,5185.4052630194492,1512.070639150603,-2645.8605253378628,5184.4222626305927,1512.0299889983496,-2648.6876151874526,-0.32839043169317406,-0.013579975347134059,-0.94444444444442677,5184.913762825021,1512.0503140744763,-2647.2740702626579,2.9933892525069146
1,18,1,5184.4219342401611,1512.0299754183743,-2648.6866707430081,5184.0001220703089,1512.0125321608525,-2647.4735472108696,-0.32839043169310828,-0.0135799753471338,0.94444444444444975,5184.211028155235,1512.0212537896134,-2648.0801089769388,1.284483739911372
1,18,2,5184.0004504607405,1512.0125185808772,-2647.4726027664251,5185.2552960447683,1511.9606267763331,-2643.8636914642261,0.32839043169298615,-0.013579975347135212,0.94444444444449216,5184.6278732527544,1511.9865726786052,-2645.6681471153256,3.8212002023281344
1,18,3,5185.2556244351999,1511.9606131963578,-2643.8646359086706,5186.9326105795126,1511.8912645543169,-2648.6876151874521,0.32839043169318571,-0.013579975347081922,-0.94444444444442344,5186.0941175073567,1511.9259388753374,-2646.2761255480614,5.106683942239381
1,18,4,5186.9329389699442,1511.8912509743416,-2648.6866707430077,5188.6099251142559,1511.8219023323009,-2643.8636914642261,0.32839043169302706,-0.0135799753470382,0.94444444444447928,5187.7714320421001,1511.8565766533211,-2646.2751811036169,5.10668394223908
2,19,0,5185.4052630194492,1512.070639150603,-2645.8605253378628,5186.007906721401,1512.0706391506028,-2644.1288139159806,0.32867109906168801,-1.2400553687624404E-13,0.94444444444423625,5185.7065848704251,1512.0706391506028,-2644.9946696269217,1.8335767996403911
2,19,1,5186.0082353925,1512.0706391506028,-2644.1297583604251,5187.5943909588914,1512.0706391506028,-2648.6876151874521,0.32867109906127207,0,-0.94444444444438114,5186.8013131756961,1512.0706391506028,-2646.4086867739388,4.8259660521466445
2,19,2,5187.5947196299903,1512.0706391506028,-2648.6866707430077,5189.1808751963808,1512.0706391506028,-2644.1288139159806,0.32867109906110392,0,0.94444444444443953,5188.3877974131856,1512.0706391506028,-2646.4077423294939,4.8259660521463461
2,19,3,5189.1812038674798,1512.0706391506028,-2644.1297583604251,5190.7673594338703,1512.0706391506028,-2648.6876151874526,0.32867109906107467,0,-0.94444444444444964,5189.974281650675,1512.0706391506028,-2646.4086867739388,4.8259660521467751
2,19,4,5190.7676881049692,1512.0706391506028,-2648.6866707430081,5192.3538436713598,1512.070639150603,-2644.1288139159801,0.32867109906104547,4.7114644609252333E-14,0.94444444444445985,5191.5607658881645,1512.0706391506028,-2646.4077423294939,4.825966052147205
2,20,0,5185.4052630194492,1512.070639150603,-2645.8605253378628,5184.5582566753956,1511.2947119564994,-2644.1288139159806,-0.40759598344487769,-0.37339130926539221,0.83333333333347404,5184.9817598474219,1511.6826755535512,-2644.9946696269217,2.0780537062583009
2,20,1,5184.5578490794123,1511.2943385651902,-2644.1296472493141,5184.0001220703089,1510.7834149383634,-2645.2699246967459,-0.40759598344511622,-0.37339130926535352,-0.833333333333375,5184.2789855748606,1511.0388767517768,-2644.69978597303,1.3683329369180908
2,20,2,5184.0005296662921,1510.7830415470542,-2645.2707580300794,5185.6717663703148,1509.2520518259773,-2648.6876151874526,0.4075959834454429,-0.37339130926524572,-0.83333333333326332,5184.836148018303,1510.0175466865157,-2646.9791866087662,4.1002285888482026
2,20,3,5185.672173966298,1509.2516784346681,-2648.6867818541191,5187.9015452754074,1507.209391695455,-2644.1288139159801,0.40759598344528369,-0.37339130926527919,0.83333333333332638,5186.7868596208527,1508.2305350650615,-2646.4077978850496,5.4695615257668129
2,20,4,5187.9019528713907,1507.2090183041457,-2644.1296472493136,5190.131324180501,1505.1667315649327,-2648.6876151874521,0.40759598344545056,-0.37339130926527975,-0.83333333333324444,5189.0166385259454,1506.1878749345392,-2646.4086312183827,5.4695615257668049
2,21,0,5185.4052630194492,1512.070639150603,-2645.8605253378628,5185.5502527555236,1513.7227224106118,-2644.1288139159806,0.060468971945258958,0.68901274673281876,0.72222222222220511,5185.4777578874864,1512.8966807806073,-2644.9946696269217,2.3977542764523472
2,21,1,5185.5503132244958,1513.7234114233586,-2644.1295361382026,5185.9301209824444,1518.0511249286108,-2648.6658395371242,0.060468971944884188,0.68901274673282731,-0.72222222222222821,5185.7402171034701,1515.8872681759847,-2646.3976878376634,6.2810354754297428
2,21,2,5185.9301814514165,1518.050435915864,-2648.6665617593462,5185.9319441763982,1518.0303505738723,-2648.6876151874521,0.060468971945090842,-0.68901274673162916,-0.72222222222335397,5185.9310628139074,1518.040393244868,-2648.6770884733992,0.029150900454298682
2,21,3,5185.9320046453704,1518.0296615611255,-2648.6868929652301,5186.3136355972729,1513.6811737011346,-2644.128813915981,0.060468971944920256,-0.68901274673288981,0.72222222222216537,5186.1228201213216,1515.85541763113,-2646.4078534406053,6.3111863758837892
2,21,4,5186.313696066245,1513.6804846883879,-2644.1295361382031,5186.6953270181466,1509.3319968283981,-2648.6876151874521,0.060468971944784192,-0.68901274673280133,-0.7222222222222614,5186.5045115421963,1511.506240758393,-2646.4085756628274,6.3111863758829507
2,22,0,5185.4052630194492,1512.070639150603,-2645.8605253378628,5186.7699963548403,1510.29058618269,-2644.1288139159806,0.48160663169538181,-0.62817056774705504,0.61111111111104133,5186.0876296871447,1511.1806126666465,-2644.9946696269217,2.8337095994439401
2,22,1,5186.7704779614724,1510.2899580121223,-2644.1294250270917,5190.3627127774398,1505.6045238105967,-2648.6876151874521,0.48160663169532675,-0.62817056774700175,-0.61111111111113936,5188.5665953694561,1507.9472409113596,-2646.4085201072721,7.4588566260440796
2,22,2,5190.3631943840719,1505.6038956400289,-2648.6870040763411,5191.1697889588531,1504.5518358496593,-2647.6635154564369,0.4816066316954033,-0.62817056774714808,0.61111111111092875,5190.7664916714621,1505.0778657448441,-2648.175259766389,1.6747995598436189
2,22,3,5191.1702705654852,1504.552464020227,-2647.6629043453258,5193.9554292000403,1508.1852102608168,-2644.1288139159806,0.48160663169528961,0.62817056774709401,0.61111111111107386,5192.5628498827627,1506.3688371405219,-2645.8958591306532,5.7830570662017031
2,22,4,5193.9559108066724,1508.1858384313846,-2644.1294250270917,5197.5481456226389,1512.8712726329111,-2648.6876151874521,0.48160663169519624,0.62817056774711255,-0.61111111111112859,5195.7520282146561,1510.5285555321479,-2646.4085201072721,7.4588566260442128
2,23,0,5185.4052630194492,1512.070639150603,-2645.8605253378628,5184.0001220703089,1512.3191887995404,-2645.036673001794,-0.85278689373229077,0.15084599390915518,0.49999999999998984,5184.702692544879,1512.1949139750718,-2645.4485991698284,1.6477046721375126
2,23,1,5184.0009748572029,1512.3193396455342,-2645.0361730017939,5185.5485427297826,1512.5930826117981,-2644.1288139159806,0.85278689373209537,0.15084599390915024,0.50000000000032452,5184.7747587934928,1512.4562111286662,-2644.5824934588873,1.8147181716255589
2,23,2,5185.5493955166767,1512.5932334577919,-2644.1293139159807,5193.3239146806663,1513.9684364294576,-2648.6876151874521,0.85278689373232075,0.15084599390920864,-0.49999999999992256,5189.4366550986715,1513.2808349436248,-2646.4084645517164,9.1166025429443405
2,23,3,5193.3247674675604,1513.9685872754515,-2648.687115187452,5201.0992866315501,1515.3437902471173,-2644.128813915981,0.85278689373233885,0.15084599390923678,0.49999999999988326,5197.2120270495552,1514.6561887612843,-2646.4079645517168,9.1166025429441468
2,23,4,5201.1001394184441,1515.3439410931112,-2644.1293139159811,5208.8746585824329,1516.7191440647769,-2648.6876151874521,0.85278689373231464,0.15084599390922521,-0.49999999999992761,5204.987399000438,1516.031542578944,-2646.4084645517169,9.1166025429433386
2,24,0,5185.4052630194492,1512.070639150603,-2645.8605253378628,5188.8667311664476,1514.2725418458385,-2644.1288139159806,0.77733881326900955,0.4944793236166054,0.38888888888883461,5187.1359970929479,1513.1715904982207,-2644.9946696269217,4.4529722276977326
2,24,1,5188.867508505261,1514.2730363251621,-2644.1292028048692,5194.8067960976123,1518.0511249286108,-2647.1005235637895,0.7773388132690453,0.4944793236165515,-0.38888888888883172,5191.8371523014366,1516.1620806268866,-2645.6148631843294,7.6405390943674254
2,24,2,5194.8075734364256,1518.0506304492872,-2647.1009124526781,5197.9791878900651,1516.0331089476747,-2648.6876151874521,0.77733881326899756,-0.49447932361655311,-0.38888888888892487,5196.3933806632449,1517.0418696984809,-2647.8942638200651,4.0800927465613563
2,24,3,5197.9799652288784,1516.0326144683511,-2648.6872262985635,5207.0916446136816,1510.2365098839666,-2644.1288139159806,0.77733881326901422,-0.49447932361656749,0.38888888888887319,5202.53580492128,1513.1345621761589,-2646.408020107272,11.721631840927934
2,24,4,5207.092421952495,1510.236015404643,-2644.1292028048692,5210.3151887190697,1508.1859549886356,-2645.7414961390073,0.77733881326919096,-0.49447932361642588,-0.38888888888870016,5208.7038053357828,1509.2109851966393,-2644.935349471938,4.1458971449283757
2,25,0,5185.4052630194492,1512.070639150603,-2645.8605253378628,5184.0001220703089,1506.8435848584093,-2644.2954241876464,-0.24938767073474166,-0.92770970451879609,0.27777777777775553,5184.702692544879,1509.4571120045061,-2645.0779747627548,5.6343641407794136
2,25,1,5184.0003714579798,1506.8426571487048,-2644.2951464098687,5184.1497040415652,1506.2871473811799,-2644.1288139159806,0.24938767073412277,-0.9277097045189735,0.27777777777771812,5184.0750377497725,1506.5649022649422,-2644.2119801629246,0.5987969779974639
2,25,2,5184.1499534292361,1506.2862196714755,-2644.1290916937583,5184.6161918865637,1504.5518358496593,-2644.6484063904691,0.2493876707346796,-0.92770970451880275,-0.27777777777778889,5184.3830726578999,1505.4190277605674,-2644.3887490421139,1.8695329081588332
2,25,3,5184.6164412742346,1504.5527635593637,-2644.6486841682467,5188.242575831131,1518.041803368,-2648.6876151874526,0.24938767073472223,0.92770970451878909,-0.27777777777779605,5186.4295085526828,1511.2972834636819,-2646.6681496778497,14.540151669140094
2,25,4,5188.242825218802,1518.0427310777045,-2648.6873374096749,5188.2450816605706,1518.051124928611,-2648.6848240962531,0.24938767077529117,0.92770970450593504,0.27777777778430301,5188.2439534396863,1518.0469280031577,-2648.6860807529638,0.0090479283182196973
2,26,0,5185.4052630194492,1512.070639150603,-2645.8605253378628,5184.0001220703089,1514.7761525433714,-2645.3452106266591,-0.45446045513248262,0.87503595180026128,0.16666666666669672,5184.702692544879,1513.4233958469872,-2645.6028679822612,3.0918882672216452
2,26,1,5184.0005765307642,1514.7770275793232,-2645.3450439599924,5185.7010184022611,1518.0511249286108,-2644.7214319924783,0.45446045513273436,0.87503595180015237,0.16666666666658184,5184.8507974665126,1516.4140762539669,-2645.0332379762353,3.741671805086384
2,26,2,5185.7014728627164,1518.0502498926589,-2644.7212653258116,5187.3169472868503,1514.9397521928781,-2644.128813915981,0.45446045513251532,-0.87503595180026783,0.16666666666657187,5186.5092100747834,1516.4950010427685,-2644.4250396208963,3.5547084589854632
2,26,3,5187.3174017473057,1514.9388771569263,-2644.1289805826477,5192.7120366880426,1504.5518358496593,-2646.1073833530122,0.4544604551326637,-0.87503595180019389,-0.16666666666655591,5190.0147192176737,1509.7453565032929,-2645.11818196783,11.870416622194783
2,26,4,5192.712491148498,1504.5527108856111,-2646.1075500196789,5199.7230549738242,1518.0511249286108,-2648.6785708665402,0.45446045513264127,0.87503595180021021,-0.16666666666653193,5196.2177730611611,1511.3019179071109,-2647.3930604431098,15.426125081180283
2,28,0,5185.4052630194492,1512.070639150603,-2645.8605253378628,5184.0001220703089,1511.4906173931606,-2645.9451085690075,-0.92291799458142065,-0.38096713181680819,-0.05555555555552906,5184.702692544879,1511.7806282718818,-2645.9028169534349,1.5224981606059358
2,29,0,5185.4052630194492,1512.070639150603,-2645.8605253378628,5188.2038818000956,1518.0511249286108,-2646.9766215602936,0.41791778707506877,0.89306603645446869,-0.16666666666668289,5186.8045724097719,1515.0608820396069,-2646.4185734490784,6.6965773345839654
2,29,1,5188.2042997178823,1518.0502318625743,-2646.9767882269603,5192.4942098222646,1508.8829431465817,-2648.6876151874521,0.41791778707513411,-0.89306603645443206,-0.16666666666671584,5190.3492547700735,1513.466587504578,-2647.832201707206,10.264961762948287
2,29,2,5192.4946277400513,1508.8820500805452,-2648.6874485207854,5194.5209880259245,1504.5518358496593,-2647.8793309322145,0.41791778707518967,-0.89306603645442428,0.166666666666617,5193.5078078829883,1506.7169429651021,-2648.2833897265,4.8487055314268117
2,29,3,5194.5214059437112,1504.5527289156958,-2647.8791642655478,5200.8380942517533,1518.0511249286108,-2645.3600530498179,0.4179177870751315,0.89306603645443294,0.16666666666671656,5197.6797500977318,1511.3019269221531,-2646.6196086576829,15.11466729437509
2,29,4,5200.8385121695401,1518.0502318625743,-2645.3598863831512,5203.925434656795,1511.4536578095085,-2644.1288139159806,0.41791778707517846,-0.89306603645442151,0.16666666666665941,5202.3819734131675,1514.7519448360413,-2644.7443501495659,7.3864348030241249
2,30,0,5185.4052630194492,1512.070639150603,-2645.8605253378628,5187.7636167449928,1504.5518358496595,-2648.1390831493059,0.28750565546568146,-0.91661333409900747,-0.27777777777775919,5186.584439882221,1508.3112375001313,-2646.9998042435845,8.2028081211956341
2,30,1,5187.763904250648,1504.5527524629936,-2648.1393609270835,5188.3313585724081,1506.3618862589035,-2648.6876151874521,0.28750565546529755,0.91661333409912693,-0.27777777777776236,5188.0476314115276,1505.4573193609485,-2648.4134880572678,1.9737153373270488
2,30,2,5188.3316460780634,1506.3628028722376,-2648.6873374096745,5191.9978143183635,1518.0511249286108,-2645.1452155508837,0.2875056554655,0.91661333409903401,0.2777777777778595,5190.1647301982139,1512.2069639004242,-2646.9162764802791,12.751638691643052
2,30,3,5191.9981018240187,1518.0502083152767,-2645.144937773106,5193.0498107040949,1514.697194679743,-2644.1288139159806,0.28750565546530882,-0.91661333409909718,0.27777777777784834,5192.5239562640563,1516.37370149751,-2644.6368758445433,3.6580458856505884
2,30,4,5193.0500982097501,1514.6962780664089,-2644.1290916937583,5196.2320118917351,1504.551835849659,-2647.2033439557922,0.2875056554655917,-0.91661333409901458,-0.27777777777782886,5194.6410550507426,1509.6240569580341,-2645.6662178247752,11.06730814332019
2,31,0,5185.4052630194492,1512.070639150603,-2645.8605253378628,5184.0001220703089,1512.8849470521384,-2646.5460600431106,-0.79710581865581387,0.46193911499650875,-0.38888888888895601,5184.702692544879,1512.4777931013707,-2646.2032926904867,1.7628035277798724
2,31,1,5184.0009191761274,1512.8854089912534,-2646.5464489319993,5188.3896690985221,1515.4287792786654,-2648.6876151874517,0.79710581865584862,0.46193911499662466,-0.38888888888874756,5186.1952941373247,1514.1570941349594,-2647.6170320597257,5.5058560854510041
2,31,2,5188.3904662043406,1515.4292412177804,-2648.687226298563,5192.9146961166689,1518.0511249286108,-2646.4799625921582,0.79710581865583896,0.46193911499654883,0.38888888888885714,5190.6525811605043,1516.7401830731956,-2647.5835944453606,5.6758209593270248
2,31,3,5192.9154932224874,1518.0506629894958,-2646.4795737032696,5197.7338471488856,1515.2583284005275,-2644.1288139159806,0.79710581865583874,-0.46193911499655649,0.3888888888888487,5195.324670185686,1516.6544956950115,-2645.3041938096248,6.0448108816009292
2,31,4,5197.7346442547041,1515.2578664614125,-2644.1292028048692,5207.078025199251,1509.8431862224979,-2648.6876151874521,0.79710581865585606,-0.46193911499655749,-0.38888888888881201,5202.4063347269775,1512.5505263419552,-2646.4084089961607,11.721631840929778
2,32,0,5185.4052630194492,1512.070639150603,-2645.8605253378628,5190.187715394226,1513.1220478893642,-2648.6876151874521,0.84582603122281252,0.18595248023580968,-0.50000000000001665,5187.7964892068376,1512.5963435199837,-2647.2740702626575,5.654179699178524
2,32,1,5190.1885612202568,1513.1222338418445,-2648.687115187452,5197.8996209673896,1514.8174886960292,-2644.1288139159806,0.84582603122280131,0.18595248023585415,0.50000000000001898,5194.0440910938232,1513.9698612689367,-2646.4079645517163,9.1166025429425819
2,32,2,5197.9004667934205,1514.8176746485094,-2644.1293139159807,5205.6115265405542,1516.5129295026939,-2648.6876151874521,0.84582603122283362,0.1859524802358144,-0.49999999999997913,5201.7559966669869,1515.6653020756016,-2646.4084645517164,9.1166025429433084
2,32,3,5205.6123723665851,1516.5131154551741,-2648.687115187452,5210.3151887190688,1517.5470164378307,-2645.9071012254285,0.84582603122277666,0.18595248023579078,0.50000000000008404,5207.9637805428265,1517.0300659465024,-2647.2971082064405,5.5600279240461283
2,32,4,5210.314342893038,1517.547202390311,-2645.9066012254284,5208.0221938446721,1518.0511249286108,-2644.5516245731665,-0.84582603122293898,0.18595248023585273,0.49999999999978639,5209.168268368855,1517.7991636594609,-2645.2291128992974,2.7099533045250359
2,33,0,5185.4052630194492,1512.070639150603,-2645.8605253378628,5184.000122070308,1510.0719707441283,-2647.7467740909824,-0.45524072330182042,-0.64753308311179014,-0.6111111111110441,5184.702692544879,1511.0713049473657,-2646.8036497144226,3.0865888687415293
2,33,1,5184.0005773110315,1510.0713232110452,-2647.7473852020935,5184.7009916396573,1509.0750559035398,-2648.6876151874517,0.45524072330187282,-0.64753308311180591,-0.61111111111098848,5184.350784475344,1509.5731895572926,-2648.2175001947726,1.5385581578591827
2,33,2,5184.7014468803809,1509.0744083704567,-2648.6870040763406,5187.8809897319325,1504.5518358496595,-2644.4188139400412,0.45524072330153292,-0.64753308311182967,0.6111111111112163,5186.2912183061562,1506.813122110058,-2646.5529090081909,6.9843111321250575
2,33,3,5187.881444972656,1504.5524833827426,-2644.4182028289301,5188.0970221658235,1504.8591197564124,-2644.128813915981,0.45524072330260351,0.64753308311166424,0.61111111111059413,5187.9892335692402,1504.7058015695775,-2644.2735083724556,0.47354549391712142
2,33,4,5188.0974774065471,1504.8597672894955,-2644.1294250270921,5191.4930526919907,1509.689623717047,-2648.6876151874521,0.4552407233016561,0.6475330831118562,-0.61111111111109662,5189.7952650492689,1507.2746955032712,-2646.4085201072721,7.4588566260438585
2,34,0,5185.4052630194492,1512.070639150603,-2645.8605253378628,5185.0573254199753,1514.755649591976,-2648.6876151874521,-0.08888584362579785,0.68592592058572388,-0.72222222222218935,5185.2312942197123,1513.4131443712895,-2647.2740702626575,3.9144320994315942
2,34,1,5185.0572365341313,1514.7563355178966,-2648.6868929652301,5184.6302806084968,1518.0511249286108,-2645.2177572195969,-0.088885843625705008,0.68592592058571389,0.72222222222221033,5184.8437585713145,1516.4037302232537,-2646.9523250924135,4.8034187247228868
2,34,2,5184.6301917226529,1518.0504390026902,-2645.2170349973749,5184.4962614088308,1517.0169080144585,-2644.1288139159806,-0.08888584362611375,-0.68592592058569068,0.72222222222218202,5184.5632265657423,1517.5336735085743,-2644.6729244566777,1.506767651161415
2,34,3,5184.4961725229869,1517.0162220885379,-2644.1295361382026,5184.0001220703089,1513.1882349813645,-2648.1600841495974,-0.088885843625879424,-0.68592592058568302,-0.72222222222221799,5184.2481472966483,1515.1022285349513,-2646.1448101439,5.5807587850081966
2,34,4,5184.0002109561528,1513.1875490554439,-2648.1608063718195,5184.0650467429323,1512.6872157636717,-2648.6876151874521,0.088885843626470867,-0.68592592058566038,-0.72222222222216681,5184.0326288495426,1512.9373824095578,-2648.4242107796358,0.72942759087603082
2,35,0,5185.4052630194492,1512.070639150603,-2645.8605253378628,5186.8391934187048,1510.8621210920467,-2648.6876151874521,0.4226756357083043,-0.35623147325034782,-0.83333333333334703,5186.1222282190774,1511.4663801213248,-2647.2740702626575,3.3925078195071716
2,35,1,5186.8396160943403,1510.8617648605734,-2648.6867818541186,5189.1514664892893,1508.9133349002159,-2644.1288139159801,0.42267563570831457,-0.35623147325041632,0.83333333333331283,5187.9955412918152,1509.8875498803945,-2646.4077978850491,5.4695615257663555
2,35,2,5189.1518891649248,1508.9129786687427,-2644.1296472493136,5191.4637395598747,1506.9645487083853,-2648.6876151874521,0.42267563570845734,-0.35623147325035498,-0.83333333333326665,5190.3078143623998,1507.938763688564,-2646.4086312183827,5.4695615257666592
2,35,3,5191.4641622355102,1506.9641924769121,-2648.6867818541186,5193.7760126304584,1505.015762516555,-2644.1288139159806,0.42267563570821981,-0.35623147325039345,0.83333333333337078,5192.6200874329843,1505.9899774967334,-2646.4077978850496,5.46956152576543
2,35,4,5193.7764353060938,1505.0154062850818,-2644.1296472493141,5194.3264707274448,1504.5518358496593,-2645.2140789326259,0.4226756357081134,-0.35623147325033222,-0.8333333333334505,5194.0514530167693,1504.7836210673704,-2644.67186309097,1.3013180199739498
2,36,0,5185.4052630194492,1512.070639150603,-2645.8605253378628,5184.4222626305927,1512.0299889983496,-2648.6876151874521,-0.32839043169322119,-0.013579975347136007,-0.94444444444441034,5184.913762825021,1512.0503140744763,-2647.2740702626575,2.9933892525064851
2,36,1,5184.4219342401611,1512.0299754183743,-2648.6866707430077,5184.0001220703089,1512.0125321608525,-2647.4735472108682,-0.32839043169288867,-0.013579975347124721,0.94444444444452624,5184.211028155235,1512.0212537896134,-2648.0801089769379,1.2844837399122309
2,36,2,5184.0004504607405,1512.0125185808772,-2647.4726027664237,5185.1631109756563,1511.9644389183602,-2644.1288139159806,0.32839043169299059,-0.013579975347109427,0.94444444444449094,5184.5817807181984,1511.9884787496187,-2645.8007083412022,3.540482312233761
2,36,3,5185.1634393660879,1511.9644253383849,-2644.1297583604251,5186.7482404412904,1511.8988888383708,-2648.6876151874521,0.328390431693449,-0.013579975347101706,-0.94444444444433173,5185.9558399036887,1511.931657088378,-2646.4086867739388,4.8259660521468968
2,36,4,5186.748568831722,1511.8988752583955,-2648.6866707430077,5188.3333699069226,1511.8333387583812,-2644.1288139159806,0.32839043169311255,-0.013579975347150492,0.94444444444444797,5187.5409693693218,1511.8661070083883,-2646.4077423294939,4.8259660521463026
3,37,0,5185.4052630194492,1512.070639150603,-2645.8605253378628,5186.0922158428411,1512.070639150603,-2643.8865495928062,0.32867109906121272,0,0.94444444444440157,5185.7487394311447,1512.070639150603,-2644.8735374653343,2.0900919653541181
3,37,1,5186.0925445139401,1512.070639150603,-2643.8874940372507,5187.7630092017725,1512.0706391506028,-2648.6876151874521,0.32867109906125724,-4.4736746816535944E-14,-0.94444444444438624,5186.9277768578559,1512.0706391506028,-2646.2875546123514,5.0824812178606704
3,37,2,5187.7633378728715,1512.0706391506028,-2648.6866707430077,5189.4338025607021,1512.0706391506026,-2643.8865495928057,0.32867109906091013,-4.4736746816537408E-14,0.9444444444445067,5188.5985702167873,1512.0706391506028,-2646.2866101679065,5.0824812178605034
3,37,3,5189.4341312318011,1512.0706391506026,-2643.8874940372502,5191.1045959196317,1512.0706391506026,-2648.6876151874521,0.32867109906091013,0,-0.9444444444445067,5190.2693635757169,1512.0706391506026,-2646.2875546123514,5.0824812178605034
3,37,4,5191.1049245907307,1512.0706391506026,-2648.6866707430077,5192.7753892785622,1512.0706391506021,-2643.8865495928057,0.32867109906106978,-8.9473493633069565E-14,0.9444444444444513,5191.9401569346464,1512.0706391506023,-2646.2866101679065,5.0824812178608019
3,38,0,5185.4052630194492,1512.070639150603,-2645.8605253378628,5184.4397615173248,1511.1861606851171,-2643.8865495928057,-0.40759598344527947,-0.37339130926535702,0.83333333333329362,5184.9225122683874,1511.62839991786,-2644.8735374653343,2.3687708940685517
3,38,1,5184.4393539213415,1511.1857872938078,-2643.8873829261393,5184.0001220703089,1510.7834149383648,-2644.7853960503926,-0.40759598344563686,-0.37339130926538161,-0.83333333333310777,5184.2197379958252,1510.9846011160862,-2644.3363894882659,1.0776157491042986
3,38,2,5184.0005296662921,1510.7830415470555,-2644.7862293837261,5185.9087566864546,1509.0349492832122,-2648.6876151874521,0.40759598344516512,-0.37339130926541014,-0.83333333333332549,5184.9546431763738,1509.9089954151339,-2646.7369222855891,4.6816629644712959
3,38,3,5185.9091642824378,1509.0345758919029,-2648.6867818541186,5188.2570307496162,1506.8837378813075,-2643.8865495928053,0.40759598344519193,-0.37339130926534303,0.8333333333333427,5187.083097516027,1507.9591568866053,-2646.2866657234617,5.7602787135759437
3,38,4,5188.2574383455994,1506.8833644899983,-2643.8873829261388,5190.6053048127778,1504.7325264794024,-2648.6876151874521,0.40759598344517994,-0.37339130926541098,-0.83333333333331816,5189.4313715791886,1505.8079454847002,-2646.2874990567952,5.7602787135761133
3,39,0,5185.4052630194492,1512.070639150603,-2645.8605253378628,5185.5705366433767,1513.9538468507212,-2643.8865495928057,0.060468971944855301,0.68901274673273483,0.72222222222231891,5185.4878998314125,1513.0122430006622,-2644.8735374653343,2.7331971854632178
3,39,1,5185.5705971123489,1513.954535863468,-2643.8872718150278,5185.9725119521045,1518.5341481635685,-2648.6876151874521,0.060468971944766962,0.68901274673283575,-0.72222222222222998,5185.7715545322262,1516.2443420135182,-2646.28744350124,6.6466292848951438
3,39,2,5185.9725724210766,1518.5348371763152,-2648.6868929652301,5186.0151190399174,1519.0196339533834,-2648.1787296441294,0.060468971945245649,0.68901274673265844,0.72222222222235899,5185.993845730497,1518.7772355648494,-2648.4328113046795,0.70361075229315773
3,39,3,5186.0151795088896,1519.0189449406366,-2648.1780074219073,5186.3744872608331,1514.9248184303517,-2643.8865495928057,0.060468971944831987,-0.68901274673277602,0.72222222222228161,5186.1948333848613,1516.9718816854943,-2646.0322785073568,5.9420185326016517
3,39,4,5186.3745477298053,1514.9241294176049,-2643.8872718150278,5186.7764625695618,1510.3445171175049,-2648.6876151874521,0.060468971944906143,-0.68901274673279411,-0.72222222222225796,5186.5755051496835,1512.6343232675549,-2646.28744350124,6.6466292848948862
3,40,0,5185.4052630194492,1512.070639150603,-2645.8605253378628,5186.9609208897455,1510.0415589359807,-2643.8865495928057,0.48160663169543222,-0.62817056774701174,0.61111111111104599,5186.1830919545973,1511.0560990432919,-2644.8735374653343,3.2301421282754879
3,40,1,5186.9614024963776,1510.0409307654129,-2643.8871607039168,5190.7445618472493,1505.106469317177,-2648.6876151874521,0.48160663169522633,-0.62817056774709179,-0.61111111111112604,5188.852982171813,1507.5737000412951,-2646.2873879456847,7.8552891548757611
3,40,2,5190.7450434538814,1505.1058411466092,-2648.6870040763411,5191.1697889588522,1504.5518358496595,-2648.1480441027875,0.48160663169574663,-0.62817056774716407,0.61111111111064176,5190.9574162063673,1504.8288384981342,-2648.4175240895643,0.88193450217925284
3,40,3,5191.1702705654843,1504.5524640202273,-2648.1474329916764,5194.528202804755,1508.9322920009458,-2643.8865495928057,0.48160663169530743,0.62817056774703639,0.61111111111111893,5192.8492366851196,1506.7423780105864,-2646.0169912922411,6.9723546526973319
3,40,4,5194.5286844113871,1508.9329201715136,-2643.8871607039168,5198.3118437622607,1513.8673816197497,-2648.6876151874521,0.48160663169539547,0.62817056774703928,-0.61111111111104688,5196.4202640868243,1511.4001508956317,-2646.2873879456847,7.8552891548767789
3,41,0,5185.4052630194492,1512.070639150603,-2645.8605253378628,5184.0001220703089,1512.3191887995404,-2645.036673001794,-0.85278689373229077,0.15084599390915518,0.49999999999998984,5184.702692544879,1512.1949139750718,-2645.4485991698284,1.6477046721375126
3,41,1,5184.0009748572029,1512.3193396455342,-2645.0361730017939,5185.9617424090284,1512.6661718170346,-2643.8865495928057,0.8527868937322165,0.15084599390930692,0.50000000000007083,5184.9813586331156,1512.4927557312844,-2644.4613612972998,2.2992468179760559
3,41,2,5185.9625951959224,1512.6663226630285,-2643.8870495928059,5194.1503140391551,1514.11461483993,-2648.6876151874521,0.85278689373227001,0.15084599390921033,-0.50000000000000855,5190.0564546175392,1513.3904687514791,-2646.287332390129,9.6011311892924098
3,41,3,5194.1511668260491,1514.1147656859239,-2648.687115187452,5202.3388856692809,1515.5630578628252,-2643.8865495928057,0.85278689373224714,0.15084599390919939,0.50000000000005074,5198.245026247665,1514.8389117743745,-2646.2868323901289,9.601131189291598
3,41,4,5202.3397384561749,1515.563208708819,-2643.8870495928059,5210.5274572994049,1517.0115008857201,-2648.6876151874521,0.85278689373219851,0.15084599390920059,-0.50000000000013334,5206.4335978777899,1516.2873547972695,-2646.287332390129,9.6011311892900135
3,42,0,5185.4052630194492,1512.070639150603,-2645.8605253378628,5189.3509863530944,1514.5805853566774,-2643.8865495928053,0.7773388132689768,0.49447932361651864,0.38888888888901041,5187.3781246862718,1513.3256122536402,-2644.8735374653343,5.075937630146238
3,42,1,5189.3517636919078,1514.581079836001,-2643.886938481694,5196.3293262015022,1519.0196339533834,-2647.3776898570145,0.77733881326902809,0.4944793236165404,-0.38888888888888029,5192.8405449467045,1516.8003568946922,-2645.6323141693542,8.9762178222530213
3,42,2,5196.3301035403156,1519.0191394740598,-2647.3780787459032,5198.9476982633605,1517.3540399755418,-2648.6876151874521,0.77733881326913945,-0.49447932361635666,-0.38888888888889156,5197.6389009018385,1518.1865897248008,-2648.0328469666774,3.3673794211259027
3,42,3,5198.9484756021739,1517.3535454962182,-2648.6872262985635,5208.5444101736248,1511.2493974009938,-2643.8865495928057,0.77733881326900545,-0.49447932361658214,0.3888888888888723,5203.7464428878993,1514.301471448606,-2646.2868879456846,12.34459724337753
3,42,4,5208.5451875124381,1511.2489029216702,-2643.8869384816944,5212.2705596087308,1508.8791261358592,-2645.7506763917213,0.7773388132690302,-0.49447932361655372,-0.38888888888885909,5210.4078735605844,1510.0640145287648,-2644.8188074367081,4.7924689114980703
3,43,0,5185.4052630194492,1512.070639150603,-2645.8605253378628,5184.0001220703089,1506.8435848584095,-2644.2954241876464,-0.24938767073475096,-0.92770970451879042,0.27777777777776591,5184.702692544879,1509.4571120045061,-2645.0779747627548,5.6343641407792031
3,43,1,5184.0003714579798,1506.842657148705,-2644.2951464098687,5184.3672078884965,1505.4780439119752,-2643.8865495928057,0.24938767073444876,-0.92770970451889156,0.27777777777769985,5184.1837896732377,1506.1603505303401,-2644.0908480013372,1.4709485414271091
3,43,2,5184.3674572761674,1505.4771162022707,-2643.8868273705834,5184.6161918865646,1504.5518358496593,-2644.1638777441199,0.24938767073545665,-0.92770970451847778,-0.27777777777817658,5184.491824581366,1505.014476025965,-2644.0253525573517,0.99738134472975204
3,43,3,5184.6164412742355,1504.5527635593637,-2644.1641555218976,5188.505437037471,1519.0196339533834,-2648.4958716717606,0.24938767073475002,0.92770970451881007,-0.27777777777770096,5186.5609391558537,1511.7861987563736,-2646.3300135968293,15.594178139511261
3,43,4,5188.5056864251419,1519.0187062436789,-2648.4961494495383,5188.6775835249964,1518.3792576003548,-2648.6876151874521,0.24938767073556506,-0.92770970451861268,-0.27777777777762874,5188.5916349750696,1518.6989819220169,-2648.5918823184952,0.68927665649026193
3,44,0,5185.4052630194492,1512.070639150603,-2645.8605253378628,5184.0001220703089,1514.7761525433716,-2645.3452106266591,-0.45446045513245331,0.87503595180027838,0.16666666666668595,5184.702692544879,1513.4233958469872,-2645.6028679822612,3.0918882672218446
3,44,1,5184.0005765307642,1514.7770275793234,-2645.3450439599924,5186.2040252230572,1519.0196339533834,-2644.5369616624721,0.45446045513255556,0.87503595180021798,0.16666666666672419,5185.1023008769107,1516.8983307663534,-2644.9410028112325,4.8484937851200449
3,44,2,5186.2044796835125,1519.0187589174316,-2644.5367949958054,5187.9775446142821,1515.6048302867257,-2643.8865495928057,0.45446045513230598,-0.87503595180036087,0.16666666666665442,5187.0910121488978,1517.3117946020786,-2644.2116722943056,3.9014724179981521
3,44,3,5187.9779990747375,1515.6039552507739,-2643.8867162594725,5193.7180503296331,1504.5518358496593,-2645.9917953666741,0.45446045513254868,-0.87503595180024629,-0.16666666666659519,5190.8480247021853,1510.0778955502165,-2644.939255813073,12.630474643215129
3,46,0,5185.4052630194492,1512.070639150603,-2645.8605253378628,5184.0001220703089,1511.4906173931606,-2645.9451085690075,-0.92291799458142065,-0.38096713181680819,-0.05555555555552906,5184.702692544879,1511.7806282718818,-2645.9028169534349,1.5224981606059358
3,47,0,5185.4052630194492,1512.070639150603,-2645.8605253378628,5188.6571037701115,1519.0196339533834,-2647.1573676240851,0.41791778707518629,0.89306603645442673,-0.1666666666666132,5187.0311833947799,1515.5451365519932,-2646.5089464809739,7.7810537173361309
3,47,1,5188.6575216878982,1519.0187408873469,-2647.1575342907518,5192.4942098222664,1510.8199611961252,-2648.6876151874521,0.41791778707513172,-0.89306603645442928,-0.16666666666673549,5190.5758657550823,1514.919351041736,-2647.9225747391019,9.1804853801985082
3,47,2,5192.4946277400531,1510.8190681300887,-2648.6874485207854,5195.4274319659553,1504.5518358496593,-2647.5178388046306,0.41791778707517968,-0.89306603645441818,0.16666666666667443,5193.9610298530042,1507.6854519898739,-2648.102643662708,7.0176582969285306
3,48,0,5185.4052630194492,1512.070639150603,-2645.8605253378628,5187.7636167449919,1504.551835849659,-2648.1390831493063,0.28750565546556073,-0.91661333409903156,-0.2777777777778051,5186.584439882221,1508.311237500131,-2646.9998042435845,8.2028081211959147
3,48,1,5187.7639042506471,1504.5527524629931,-2648.139360927084,5188.3313585724072,1506.3618862589012,-2648.6876151874521,0.28750565546555878,0.91661333409903833,-0.2777777777777844,5188.0476314115276,1505.4573193609472,-2648.4134880572683,1.9737153373252552
3,48,2,5188.3316460780625,1506.3628028722353,-2648.6873374096745,5192.3015976167653,1519.0196339533834,-2644.8517108912311,0.28750565546554224,0.9166133340990652,0.27777777777771268,5190.3166218474144,1512.6912184128093,-2646.7695241504525,13.808255466399496
3,48,3,5192.3018851224206,1519.0187173400493,-2644.8514331134534,5193.3005592110067,1515.8347869768886,-2643.8865495928057,0.28750565546555751,-0.91661333409903534,0.27777777777779555,5192.8012221667141,1517.4267521584688,-2644.3689913531298,3.4735806743312017
3,48,4,5193.3008467166619,1515.8338703635545,-2643.8868273705834,5196.8395784885397,1504.5518358496595,-2647.3058246287478,0.28750565546561524,-0.91661333409903456,-0.27777777777773838,5195.0702126026008,1510.1928531066069,-2645.5963259996656,12.308390129393519
3,49,0,5185.4052630194492,1512.070639150603,-2645.8605253378628,5184.0001220703089,1512.8849470521386,-2646.5460600431106,-0.79710581865576646,0.46193911499661028,-0.38888888888893286,5184.702692544879,1512.4777931013709,-2646.2032926904867,1.7628035277799772
3,49,1,5184.0009191761274,1512.8854089912536,-2646.5464489319993,5188.3896690985221,1515.4287792786658,-2648.6876151874521,0.79710581865580787,0.46193911499664236,-0.38888888888881024,5186.1952941373247,1514.1570941349596,-2647.6170320597257,5.5058560854512857
3,49,2,5188.3904662043406,1515.4292412177808,-2648.6872262985635,5194.5859210768504,1519.0196339533834,-2645.6646118537292,0.79710581865586527,0.46193911499660045,0.38888888888874223,5191.4881936405955,1517.2244375855821,-2647.1759190761463,7.7724371438625326
3,49,3,5194.5867181826688,1519.0191720142684,-2645.6642229648405,5198.2304164960024,1516.9075743633891,-2643.8865495928057,0.79710581865582308,-0.46193911499658608,0.38888888888884571,5196.4085673393356,1517.9633731888289,-2644.7753862788231,4.5711600995184858
3,49,4,5198.2312136018209,1516.9071124242741,-2643.8869384816944,5208.0711638934808,1511.2046600986787,-2648.6876151874521,0.79710581865583774,-0.46193911499656981,-0.38888888888883499,5203.1511887476508,1514.0558862614764,-2646.2872768345733,12.344597243378715
3,50,0,5185.4052630194492,1512.070639150603,-2645.8605253378628,5190.187715394226,1513.1220478893642,-2648.6876151874526,0.84582603122277855,0.18595248023580219,-0.50000000000007694,5187.7964892068376,1512.5963435199837,-2647.2740702626579,5.6541796991787514
3,50,1,5190.1885612202568,1513.1222338418445,-2648.6871151874525,5198.309447909347,1514.9075879995626,-2643.8865495928057,0.84582603122284183,0.18595248023575878,0.49999999999998557,5194.2490045648019,1514.0149109207036,-2646.2868323901293,9.6011311892937599
3,50,2,5198.3102937353779,1514.9077739520428,-2643.8870495928059,5206.4311804244671,1516.6931281097611,-2648.6876151874521,0.84582603122283129,0.18595248023580097,-0.49999999999998795,5202.370737079922,1515.800451030902,-2646.287332390129,9.6011311892928042
3,50,3,5206.432026250498,1516.6933140622414,-2648.687115187452,5212.2705596087308,1517.976899242675,-2645.2357356231505,0.84582603122280586,0.18595248023575903,0.50000000000004663,5209.3512929296139,1517.3351066524583,-2646.9614254053013,6.9027591286024217
3,50,4,5212.2697137826999,1517.9770851951553,-2645.2352356231504,5209.988206277877,1518.478668219959,-2643.8865495928057,-0.84582603122270417,0.18595248023579972,0.50000000000020361,5211.128960030288,1518.2278767075572,-2644.5608926079781,2.6973720606882052
3,51,0,5185.4052630194492,1512.070639150603,-2645.8605253378628,5184.0001220703089,1510.0719707441283,-2647.7467740909819,-0.45524072330162779,-0.64753308311193536,-0.61111111111103378,5184.702692544879,1511.0713049473657,-2646.8036497144221,3.0865888687408374
3,51,1,5184.0005773110324,1510.0713232110452,-2647.747385202093,5184.7009916396582,1509.0750559035391,-2648.6876151874521,0.45524072330157761,-0.64753308311182944,-0.61111111111118332,5184.3507844753458,1509.5731895572922,-2648.2175001947726,1.5385581578601804
3,51,2,5184.7014468803818,1509.074408370456,-2648.6870040763411,5187.8809897319334,1504.5518358496593,-2644.418813940043,0.45524072330160648,-0.64753308311186908,0.61111111111111971,5186.291218306158,1506.8131221100575,-2646.5529090081918,6.9843111321239295
3,51,3,5187.8814449726569,1504.5524833827424,-2644.418202828932,5188.2774943969907,1505.1158229340549,-2643.8865495928057,0.45524072330119353,0.64753308311223678,0.61111111111103777,5188.0794696848243,1504.8341531583987,-2644.1523762108691,0.8699780227520737
3,51,4,5188.2779496377143,1505.116470467138,-2643.8871607039168,5191.8539971543241,1510.2030300723306,-2648.6876151874521,0.45524072330167187,0.64753308311188384,-0.61111111111105543,5190.0659733960192,1507.6597502697343,-2646.2873879456847,7.8552891548766679
3,52,0,5185.4052630194492,1512.070639150603,-2645.8605253378628,5185.0573254199744,1514.755649591976,-2648.6876151874526,-0.088885843626020894,0.68592592058565216,-0.72222222222222998,5185.2312942197113,1513.4131443712895,-2647.2740702626579,3.9144320994320037
3,52,1,5185.0572365341304,1514.7563355178966,-2648.6868929652305,5184.5047761784353,1519.0196339533834,-2644.1979987892469,-0.088885843625910121,0.68592592058573998,0.72222222222216026,5184.7810063562829,1516.88798473564,-2646.4424458772387,6.215391935977908
3,52,2,5184.5046872925914,1519.0189480274628,-2644.1972765670248,5184.4664452828729,1518.7238370778352,-2643.8865495928057,-0.088885843626984373,-0.68592592058579471,0.72222222222197596,5184.4855662877326,1518.871392552649,-2644.0419130799155,0.43023734891883275
3,52,3,5184.4663563970289,1518.7231511519146,-2643.8872718150278,5184.0001220703098,1515.125253030925,-2647.6755555032305,-0.088885843625698971,-0.68592592058570923,-0.72222222222221544,5184.2332392336693,1516.9242020914198,-2645.7814136591292,5.2453158759729943
3,52,4,5184.0002109561538,1515.1245671050044,-2647.6762777254526,5184.1246789948464,1514.164055840881,-2648.6876151874521,0.088885843625822622,-0.68592592058559609,-0.72222222222230781,5184.0624449754996,1514.6443114729427,-2648.1819464564524,1.400313408922321
3,53,0,5185.4052630194492,1512.070639150603,-2645.8605253378628,5186.8391934187048,1510.8621210920467,-2648.6876151874521,0.4226756357083043,-0.35623147325034782,-0.83333333333334703,5186.1222282190774,1511.4663801213248,-2647.2740702626575,3.3925078195071716
3,53,1,5186.8396160943403,1510.8617648605734,-2648.6867818541186,5189.2743455614573,1508.8097722881037,-2643.8865495928057,0.42267563570822969,-0.3562314732503909,0.83333333333336668,5188.0569808278988,1509.8357685743385,-2646.2866657234622,5.7602787135752322
3,53,2,5189.2747682370928,1508.8094160566304,-2643.8873829261393,5191.7094977042116,1506.7574234841607,-2648.6876151874521,0.42267563570848904,-0.35623147325034332,-0.83333333333325532,5190.4921329706522,1507.7834197703955,-2646.2874990567957,5.7602787135760014
3,53,3,5191.7099203798471,1506.7570672526874,-2648.6867818541186,5194.144649846965,1504.7050746802179,-2643.8865495928062,0.42267563570839306,-0.35623147325035603,0.83333333333329851,5192.9272851134065,1505.7310709664525,-2646.2866657234626,5.7602787135751576
3,53,4,5194.1450725226005,1504.7047184487446,-2643.8873829261397,5194.3264707274457,1504.5518358496593,-2644.2450216399284,0.4226756357077987,-0.35623147325089638,-0.83333333333336912,5194.2357716250226,1504.6282771492019,-2644.0662022830338,0.42916645654639046
3,54,0,5185.4052630194492,1512.070639150603,-2645.8605253378628,5184.4222626305927,1512.0299889983496,-2648.6876151874521,-0.32839043169322119,-0.013579975347136007,-0.94444444444441034,5184.913762825021,1512.0503140744763,-2647.2740702626575,2.9933892525064851
3,54,1,5184.4219342401611,1512.0299754183743,-2648.6866707430077,5184.0001220703089,1512.0125321608525,-2647.4735472108696,-0.32839043169321808,-0.01357997534713834,0.94444444444441145,5184.211028155235,1512.0212537896134,-2648.0801089769384,1.2844837399109426
3,54,2,5184.0004504607405,1512.0125185808772,-2647.4726027664251,5185.2473481016614,1511.9609554487338,-2643.8865495928057,0.32839043169294474,-0.01357997534706613,0.94444444444450748,5184.6238992812014,1511.9867370148054,-2645.6795761796157,3.7969974779496445
3,54,3,5185.247676492093,1511.9609418687585,-2643.8874940372502,5186.9167146932987,1511.891921899118,-2648.6876151874521,0.32839043169315557,-0.013579975347074787,-0.94444444444443398,5186.0821955926958,1511.9264318839382,-2646.2875546123514,5.0824812178608951
3,54,4,5186.9170430837303,1511.8919083191427,-2648.6866707430077,5188.5860812849351,1511.8228883495019,-2643.8865495928053,0.328390431692968,-0.013579975347119168,0.94444444444449871,5187.7515621843322,1511.8573983343222,-2646.2866101679065,5.0824812178610284
4,55,0,5185.4052630194492,1512.070639150603,-2645.8605253378628,5186.0874793302391,1512.0706391506028,-2643.9001600776501,0.32867109906093761,-1.0954173130061792E-13,0.94444444444449738,5185.7463711748442,1512.0706391506028,-2644.8803427077564,2.0756808637545188
4,55,1,5186.0878080013381,1512.0706391506028,-2643.9011045220946,5187.7535361765686,1512.0706391506028,-2648.6876151874521,0.32867109906114472,0,-0.94444444444442543,5186.9206720889533,1512.0706391506028,-2646.2943598547736,5.0680701162610715
4,55,2,5187.7538648476675,1512.0706391506028,-2648.6866707430077,5189.419593022898,1512.0706391506026,-2643.9001600776496,0.32867109906111686,-4.486395614647809E-14,0.9444444444444352,5188.5867289352827,1512.0706391506028,-2646.2934154103286,5.0680701162615005
4,55,3,5189.4199216939969,1512.0706391506026,-2643.9011045220941,5191.0856498692283,1512.0706391506028,-2648.6876151874521,0.32867109906127689,4.4863956146475433E-14,-0.94444444444437925,5190.2527857816131,1512.0706391506028,-2646.2943598547731,5.0680701162618007
4,55,4,5191.0859785403272,1512.0706391506028,-2648.6866707430077,5192.7517067155586,1512.0706391506028,-2643.9001600776496,0.32867109906127689,0,0.94444444444437925,5191.9188426279434,1512.0706391506028,-2646.2934154103286,5.0680701162618007
4,56,0,5185.4052630194492,1512.070639150603,-2645.8605253378628,5184.4464186120713,1511.1922591292239,-2643.9001600776496,-0.40759598344514569,-0.37339130926535385,0.83333333333336035,5184.9258408157602,1511.6314491399135,-2644.8803427077564,2.3524383122557229
4,56,1,5184.4460110160881,1511.1918857379146,-2643.9009934109831,5184.0001220703089,1510.7834149383641,-2644.8126170200826,-0.40759598344511822,-0.37339130926527769,-0.83333333333340776,5184.223066543198,1510.9876503381392,-2644.3568052155329,1.093948330919277
4,56,2,5184.0005296662921,1510.7830415470548,-2644.8134503534161,5185.8954424969606,1509.0471461714262,-2648.6876151874521,0.40759598344506914,-0.37339130926537889,-0.83333333333338644,5184.9479860816264,1509.9150938592406,-2646.7505327704339,4.6489978008429471
4,56,3,5185.8958500929439,1509.046772780117,-2648.6867818541186,5188.2370594653758,1506.9020332136286,-2643.9001600776496,0.40759598344516973,-0.37339130926533221,0.83333333333335813,5187.0664547791603,1507.9744029968729,-2646.2934709658839,5.7439461317626517
4,56,4,5188.237467061359,1506.9016598223193,-2643.9009934109831,5190.5786764337909,1504.7569202558309,-2648.6876151874517,0.40759598344519665,-0.37339130926535691,-0.83333333333333404,5189.4080717475754,1505.8292900390752,-2646.2943042992174,5.7439461317622724
4,57,0,5185.4052630194492,1512.070639150603,-2645.8605253378628,5185.5693970882639,1513.9408622079643,-2643.9001600776492,0.060468971944990069,0.6890127467326379,0.72222222222240007,5185.4873300538566,1513.0057506792837,-2644.880342707756,2.7143518987566528
4,57,1,5185.5694575572361,1513.9415512207111,-2643.9008822998712,5185.970232841878,1518.5081788780551,-2648.6876151874521,0.060468971944682329,0.68901274673283819,-0.72222222222223487,5185.7698451995566,1516.224865049383,-2646.2942487436617,6.6277839981888373
4,57,2,5185.9702933108501,1518.5088678908019,-2648.6868929652301,5185.9983370858399,1518.8284122424416,-2648.3519470112778,0.060468971944962722,0.68901274673300794,0.72222222222204935,5185.984315198345,1518.6686400666217,-2648.519419988254,0.46377132085704292
4,57,3,5185.9983975548121,1518.8277232296948,-2648.3512247890558,5186.3710685954948,1514.5813289367372,-2643.9001600776496,0.060468971945071233,-0.68901274673282997,0.72222222222221,5186.1847330751534,1516.704526083216,-2646.1256924333529,6.1630126773317118
4,57,4,5186.3711290644669,1514.5806399239905,-2643.9008822998717,5186.7719043491097,1510.0140122666464,-2648.6876151874521,0.060468971944822036,-0.6890127467328665,-0.72222222222219601,5186.5715167067883,1512.2973260953186,-2646.2942487436621,6.6277839981885638
4,58,0,5185.4052630194492,1512.070639150603,-2645.8605253378628,5186.9501946901355,1510.0555493639674,-2643.9001600776492,0.48160663169532797,-0.62817056774692703,0.61111111111121519,5186.1777288547928,1511.0630942572852,-2644.880342707756,3.2078704258035602
4,58,1,5186.9506762967676,1510.0549211933997,-2643.9007711887602,5190.7231094480303,1505.1344501731494,-2648.6876151874521,0.48160663169522827,-0.62817056774711,-0.61111111111110572,5188.8368928723994,1507.5946856832745,-2646.294193188106,7.8330174524049854
4,58,2,5190.7235910546624,1505.1338220025816,-2648.6870040763411,5191.1697889588522,1504.5518358496595,-2648.1208231330997,0.48160663169578172,-0.62817056774692059,0.61111111111086436,5190.9466900067573,1504.8428289261205,-2648.4039136047204,0.92647790712251199
4,58,3,5191.1702705654843,1504.5524640202273,-2648.1202120219887,5194.496024205926,1508.8903207169867,-2643.9001600776496,0.48160663169527046,0.62817056774705426,0.61111111111112981,5192.8331473857052,1506.721392368607,-2646.0101860498189,6.9055395452818669
4,58,4,5194.4965058125581,1508.8909488875545,-2643.9007711887607,5198.2689389638199,1513.8114199078036,-2648.6876151874521,0.48160663169520013,0.62817056774707958,-0.61111111111115923,5196.382722388189,1511.3511843976789,-2646.2941931881064,7.8330174524035554
4,59,0,5185.4052630194492,1512.070639150603,-2645.8605253378628,5184.0001220703089,1512.3191887995406,-2645.0366730017936,-0.85278689373215544,0.15084599390926923,0.50000000000018641,5184.702692544879,1512.1949139750718,-2645.4485991698284,1.6477046721377744
4,59,1,5184.0009748572029,1512.3193396455345,-2645.0361730017935,5185.9385287228442,1512.662065642807,-2643.9001600776496,0.85278689373234073,0.1508459939092312,0.49999999999988126,5184.969751790024,1512.4907026441706,-2644.4681665397216,2.2720258482882794
4,59,2,5185.9393815097383,1512.6622164888008,-2643.9006600776497,5194.1038866667877,1514.106402491474,-2648.6876151874521,0.85278689373231142,0.15084599390912987,-0.49999999999996214,5190.0216340882635,1513.3843094901374,-2646.2941376325507,9.5739102196055654
4,59,3,5194.1047394536818,1514.1065533374679,-2648.687115187452,5202.2692446107312,1515.550739340141,-2643.9001600776496,0.85278689373231142,0.15084599390912987,0.49999999999996214,5198.186992032206,1514.8286463388044,-2646.2936376325506,9.5739102196055654
4,59,4,5202.2700973976252,1515.5508901861349,-2643.9006600776497,5210.4346025546756,1516.9950761888083,-2648.6876151874521,0.85278689373233429,0.15084599390914086,-0.49999999999991984,5206.3523499761504,1516.2729831874717,-2646.2941376325507,9.5739102196063754
4,60,0,5185.4052630194492,1512.070639150603,-2645.8605253378628,5189.3237807464584,1514.5632793766615,-2643.9001600776496,0.77733881326903154,0.49447932361654506,0.3888888888888673,5187.3645218829533,1513.3169592636323,-2644.8803427077564,5.040939240548421
4,60,1,5189.3245580852717,1514.5637738559851,-2643.9005489665383,5196.0287189753653,1518.8284122424416,-2647.2545223369357,0.77733881326905407,0.49447932361650637,-0.3888888888888713,5192.6766385303181,1516.6960930492132,-2645.577535651737,8.6245029524508414
4,60,2,5196.0294963141787,1518.827917763118,-2647.2549112258243,5198.8932870500867,1517.0062085136901,-2648.6876151874521,0.77733881326897247,-0.49447932361663155,-0.38888888888887546,5197.4613916821327,1517.917063138404,-2647.9712632066385,3.6840959013287411
4,60,3,5198.8940643889,1517.0057140343665,-2648.6872262985635,5208.462793353714,1510.9188719191584,-2643.9001600776496,0.77733881326900178,-0.49447932361658653,0.38888888888887413,5203.678428871307,1513.9622929767625,-2646.2936931881068,12.309598853778958
4,60,4,5208.4635706925274,1510.9183774398348,-2643.9005489665383,5212.1790090398144,1508.5549196920094,-2645.7593171972599,0.7773388132689959,-0.49447932361667346,-0.38888888888877526,5210.3212898661714,1509.7366485659222,-2644.8299330818991,4.7796897361426023
4,61,0,5185.4052630194492,1512.070639150603,-2645.8605253378628,5184.0001220703089,1506.8435848584077,-2644.2954241876459,-0.24938767073467072,-0.92770970451881474,0.27777777777775725,5184.702692544879,1509.4571120045052,-2645.0779747627544,5.6343641407810159
4,61,1,5184.0003714579798,1506.8426571487032,-2644.2951464098683,5184.3549884548911,1505.5234995959174,-2643.9001600776496,0.24938767073513771,-0.92770970451870882,0.27777777777769164,5184.1776799564359,1506.1830783723103,-2644.0976532437589,1.4219507959875817
4,61,2,5184.355237842562,1505.522571886213,-2643.9004378554273,5184.6161918865646,1504.5518358496593,-2644.1910987138072,0.24938767073493562,-0.92770970451872725,-0.27777777777781132,5184.4857148645633,1505.0372038679361,-2644.0457682846172,1.0463790901673393
4,61,3,5184.6164412742355,1504.5527635593637,-2644.1913764915848,5188.454032662964,1518.8284122424416,-2648.4658364311599,0.24938767073480375,0.92770970451879387,-0.27777777777770718,5186.5352369685997,1511.6905879009028,-2646.3286064613721,15.388055782474204
4,61,4,5188.4542820506349,1518.8274845327371,-2648.4661142089376,5188.6531446577856,1518.0877255463547,-2648.6876151874521,0.24938767073547416,-0.92770970451864587,-0.27777777777759943,5188.5537133542102,1518.4576050395458,-2648.5768646981951,0.7974035226528603
4,62,0,5185.4052630194492,1512.070639150603,-2645.8605253378628,5184.0001220703089,1514.7761525433716,-2645.3452106266595,-0.45446045513246447,0.8750359518002998,0.16666666666654298,5184.702692544879,1513.4233958469872,-2645.6028679822612,3.0918882672217687
4,62,1,5184.0005765307642,1514.7770275793234,-2645.3450439599928,5186.1047119255772,1518.8284122424416,-2644.5733833490231,0.45446045513236671,0.8750359518003088,0.16666666666676239,5185.0526442281707,1516.8027199108824,-2644.9592136545079,4.6299636658159908
4,62,2,5186.1051663860326,1518.8275372064898,-2644.5732166823564,5187.9404320514614,1515.2938448462007,-2643.9001600776501,0.45446045513241867,-0.87503595180031013,0.1666666666666145,5187.0227992187465,1517.0606910263452,-2644.2366883800032,4.0383396282390001
4,62,3,5187.9408865119167,1515.2929698102489,-2643.9003267443168,5193.5194237346741,1504.5518358496593,-2645.9461729632621,0.45446045513249611,-0.87503595180025617,-0.1666666666666862,5190.7301551232958,1509.9224028299541,-2644.9232498537895,12.275077313670788
4,64,0,5185.4052630194492,1512.070639150603,-2645.8605253378628,5184.0001220703089,1511.4906173931606,-2645.9451085690075,-0.92291799458142065,-0.38096713181680819,-0.05555555555552906,5184.702692544879,1511.7806282718818,-2645.9028169534349,1.5224981606059358
4,65,0,5185.4052630194492,1512.070639150603,-2645.8605253378628,5188.5676199570271,1518.8284122424416,-2647.1216812539219,0.41791778707511973,0.89306603645445914,-0.16666666666660609,5186.9864414882377,1515.4495256965224,-2646.4911032958926,7.5669354963574955
4,65,1,5188.5680378748139,1518.8275191764051,-2647.1218479205886,5192.4942098222682,1510.4375177742359,-2648.6876151874517,0.41791778707512395,-0.89306603645446059,-0.16666666666658783,5190.531123848541,1514.6325184753205,-2647.9047315540201,9.3946036011829044
4,65,2,5192.494627740055,1510.4366247081994,-2648.687448520785,5195.2484643397866,1504.5518358496593,-2647.5892115449574,0.41791778707513022,-0.89306603645444127,0.16666666666667559,5193.8715460399208,1507.4942302789293,-2648.1383300328712,6.589421854965269
4,65,3,5195.2488822575733,1504.5527289156958,-2647.5890448782907,5201.929308722546,1518.8284122424416,-2644.9248739689333,0.41791778707510929,0.89306603645446025,0.16666666666662705,5198.5890954900597,1511.6905705790687,-2646.256959423612,15.985025456148085
4,65,4,5201.9297266403328,1518.8275191764051,-2644.9247073022666,5204.4987856935295,1513.3375892021086,-2643.9001600776496,0.41791778707519189,-0.89306603645442595,0.16666666666660343,5203.2142561669316,1516.0825541892568,-2644.4124336899581,6.147283347704219
4,66,0,5185.4052630194492,1512.070639150603,-2645.8605253378628,5187.7636167449919,1504.5518358496595,-2648.1390831493059,0.28750565546557982,-0.91661333409903689,-0.27777777777776808,5186.584439882221,1508.3112375001313,-2646.9998042435845,8.2028081211953712
4,66,1,5187.7639042506471,1504.5527524629936,-2648.1393609270835,5188.3313585724072,1506.3618862589026,-2648.6876151874521,0.28750565546541895,0.91661333409905321,-0.27777777777787965,5188.0476314115276,1505.4573193609481,-2648.4134880572678,1.9737153373262153
4,66,2,5188.3316460780625,1506.3628028722367,-2648.6873374096745,5192.2416188653142,1518.8284122424416,-2644.9096602357936,0.28750565546563189,0.91661333409903223,0.27777777777772933,5190.2866324716888,1512.595607557339,-2646.798498822734,13.59963782597352
4,66,3,5192.2419063709694,1518.8274956291075,-2644.9093824580159,5193.2864720820889,1515.4972555418137,-2643.9001600776496,0.28750565546547974,-0.91661333409906509,0.27777777777777757,5192.7641892265292,1517.1623755854607,-2644.404771267833,3.6332005693186176
4,66,4,5193.2867595877442,1515.4963389284796,-2643.9004378554273,5196.7196209856365,1504.5518358496593,-2647.2171469093105,0.28750565546563794,-0.91661333409902856,-0.27777777777773466,5195.0031902866904,1510.0240873890693,-2645.5587923823687,11.940152593981328
4,67,0,5185.4052630194492,1512.070639150603,-2645.8605253378628,5184.000122070308,1512.8849470521384,-2646.5460600431106,-0.79710581865600216,0.46193911499631884,-0.38888888888879608,5184.702692544879,1512.4777931013707,-2646.2032926904867,1.7628035277805971
4,67,1,5184.0009191761264,1512.8854089912534,-2646.5464489319993,5188.3896690985193,1515.4287792786643,-2648.6876151874521,0.79710581865577856,0.46193911499656903,-0.38888888888895712,5186.1952941373229,1514.1570941349587,-2647.6170320597257,5.5058560854492065
4,67,2,5188.3904662043378,1515.4292412177792,-2648.6872262985635,5194.2559556474316,1518.8284122424416,-2645.8255941050343,0.79710581865576879,0.46193911499656481,0.38888888888898204,5191.3232109258843,1517.1288267301104,-2647.2564102017986,7.3584827833590465
4,67,3,5194.2567527532501,1518.8279503033266,-2645.8252052161456,5198.2025190760023,1516.5412980666276,-2643.9001600776496,0.7971058186558504,-0.46193911499650103,0.38888888888889078,5196.2296359146258,1517.6846241849771,-2644.8626826468976,4.9501160704182325
4,67,4,5198.2033161818208,1516.5408361275126,-2643.9005489665383,5208.0153690534835,1510.8545509270366,-2648.6876151874521,0.79710581865575569,-0.46193911499658641,-0.38888888888898332,5203.1093426176521,1513.6976935272746,-2646.2940820769954,12.309598853775501
4,68,0,5185.4052630194492,1512.070639150603,-2645.8605253378628,5190.1877153942251,1513.122047889364,-2648.6876151874517,0.8458260312228072,0.18595248023580363,-0.50000000000002809,5187.7964892068376,1512.5963435199835,-2647.274070262657,5.6541796991774849
4,68,1,5190.1885612202559,1513.1222338418443,-2648.6871151874516,5198.2864237045878,1514.9025261927347,-2643.9001600776496,0.84582603122284072,0.18595248023581409,0.4999999999999668,5194.2374924624219,1514.0123800172896,-2646.2936376325506,9.5739102196045671
4,68,2,5198.2872695306187,1514.902712145215,-2643.9006600776497,5206.3851320149506,1516.6830044961057,-2648.6876151874521,0.84582603122281719,0.18595248023583266,-0.50000000000000033,5202.3362007727847,1515.7928583206603,-2646.2941376325507,9.5739102196048336
4,68,3,5206.3859778409815,1516.6831904485859,-2648.687115187452,5212.1790090398144,1517.9567721069195,-2645.2626336835801,0.8458260312228616,0.18595248023582608,0.49999999999992734,5209.282493440398,1517.3199812777527,-2646.9748744355161,6.8489630077448007
4,68,4,5212.1781632137836,1517.9569580593998,-2645.26213368358,5209.8741777543155,1518.4634827994767,-2643.9001600776496,-0.84582603122276023,0.18595248023582583,0.50000000000009892,5211.0261704840495,1518.2102204294383,-2644.5811468806151,2.7239472118602928
4,69,0,5185.4052630194492,1512.070639150603,-2645.8605253378628,5184.0001220703098,1510.0719707441283,-2647.7467740909819,-0.4552407233013942,-0.64753308311202218,-0.61111111111111571,5184.702692544879,1511.0713049473657,-2646.8036497144221,3.0865888687404239
4,69,1,5184.0005773110333,1510.0713232110452,-2647.747385202093,5184.7009916396592,1509.0750559035396,-2648.6876151874521,0.45524072330166471,-0.64753308311165769,-0.61111111111130034,5184.3507844753458,1509.5731895572924,-2648.2175001947726,1.5385581578598859
4,69,2,5184.7014468803827,1509.0744083704565,-2648.6870040763411,5187.8809897319343,1504.5518358496593,-2644.4188139400421,0.45524072330155108,-0.64753308311185542,0.61111111111117555,5186.291218306158,1506.813122110058,-2646.5529090081918,6.9843111321247795
4,69,3,5187.8814449726578,1504.5524833827424,-2644.418202828931,5188.2673554110497,1505.1014012698859,-2643.9001600776496,0.45524072330240795,0.64753308311157809,0.61111111111083116,5188.0744001918538,1504.8269423263141,-2644.1591814532903,0.8477063202790881
4,69,4,5188.2678106517733,1505.102048802969,-2643.9007711887607,5191.8337191824394,1510.1741867439928,-2648.6876151874521,0.45524072330157966,0.64753308311185087,-0.61111111111115901,5190.0507649171068,1507.6381177734809,-2646.2941931881064,7.8330174524035581
4,70,0,5185.4052630194492,1512.070639150603,-2645.8605253378628,5185.0573254199753,1514.755649591976,-2648.6876151874521,-0.08888584362579785,0.68592592058572388,-0.72222222222218935,5185.2312942197123,1513.4131443712895,-2647.2740702626575,3.9144320994315942
4,70,1,5185.0572365341313,1514.7563355178966,-2648.6868929652301,5184.5295556809842,1518.8284122424416,-2644.3993391452063,-0.088885843625846089,0.68592592058566426,0.72222222222223997,5184.7933961075578,1516.7923738801692,-2646.543116055218,5.9366129815711748
4,70,2,5184.5294667951403,1518.827726316521,-2644.3986169229843,5184.468120362083,1518.3543201265861,-2643.9001600776501,-0.088885843624576091,-0.68592592058618618,0.72222222222190058,5184.4987935786121,1518.5910232215535,-2644.1493885003174,0.69017101661689684
4,70,3,5184.468031476239,1518.3536342006655,-2643.9008822998721,5184.0001220703089,1514.7428096090189,-2647.7027764729432,-0.088885843625828367,-0.68592592058575852,-0.72222222222215271,5184.234076773274,1516.5482219048422,-2645.8018293864079,5.2641611627143439
4,70,4,5184.0002109561528,1514.7421236830983,-2647.7034986951653,5184.1213288364288,1513.8074653602648,-2648.6876151874521,0.08888584362658547,-0.68592592058557178,-0.72222222222223664,5184.0607698962904,1514.2747945216815,-2648.1955569413085,1.3626228354740453
4,71,0,5185.4052630194492,1512.070639150603,-2645.8605253378628,5186.8391934187048,1510.8621210920467,-2648.6876151874521,0.4226756357083043,-0.35623147325034782,-0.83333333333334703,5186.1222282190774,1511.4663801213248,-2647.2740702626575,3.3925078195071716
4,71,1,5186.8396160943403,1510.8617648605734,-2648.6867818541186,5189.2674421770562,1508.8155904677849,-2643.9001600776492,0.42267563570810929,-0.35623147325036536,0.83333333333343862,5188.0535291356982,1509.8386776641792,-2646.2934709658839,5.7439461317626428
4,71,2,5189.2678648526917,1508.8152342363117,-2643.9009934109827,5191.6956909354094,1506.7690598435227,-2648.6876151874526,0.42267563570832961,-0.35623147325036336,-0.83333333333332782,5190.4817778940505,1507.7921470399172,-2646.2943042992174,5.7439461317639537
4,71,3,5191.6961136110449,1506.7687036120494,-2648.6867818541191,5194.1239396937626,1504.7225292192607,-2643.9001600776501,0.42267563570839128,-0.3562314732503758,0.83333333333329118,5192.9100266524038,1505.7456164156551,-2646.2934709658848,5.7439461317631126
4,71,4,5194.1243623693981,1504.7221729877874,-2643.9009934109836,5194.3264707274438,1504.551835849659,-2644.2994635793025,0.42267563570771088,-0.35623147325137755,-0.83333333333320803,5194.225416548421,1504.6370044187233,-2644.1002284951428,0.47816420198276233
4,72,0,5185.4052630194492,1512.070639150603,-2645.8605253378628,5184.4222626305927,1512.0299889983494,-2648.6876151874521,-0.32839043169322085,-0.013579975347211951,-0.94444444444440934,5184.913762825021,1512.0503140744763,-2647.2740702626575,2.9933892525064882
4,72,1,5184.4219342401611,1512.0299754183741,-2648.6866707430077,5184.0001220703089,1512.0125321608523,-2647.4735472108696,-0.32839043169321808,-0.01357997534713834,0.94444444444441145,5184.211028155235,1512.0212537896132,-2648.0801089769384,1.2844837399109426
4,72,2,5184.0004504607405,1512.012518580877,-2647.4726027664251,5185.242615633787,1511.9611511511375,-2643.9001600776496,0.32839043169317411,-0.013579975347189898,0.94444444444442599,5184.6215330472642,1511.9868348660073,-2645.6863814220374,3.7825863763505838
4,72,3,5185.2429440242186,1511.9611375711622,-2643.9011045220941,5186.907249757548,1511.8923133039259,-2648.6876151874521,0.3283904316930073,-0.01357997534712393,-0.94444444444448483,5186.0750968908833,1511.9267254375441,-2646.2943598547731,5.068070116261234
4,72,4,5186.9075781479796,1511.8922997239506,-2648.6866707430077,5188.5718838813091,1511.8234754567145,-2643.9001600776496,0.32839043169300758,-0.013579975347079078,0.94444444444448572,5187.7397310146443,1511.8578875903327,-2646.2934154103286,5.0680701162612296
5,73,0,5185.4052630194492,1512.070639150603,-2645.8605253378628,5185.9533234533365,1512.070639150603,-2644.2856602721968,0.32867109906067482,0,0.94444444444458886,5185.6792932363933,1512.070639150603,-2645.0730928050298,1.6675041871755283
5,73,1,5185.9536521244354,1512.070639150603,-2644.2866047166412,5187.4852244227641,1512.0706391506033,-2648.6876151874521,0.32867109906124287,4.8793749982988871E-14,-0.94444444444439124,5186.7194382735997,1512.0706391506033,-2646.4871099520469,4.6598934396823797
5,73,2,5187.485553093863,1512.0706391506033,-2648.6866707430077,5189.0171253921917,1512.0706391506033,-2644.2856602721963,0.32867109906121261,0,0.9444444444444019,5188.2513392430274,1512.0706391506033,-2646.486165507602,4.6598934396828096
5,73,3,5189.0174540632906,1512.0706391506033,-2644.2866047166408,5190.5490263616193,1512.0706391506033,-2648.6876151874521,0.32867109906121261,0,-0.9444444444444019,5189.783240212455,1512.0706391506033,-2646.4871099520465,4.6598934396828096
5,73,4,5190.5493550327183,1512.0706391506033,-2648.6866707430077,5192.080927331046,1512.0706391506028,-2644.2856602721963,0.32867109906103842,-9.758749996597499E-14,0.94444444444446218,5191.3151411818817,1512.070639150603,-2646.486165507602,4.6598934396825111
5,74,0,5185.4052630194492,1512.070639150603,-2645.8605253378628,5184.6349726091694,1511.3649900360606,-2644.2856602721963,-0.40759598344487269,-0.3733913092653578,0.83333333333349202,5185.0201178143088,1511.7178145933317,-2645.0730928050298,1.8898380787994067
5,74,1,5184.6345650131861,1511.3646166447513,-2644.2864936055298,5184.0001220703089,1510.7834149383634,-2645.5836174091769,-0.40759598344519266,-0.37339130926549086,-0.83333333333327575,5184.3173435417475,1511.0740157915575,-2644.9350555073534,1.5565485643766062
5,74,2,5184.0005296662921,1510.7830415470542,-2645.5844507425104,5185.5183345027663,1509.3926079850992,-2648.6876151874521,0.40759598344527265,-0.3733913092653382,-0.83333333333330517,5184.7594320845292,1510.0878247660767,-2647.1360329649815,3.7237973339302139
5,74,3,5185.5187420987495,1509.3922345937899,-2648.6867818541186,5187.6713974740851,1507.420225934138,-2644.2856602721963,0.40759598344535486,-0.37339130926531644,0.83333333333327486,5186.5950697864173,1508.4062302639641,-2646.4862210631572,5.2813458983071611
5,74,4,5187.6718050700683,1507.4198525428287,-2644.2864936055298,5189.8244604454021,1505.4478438831768,-2648.6876151874517,0.40759598344509684,-0.3733913092653956,-0.83333333333336546,5188.7481327577352,1506.4338482130029,-2646.4870543964907,5.2813458983060411
5,75,0,5185.4052630194492,1512.070639150603,-2645.8605253378628,5185.5371205953352,1513.5730882185503,-2644.2856602721963,0.060468971945164457,0.68901274673287238,0.72222222222216159,5185.4711918073917,1512.8218636845768,-2645.0730928050298,2.1805823986152979
5,75,1,5185.5371810643073,1513.5737772312971,-2644.2863824944184,5185.9056798560205,1517.7726308992258,-2648.6876151874521,0.060468971944727098,0.68901274673282198,-0.72222222222224641,5185.7214304601639,1515.6732040652614,-2646.4869988409355,6.0940144980465432
5,75,2,5185.9057403249926,1517.7733199119725,-2648.6868929652301,5185.9114937895592,1517.8388776731865,-2648.6181754092609,0.060468971955441986,0.68901274673825241,0.72222222221616861,5185.9086170572755,1517.8060987925796,-2648.6525341872457,0.095147385188941405
5,75,3,5185.9115542585314,1517.8381886604398,-2648.6174531870388,5186.2742391167076,1513.7055817664702,-2644.2856602721968,0.060468971944816291,-0.68901274673288637,0.72222222222217769,5186.0928966876199,1515.7718852134549,-2646.4515567296176,5.9978671128585601
5,75,4,5186.2742995856797,1513.7048927537235,-2644.2863824944188,5186.6427983773956,1509.5060390857952,-2648.6876151874526,0.060468971945176302,-0.68901274673276414,-0.72222222222226407,5186.4585489815381,1511.6054659197594,-2646.4869988409355,6.0940144980463948
5,76,0,5185.4052630194492,1512.070639150603,-2645.8605253378628,5186.6463883170572,1510.4518109793626,-2644.2856602721963,0.48160663169487411,-0.62817056774722579,0.61111111111126604,5186.0258256682537,1511.2612250649827,-2645.0730928050298,2.5770519256353923
5,76,1,5186.6468699236893,1510.4511828087948,-2644.2862713833074,5190.1154967018765,1505.9269734039412,-2648.6876151874521,0.48160663169541496,-0.62817056774698454,-0.61111111111108751,5188.3811833127829,1508.189078106368,-2646.4869432853798,7.2021989522371319
5,76,2,5190.1159783085086,1505.9263452333735,-2648.6870040763411,5191.1697889588522,1504.5518358496595,-2647.349822744005,0.48160663169535034,-0.62817056774695845,0.61111111111116523,5190.64288363368,1505.2390905415164,-2648.0184134101728,2.1881149074588109
5,76,3,5191.1702705654843,1504.5524640202273,-2647.3492116328939,5193.5846050866949,1507.7015358707986,-2644.2856602721963,0.48160663169527085,0.62817056774701396,0.61111111111117111,5192.3774378260896,1506.126999945513,-2645.8174359525451,5.0130840447774023
5,76,4,5193.585086693327,1507.7021640413664,-2644.2862713833074,5197.0537134715132,1512.2263734462206,-2648.6876151874521,0.48160663169528933,0.62817056774708013,-0.6111111111110884,5195.3194000824205,1509.9642687437936,-2646.4869432853798,7.2021989522371221
5,77,0,5185.4052630194492,1512.070639150603,-2645.8605253378628,5184.0001220703089,1512.3191887995404,-2645.036673001794,-0.85278689373229077,0.15084599390915518,0.49999999999998984,5184.702692544879,1512.1949139750718,-2645.4485991698284,1.6477046721375126
5,77,1,5184.0009748572029,1512.3193396455342,-2645.0361730017939,5185.2810296959633,1512.5457633228098,-2644.2856602721968,0.85278689373242711,0.15084599390934203,0.49999999999970113,5184.6410022765831,1512.4325514841721,-2644.6609166369954,1.5010254591952494
5,77,2,5185.2818824828573,1512.5459141688036,-2644.2861602721969,5192.7888886130249,1513.8737978514791,-2648.6876151874521,0.8527868937323273,0.15084599390908135,-0.49999999999994965,5189.0353855479407,1513.2098560101413,-2646.4868877298245,8.8029098305114299
5,77,3,5192.789741399919,1513.873948697473,-2648.687115187452,5200.2967475300875,1515.201832380149,-2644.2856602721968,0.85278689373234895,0.15084599390911857,0.49999999999990175,5196.5432444650032,1514.5378905388111,-2646.4863877298244,8.8029098305122737
5,77,4,5200.2976003169815,1515.2019832261428,-2644.2861602721969,5207.80460644715,1516.5298669088188,-2648.6876151874521,0.85278689373234895,0.15084599390911857,-0.49999999999990175,5204.0511033820658,1515.8659250674809,-2646.4868877298245,8.8029098305122737
5,78,0,5185.4052630194492,1512.070639150603,-2645.8605253378628,5188.5532154968305,1514.0731088397811,-2644.2856602721963,0.77733881326896537,0.49447932361660951,0.38888888888891732,5186.9792392581403,1513.0718739951922,-2645.0730928050298,4.049653025999203
5,78,1,5188.5539928356438,1514.0736033191047,-2644.286049161085,5194.4731359792377,1517.8388776731863,-2647.2472920078258,0.7773388132689828,0.49447932361657027,-0.38888888888893275,5191.5135644074408,1515.9562404961455,-2645.7666705844554,7.6146244630468827
5,78,2,5194.473913318051,1517.8383831938627,-2647.2476808967144,5197.3521565508299,1516.0074804489407,-2648.6876151874521,0.77733881326897969,-0.49447932361660774,-0.38888888888889112,5195.9130349344405,1516.9229318214016,-2647.9676480420831,3.7026881761826624
5,78,3,5197.3529338896433,1516.0069859696171,-2648.6872262985635,5206.1510976048303,1510.4103143912901,-2644.2856602721963,0.77733881326903054,-0.49447932361653685,0.38888888888887996,5201.7520157472372,1513.2086501804536,-2646.4864432853801,11.318312639230109
5,78,4,5206.1518749436436,1510.4098199119665,-2644.286049161085,5209.7534988480702,1508.1187615963622,-2646.0878780347748,0.77733881326904919,-0.49447932361653252,-0.38888888888884782,5207.9526868958565,1509.2642907541644,-2645.1869635979301,4.6332742466314771
5,79,0,5185.4052630194492,1512.070639150603,-2645.8605253378628,5184.0001220703089,1506.8435848584081,-2644.2954241876459,-0.24938767073468937,-0.92770970451880341,0.27777777777777796,5184.702692544879,1509.4571120045057,-2645.0779747627544,5.6343641407805949
5,79,1,5184.0003714579798,1506.8426571487037,-2644.2951464098683,5184.0088880707808,1506.8109757735872,-2644.2856602721959,0.24938767070963816,-0.92770970452239909,0.27777777778825979,5184.0046297643803,1506.8268164611454,-2644.2904033410323,0.034150095619391412
5,79,2,5184.0091374584517,1506.8100480638827,-2644.2859380499735,5184.6161918865628,1504.5518358496593,-2644.9620991029001,0.2493876707346516,-0.92770970451881563,-0.2777777777777708,5184.3126646725068,1505.680941956771,-2644.6240185764368,2.4341797905356244
5,79,3,5184.6164412742337,1504.5527635593637,-2644.9623768806778,5187.9609438895632,1516.9941465831853,-2648.6876151874521,0.24938767073473991,0.92770970451878088,-0.2777777777778076,5186.2886925818984,1510.7734550712744,-2646.824996034065,13.410857904386297
5,79,4,5187.9611932772341,1516.9950742928897,-2648.6873374096745,5188.1880251822422,1517.8388776731863,-2648.4346831292264,0.24938767073504539,0.92770970451880974,0.27777777777743695,5188.0746092297377,1517.4169759830379,-2648.5610102694504,0.909555409614065
5,80,0,5185.4052630194492,1512.070639150603,-2645.8605253378628,5184.0001220703089,1514.77615254337,-2645.3452106266595,-0.45446045513266925,0.87503595180017935,0.16666666666661809,5184.702692544879,1513.4233958469865,-2645.6028679822612,3.0918882672203756
5,80,1,5184.0005765307642,1514.7770275793218,-2645.3450439599928,5185.590785235152,1517.8388776731863,-2644.7618583801004,0.45446045513247885,0.87503595180027227,0.1666666666666487,5184.7956808829585,1516.3079526262541,-2645.0534511700466,3.499113479354869
5,80,2,5185.5912396956073,1517.8380026372345,-2644.7616917134337,5186.8892644882608,1515.3387348856136,-2644.2856602721968,0.45446045513259004,-0.87503595180025096,0.16666666666645694,5186.2402520919341,1516.5883687614241,-2644.5236759928152,2.8561886474253257
5,80,3,5186.8897189487161,1515.3378598496618,-2644.2858269388635,5192.4915703538227,1504.5518358496593,-2646.3402232902013,0.45446045513248268,-0.87503595180025351,-0.16666666666673685,5189.6906446512694,1509.9448478496606,-2645.3130251145321,12.326378108021611
5,80,4,5192.492024814278,1504.5527108856111,-2646.340389956868,5198.8923510938157,1516.8761496680115,-2648.6876151874521,0.45446045513251437,0.87503595180024463,-0.16666666666669608,5195.6921879540469,1510.7144302768113,-2647.5140025721603,14.083351383502547
5,82,0,5185.4052630194492,1512.070639150603,-2645.8605253378628,5184.0001220703089,1511.4906173931606,-2645.9451085690075,-0.92291799458142065,-0.38096713181680819,-0.05555555555552906,5184.702692544879,1511.7806282718818,-2645.9028169534349,1.5224981606059358
5,83,0,5185.4052630194492,1512.070639150603,-2645.8605253378628,5188.1045589060668,1517.8388776731863,-2646.9370113398545,0.41791778707510796,0.89306603645444571,-0.16666666666670696,5186.754910962758,1514.9547584118945,-2646.3987683388586,6.4589160119487889
5,83,1,5188.1049768238536,1517.8379846071498,-2646.9371780065212,5192.4942098222655,1508.4584486357307,-2648.6876151874521,0.41791778707510718,-0.89306603645445404,-0.16666666666666524,5190.2995933230595,1513.1482166214403,-2647.8123965969867,10.502623085585673
5,83,2,5192.4946277400522,1508.4575555696943,-2648.6874485207854,5194.3223422378651,1504.5518358496593,-2647.9585513730926,0.41791778707497856,-0.89306603645449012,0.16666666666679411,5193.4084849889587,1506.5046957096768,-2648.322999946939,4.3733828861534887
5,83,3,5194.3227601556518,1504.5527289156958,-2647.9583847064259,5200.5401255696652,1517.8388776731863,-2645.4788837111359,0.41791778707515381,0.8930660364544315,0.16666666666666813,5197.4314428626585,1511.195803294441,-2646.7186342087807,14.877005971739761
5,83,4,5200.5405434874519,1517.8379846071498,-2645.4787170444692,5203.5321413641914,1511.4451137098752,-2644.2856602721963,0.41791778707502841,-0.89306603645449412,0.16666666666664792,5202.0363424258212,1514.6415491585126,-2644.8821886583328,7.1583406336384403
5,84,0,5185.4052630194492,1512.070639150603,-2645.8605253378628,5187.7636167449919,1504.551835849659,-2648.1390831493054,0.28750565546556961,-0.91661333409905976,-0.27777777777770279,5186.584439882221,1508.311237500131,-2646.9998042435841,8.2028081211956625
5,84,1,5187.7639042506471,1504.5527524629931,-2648.1393609270831,5188.3313585724081,1506.3618862589044,-2648.6876151874521,0.2875056554655197,0.91661333409905732,-0.27777777777776219,5188.0476314115276,1505.4573193609488,-2648.4134880572674,1.9737153373286871
5,84,2,5188.3316460780634,1506.3628028722385,-2648.6873374096745,5191.9312406781801,1517.8388776731863,-2645.2095366432782,0.2875056554655262,0.91661333409905299,0.27777777777776974,5190.1314433781217,1512.1008402727125,-2646.9484370264763,12.520082759026989
5,84,3,5191.9315281838353,1517.8379610598522,-2645.2092588655005,5192.8874715320735,1514.790263030332,-2644.2856602721963,0.28750565546558909,-0.91661333409904222,0.27777777777773993,5192.4094998579549,1516.3141120450921,-2644.7474595688482,3.3249549358954917
5,84,4,5192.8877590377288,1514.7893464169979,-2644.285938049974,5196.0988646113683,1504.5518358496593,-2647.3883944834351,0.28750565546551166,-0.91661333409905354,-0.2777777777777824,5194.4933118245481,1509.6705911333286,-2645.8371662667046,11.168843160459978
5,85,0,5185.4052630194492,1512.070639150603,-2645.8605253378628,5184.0001220703089,1512.8849470521386,-2646.5460600431102,-0.79710581865584651,0.46193911499665669,-0.38888888888871392,5184.702692544879,1512.4777931013709,-2646.2032926904867,1.7628035277798002
5,85,1,5184.0009191761274,1512.8854089912536,-2646.5464489319988,5188.3896690985221,1515.4287792786656,-2648.6876151874521,0.79710581865579733,0.46193911499659496,-0.38888888888888767,5186.1952941373247,1514.1570941349596,-2647.6170320597257,5.5058560854513585
5,85,2,5188.3904662043406,1515.4292412177806,-2648.6872262985635,5192.5484497504258,1517.8388776731863,-2646.6586454459207,0.79710581865580266,0.4619391149965954,0.38888888888887652,5190.4694579773832,1516.6340594454834,-2647.6729358722423,5.2163507639387685
5,85,3,5192.5492468562443,1517.8384157340713,-2646.658256557032,5197.4123590664376,1515.0201428047706,-2644.2856602721963,0.79710581865582963,-0.46193911499659435,0.38888888888882261,5194.9808029613414,1516.4292792694209,-2645.4719584146142,6.1009618752928612
5,85,4,5197.4131561722561,1515.0196808656556,-2644.286049161085,5206.4350490343531,1509.7913095418351,-2648.6876151874521,0.79710581865584795,-0.46193911499653961,-0.38888888888884976,5201.9241026033051,1512.4054952037454,-2646.4868321742688,11.318312639230989
5,86,0,5185.4052630194492,1512.070639150603,-2645.8605253378628,5190.187715394226,1513.1220478893642,-2648.6876151874521,0.84582603122281252,0.18595248023580968,-0.50000000000001665,5187.7964892068376,1512.5963435199837,-2647.2740702626575,5.654179699178524
5,86,1,5190.1885612202568,1513.1222338418445,-2648.687115187452,5197.6342915054111,1514.7591567581203,-2644.2856602721963,0.84582603122283406,0.18595248023580432,0.49999999999998201,5193.9114263628344,1513.9406952999825,-2646.4863877298239,8.8029098305117692
5,86,2,5197.6351373314419,1514.7593427106005,-2644.2861602721964,5205.0808676165971,1516.3962656268768,-2648.6876151874521,0.84582603122285549,0.18595248023583799,-0.49999999999993361,5201.3580024740195,1515.5778041687386,-2646.486887729824,8.8029098305126219
5,86,3,5205.0817134426279,1516.3964515793571,-2648.687115187452,5209.7534988480702,1517.4235304953556,-2645.9254448007605,0.84582603122283428,0.1859524802358683,0.49999999999995787,5207.4176061453491,1516.9099910373563,-2647.3062799941063,5.5233407733835627
5,86,4,5209.7526530220393,1517.4237164478359,-2645.9249448007604,5207.8642449130948,1517.8388776731863,-2644.8086348036468,-0.84582603122265998,0.18595248023581851,0.50000000000027134,5208.8084489675675,1517.6312970605111,-2645.3667898022036,2.2326199942259954
5,87,0,5185.4052630194492,1512.070639150603,-2645.8605253378628,5184.0001220703089,1510.071970744129,-2647.7467740909824,-0.45524072330165188,-0.64753308311174862,-0.61111111111121341,5184.702692544879,1511.0713049473661,-2646.8036497144226,3.086588868740674
5,87,1,5184.0005773110324,1510.0713232110459,-2647.7473852020935,5184.7009916396573,1509.0750559035398,-2648.6876151874521,0.4552407233011912,-0.64753308311212054,-0.61111111111116267,5184.3507844753449,1509.5731895572928,-2648.2175001947726,1.5385581578594885
5,87,2,5184.7014468803809,1509.0744083704567,-2648.6870040763411,5187.8809897319334,1504.5518358496595,-2644.4188139400417,0.45524072330163617,-0.64753308311179125,0.61111111111118011,5186.2912183061571,1506.813122110058,-2646.5529090081914,6.9843111321254714
5,87,3,5187.8814449726569,1504.5524833827426,-2644.4182028289306,5187.9801811407597,1504.6929254215879,-2644.2856602721963,0.45524072330299842,0.64753308311063396,0.61111111111139171,5187.9308130567078,1504.6227044021653,-2644.3519315505637,0.21688782011053889
5,87,4,5187.9806363814832,1504.693572954671,-2644.2862713833074,5191.2593706418611,1509.3572350473971,-2648.6876151874521,0.45524072330158882,0.64753308311182078,-0.61111111111118399,5189.6200035116726,1507.0254040010341,-2646.4869432853798,7.202198952235995
5,88,0,5185.4052630194492,1512.070639150603,-2645.8605253378628,5185.0573254199753,1514.7556495919757,-2648.6876151874526,-0.088885843625793923,0.68592592058563551,-0.72222222222227372,5185.2312942197123,1513.4131443712895,-2647.2740702626579,3.914432099431767
5,88,1,5185.0572365341313,1514.7563355178963,-2648.6868929652305,5184.6577847103081,1517.8388776731863,-2645.4412357030201,-0.088885843625977318,0.68592592058565649,0.72222222222223142,5184.8575106222197,1516.2976065955413,-2647.0640643341253,4.4939869784451716
5,88,2,5184.6576958244641,1517.8381917472657,-2645.440513480798,5184.5155649144026,1516.7413773238407,-2644.2856602721963,-0.088885843626280284,-0.68592592058563573,0.72222222222221377,5184.5866303694329,1517.2897845355533,-2644.8630868764972,1.5990275196023831
5,88,3,5184.5154760285586,1516.74069139792,-2644.2863824944184,5184.0001220703089,1512.7637404705267,-2648.4737768620171,-0.088885843625850058,-0.685925920585719,-0.72222222222218768,5184.2577990494337,1514.7522159342234,-2646.380079678218,5.7979306628292449
5,88,4,5184.0002109561528,1512.7630545446061,-2648.4744990842391,5184.026439731786,1512.5606488932845,-2648.6876151874521,0.088885843624102845,-0.68592592058545465,-0.72222222222265353,5184.013325343969,1512.6618517189454,-2648.5810571358456,0.29508383521781917
5,89,0,5185.4052630194492,1512.070639150603,-2645.8605253378628,5186.8391934187057,1510.8621210920464,-2648.6876151874521,0.42267563570851446,-0.35623147325036603,-0.83333333333323278,5186.1222282190774,1511.4663801213246,-2647.2740702626575,3.3925078195076366
5,89,1,5186.8396160943412,1510.8617648605732,-2648.6867818541186,5189.0719123293038,1508.9803832304744,-2644.2856602721963,0.42267563570835875,-0.35623147325038268,0.83333333333330473,5187.9557642118225,1509.9210740455237,-2646.4862210631572,5.2813458983069719
5,89,2,5189.0723350049393,1508.9800269990012,-2644.2864936055298,5191.3046312399019,1507.0986453689025,-2648.6876151874521,0.42267563570835875,-0.35623147325038268,-0.83333333333330473,5190.1884831224206,1508.0393361839519,-2646.4870543964907,5.2813458983069719
5,89,3,5191.3050539155374,1507.0982891374292,-2648.6867818541186,5193.5373501505001,1505.2169075073307,-2644.2856602721963,0.42267563570836519,-0.35623147325034504,0.83333333333331749,5192.4212020330187,1506.15759832238,-2646.4862210631572,5.2813458983068911
5,89,4,5193.5377728261356,1505.2165512758575,-2644.2864936055298,5194.3264707274466,1504.5518358496593,-2645.8414643574893,0.4226756357084257,-0.35623147325039511,-0.83333333333326531,5193.9321217767911,1504.8841935627584,-2645.0639789815095,1.8659649023514862
5,90,0,5185.4052630194492,1512.070639150603,-2645.8605253378628,5184.4222626305937,1512.0299889983498,-2648.6876151874526,-0.32839043169290333,-0.013579975347059467,-0.94444444444452191,5184.913762825021,1512.0503140744763,-2647.2740702626579,2.993389252506613
5,90,1,5184.421934240162,1512.0299754183745,-2648.6866707430081,5184.0001220703089,1512.0125321608527,-2647.4735472108659,-0.32839043169286164,-0.01357997534709432,0.94444444444453624,5184.2110281552359,1512.0212537896136,-2648.080108976937,1.2844837399151063
5,90,2,5184.0004504607405,1512.0125185808774,-2647.4726027664215,5185.1085743187568,1511.9666941803437,-2644.2856602721963,0.32839043169316523,-0.013579975347073951,0.94444444444443076,5184.5545123897482,1511.9896063806104,-2645.8791315193089,3.3744096997678548
5,90,3,5185.1089027091884,1511.9666806003684,-2644.2866047166408,5186.6391671274887,1511.9033993623377,-2648.6876151874521,0.32839043169291832,-0.013579975347023307,-0.94444444444451725,5185.874034918339,1511.9350399813529,-2646.4871099520465,4.6598934396822393
5,90,4,5186.6394955179203,1511.9033857823624,-2648.6866707430077,5188.1697599362205,1511.8401045443318,-2644.2856602721963,0.32839043169291832,-0.013579975347023307,0.94444444444451725,5187.40462772707,1511.871745163347,-2646.486165507602,4.6598934396822393
6,91,0,5185.4052630194492,1512.070639150603,-2645.8605253378628,5185.9817759104262,1512.070639150603,-2644.2039014406287,0.32867109906058284,0,0.94444444444462095,5185.6935194649377,1512.070639150603,-2645.032213389246,1.7540723617769678
6,91,1,5185.9821045815252,1512.070639150603,-2644.2048458850732,5187.5421293369436,1512.0706391506033,-2648.6876151874521,0.32867109906119851,4.7903826875789422E-14,-0.94444444444440667,5186.7621169592348,1512.0706391506033,-2646.4462305362626,4.7464616142838194
6,91,2,5187.5424580080426,1512.0706391506033,-2648.6866707430077,5189.102482763461,1512.0706391506035,-2644.2039014406287,0.32867109906119851,4.7903826875789422E-14,0.94444444444440667,5188.3224703857522,1512.0706391506033,-2646.4452860918182,4.7464616142838194
6,91,3,5189.10281143456,1512.0706391506035,-2644.2048458850732,5190.6628361899775,1512.0706391506037,-2648.6876151874521,0.32867109906102754,4.7903826875792432E-14,-0.94444444444446607,5189.8828238122687,1512.0706391506037,-2646.4462305362626,4.746461614283521
6,91,4,5190.6631648610764,1512.0706391506037,-2648.6866707430077,5192.223189616494,1512.0706391506042,-2644.2039014406287,0.32867109906102754,9.5807653751584865E-14,0.94444444444446607,5191.4431772387852,1512.0706391506039,-2646.4452860918182,4.746461614283521
6,92,0,5185.4052630194492,1512.070639150603,-2645.8605253378628,5184.5949831235394,1511.3283563914649,-2644.2039014406287,-0.4075959834449967,-0.3733913092653427,0.83333333333343806,5185.0001230714943,1511.699497771034,-2645.032213389246,1.9879486766806849
6,92,1,5184.5945755275561,1511.3279830001557,-2644.2047347739622,5184.0001220703089,1510.7834149383636,-2645.4200997460416,-0.40759598344506881,-0.37339130926538616,-0.83333333333338322,5184.2973487989329,1511.0556989692595,-2644.8124172600019,1.4584379664952429
6,92,2,5184.0005296662921,1510.7830415470544,-2645.4209330793751,5185.5983134740263,1509.3193406959078,-2648.6876151874526,0.40759598344533021,-0.37339130926533776,-0.83333333333327719,5184.7994215701592,1510.0511911214812,-2647.0542741334139,3.9200185296932344
6,92,3,5185.5987210700096,1509.3189673045986,-2648.6867818541191,5187.7913659309752,1507.3103250003505,-2644.2039014406287,0.40759598344535025,-0.37339130926535802,0.83333333333325832,5186.6950435004928,1508.3146461524746,-2646.4453416473739,5.3794564961889888
6,92,4,5187.7917735269584,1507.3099516090413,-2644.2047347739622,5189.9844183879231,1505.3013093047937,-2648.6876151874521,0.40759598344525094,-0.37339130926533737,-0.83333333333331627,5188.8880959574408,1506.3056304569175,-2646.4461749807069,5.3794564961880686
6,93,0,5185.4052630194492,1512.070639150603,-2645.8605253378628,5185.5439659572467,1513.651087586853,-2644.2039014406282,0.060468971944741365,0.6890127467326046,0.72222222222245258,5185.4746144883484,1512.8608633687281,-2645.0322133892455,2.2937869346317461
6,93,1,5185.5440264262188,1513.6517765995998,-2644.2046236628503,5185.9193705798452,1517.9286296358325,-2648.6876151874521,0.06046897194486154,0.6890127467328272,-0.72222222222223031,5185.731698503032,1515.7902031177161,-2646.4461194251512,6.2072190340640407
6,93,2,5185.9194310488174,1517.9293186485793,-2648.6868929652301,5185.9272749773954,1518.0186961689963,-2648.5932075701221,0.060468971946465513,0.68901274673370116,0.72222222222126198,5185.923353013106,1517.9740074087877,-2648.6400502676761,0.12971823938043636
6,93,3,5185.9273354463676,1518.0180071562495,-2648.5924853479,5186.2947752024456,1513.8312206531805,-2644.2039014406287,0.060468971945094041,-0.68901274673281931,0.72222222222221799,5186.1110553244071,1515.924613904715,-2646.3981933942641,6.0765007946834677
6,93,4,5186.2948356714178,1513.8305316404337,-2644.2046236628507,5186.6701798250442,1509.5536786042012,-2648.6876151874521,0.060468971944866265,-0.68901274673284441,-0.72222222222221344,5186.482507748231,1511.6921051223176,-2646.4461194251517,6.2072190340635558
6,94,0,5185.4052630194492,1512.070639150603,-2645.8605253378628,5186.7108211096674,1510.3677698112174,-2644.2039014406287,0.48160663169551732,-0.62817056774699975,0.61111111111099115,5186.0580420645583,1511.2192044809103,-2645.032213389246,2.7108391045654434
6,94,1,5186.7113027162995,1510.3671416406496,-2644.2045125517398,5190.2443622870933,1505.7588910676511,-2648.6876151874517,0.4816066316952895,-0.62817056774706037,-0.61111111111110827,5188.477832501696,1508.0630163541505,-2646.4460638695955,7.3359861311650088
6,94,2,5190.2448438937254,1505.7582628970833,-2648.6870040763406,5191.1697889588531,1504.5518358496593,-2647.5133404071398,0.48160663169534751,-0.62817056774698621,0.61111111111113881,5190.7073164262893,1505.1550493733712,-2648.1001722417404,1.9205405496011856
6,94,3,5191.1702705654852,1504.552464020227,-2647.5127292960287,5193.7779034645191,1507.9536593752327,-2644.2039014406287,0.4816066316952638,0.62817056774700186,0.61111111111118899,5192.4740870150017,1506.2530616977299,-2645.8583153683285,5.4144455815630579
6,94,4,5193.7783850711512,1507.9542875458005,-2644.2045125517398,5197.3114446419459,1512.5625381187988,-2648.6876151874521,0.48160663169537593,0.62817056774698043,-0.6111111111111226,5195.5449148565485,1510.2584128322997,-2646.4460638695959,7.3359861311655834
6,95,0,5185.4052630194492,1512.070639150603,-2645.8605253378628,5184.0001220703089,1512.3191887995404,-2645.036673001794,-0.85278689373229077,0.15084599390915518,0.49999999999998984,5184.702692544879,1512.1949139750718,-2645.4485991698284,1.6477046721375126
6,95,1,5184.0009748572029,1512.3193396455342,-2645.0361730017939,5185.4204754159782,1512.5704293072265,-2644.2039014406287,0.85278689373224803,0.15084599390899475,0.5000000000001108,5184.7107251365906,1512.4448844763804,-2644.6200372212115,1.6645431223301732
6,95,2,5185.4213282028722,1512.5705801532204,-2644.2044014406288,5193.0677800530539,1513.9231298203144,-2648.6876151874521,0.85278689373224237,0.15084599390923298,-0.50000000000004918,5189.2445541279631,1513.2468549867674,-2646.4460083140402,8.9664274936458508
6,95,3,5193.0686328399479,1513.9232806663083,-2648.687115187452,5200.7150846901286,1515.2758303334024,-2644.2039014406287,0.85278689373221461,0.150845993909246,0.50000000000009237,5196.8918587650387,1514.5995554998553,-2646.4455083140401,8.9664274936450763
6,95,4,5200.7159374770226,1515.2759811793962,-2644.2044014406288,5208.3623893272033,1516.6285308464903,-2648.6876151874521,0.85278689373221461,0.150845993909246,-0.50000000000009237,5204.5391634021125,1515.9522560129433,-2646.4460083140402,8.9664274936450763
6,96,0,5185.4052630194492,1512.070639150603,-2645.8605253378628,5188.7166408733874,1514.1770666870955,-2644.2039014406287,0.77733881326903642,0.49447932361657093,0.38888888888882456,5187.0609519464178,1513.1238529188493,-2645.032213389246,4.2598900214598512
6,96,1,5188.7174182122008,1514.1775611664191,-2644.2042903295173,5194.7558169518506,1518.018696168996,-2647.2251946462015,0.77733881326900645,0.49447932361656655,-0.38888888888889028,5191.7366175820262,1516.0981286677074,-2645.7147424878594,7.7680396714736535
6,96,2,5194.756594290664,1518.0182016896724,-2647.2255835350902,5197.6790073039429,1516.159201745932,-2648.6876151874521,0.77733881326898446,-0.49447932361652924,-0.38888888888898154,5196.2178007973034,1517.0887017178022,-2647.9565993612714,3.7595099632154945
6,96,3,5197.6797846427562,1516.1587072666084,-2648.6872262985635,5206.6413737344992,1510.458077840967,-2644.2039014406287,0.77733881326902421,-0.49447932361655417,0.38888888888887013,5202.1605791886277,1513.3083925537876,-2646.4455638695963,11.528549634690052
6,96,4,5206.6421510733126,1510.4575833616434,-2644.2042903295173,5210.3702967121362,1508.0860422751032,-2646.069415793922,0.77733881326897669,-0.49447932361662467,-0.38888888888887585,5208.5062238927239,1509.2718128183733,-2645.1368530617196,4.7960369084692029
6,97,0,5185.4052630194492,1512.070639150603,-2645.8605253378628,5184.0001220703089,1506.8435848584093,-2644.2954241876464,-0.24938767073474166,-0.92770970451879609,0.27777777777775553,5184.702692544879,1509.4571120045061,-2645.0779747627548,5.6343641407794136
6,97,1,5184.0003714579798,1506.8426571487048,-2644.2951464098687,5184.0822907912216,1506.5379213122762,-2644.2039014406287,0.24938767073406584,-0.92770970451883383,0.27777777777823598,5184.0413311246011,1506.6902892304906,-2644.2495239252485,0.3284818892636433
6,97,2,5184.0825401788925,1506.5369936025718,-2644.2041792184064,5184.6161918865637,1504.5518358496595,-2644.7985814397657,0.24938767073462789,-0.92770970451877632,-0.27777777777792401,5184.3493660327276,1505.5444147261155,-2644.5013803290858,2.139847996892569
6,97,3,5184.6164412742346,1504.5527635593639,-2644.7988592175434,5188.1077493304438,1517.5402555058092,-2648.6876151874521,0.24938767073472093,0.92770970451880808,-0.2777777777777341,5186.3620953023392,1511.0465095325867,-2646.7432372024978,13.999521491673676
6,97,4,5188.1079987181147,1517.5411832155137,-2648.6873374096745,5188.2363641352649,1518.018696168996,-2648.5443589688625,0.24938767073525933,0.92770970451879775,0.27777777777728513,5188.1721814266893,1517.7799396922549,-2648.6158481892685,0.51472238692386207
6,98,0,5185.4052630194492,1512.070639150603,-2645.8605253378628,5184.0001220703089,1514.7761525433705,-2645.3452106266591,-0.45446045513259953,0.87503595180019222,0.16666666666673957,5184.702692544879,1513.4233958469868,-2645.6028679822612,3.0918882672208499
6,98,1,5184.0005765307642,1514.7770275793223,-2645.3450439599924,5185.6841761355818,1518.018696168996,-2644.7276086452862,0.4544604551325539,0.87503595180022653,0.16666666666668378,5184.842376333173,1516.3978618741592,-2645.0363263026393,3.7046118882368155
6,98,2,5185.6846305960371,1518.0178211330442,-2644.7274419786195,5187.1122014230914,1515.2691203752431,-2644.2039014406287,0.45446045513261857,-0.875035951800201,0.16666666666664154,5186.3984160095642,1516.6434707541437,-2644.4656717096241,3.1412432279453428
6,98,3,5187.1126558835467,1515.2682453392913,-2644.2040681072954,5192.678352154684,1504.5518358496593,-2646.2452050966931,0.45446045513259853,-0.87503595180020244,-0.16666666666668847,5189.8955040191158,1509.9100405944753,-2645.2246366019945,12.246821936384766
6,98,4,5192.6788066151394,1504.5527108856111,-2646.2453717633598,5199.3382249634815,1517.3750156803785,-2648.6876151874521,0.454460455132496,0.87503595180025029,-0.16666666666671634,5196.00851578931,1510.9638632829947,-2647.466493475406,14.653460544549668
6,100,0,5185.4052630194492,1512.070639150603,-2645.8605253378628,5184.0001220703089,1511.4906173931611,-2645.9451085690075,-0.92291799458152568,-0.38096713181655284,-0.055555555555535381,5184.702692544879,1511.7806282718821,-2645.9028169534349,1.5224981606057626
6,101,0,5185.4052630194492,1512.070639150603,-2645.8605253378628,5188.188706488414,1518.018696168996,-2646.9705696077517,0.41791778707512223,0.89306603645445137,-0.16666666666664134,5186.7969847539316,1515.0446676597994,-2646.4155474728072,6.6602656193345977
6,101,1,5188.1891244062008,1518.0178031029595,-2646.9707362744184,5192.4942098222655,1508.8180856273502,-2648.6876151874521,0.41791778707509791,-0.89306603645445037,-0.16666666666670682,5190.3416671142331,1513.4179443651549,-2647.8291757309353,10.301273478199866
6,101,2,5192.4946277400522,1508.8171925613137,-2648.6874485207854,5194.4906374025595,1504.5518358496593,-2647.8914348372973,0.41791778707501581,-0.89306603645447369,0.16666666666678887,5193.4926325713059,1506.6845142054865,-2648.2894416790414,4.776082100925259
6,101,3,5194.4910553203463,1504.5527289156958,-2647.8912681706306,5200.7925683167068,1518.018696168996,-2645.378208907443,0.41791778707515742,0.89306603645442972,0.16666666666666899,5197.6418118185265,1511.2857125423459,-2646.6347385390368,15.078355579125645
6,101,4,5200.7929862344936,1518.0178031029595,-2645.3780422407763,5203.7371521839686,1511.7262914791952,-2644.2039014406287,0.41791778707523342,-0.89306603645439986,0.16666666666663854,5202.2650692092311,1514.8720472910773,-2644.7909718407027,7.0448448008867732
6,102,0,5185.4052630194492,1512.070639150603,-2645.8605253378628,5187.7636167449919,1504.5518358496593,-2648.1390831493059,0.28750565546557244,-0.91661333409904122,-0.27777777777776097,5186.584439882221,1508.311237500131,-2646.9998042435845,8.2028081211955808
6,102,1,5187.7639042506471,1504.5527524629933,-2648.1393609270835,5188.3313585724072,1506.3618862589028,-2648.6876151874521,0.28750565546535828,0.91661333409909018,-0.27777777777782103,5188.0476314115276,1505.4573193609481,-2648.4134880572678,1.9737153373266318
6,102,2,5188.3316460780625,1506.3628028722369,-2648.6873374096745,5191.9876426882529,1518.0186961689963,-2645.1550430195102,0.28750565546556622,0.91661333409906076,0.27777777777770296,5190.1596443831577,1512.1907495206165,-2646.9211902145926,12.716259804594635
6,102,3,5191.9879301939081,1518.0177795556622,-2645.1547652417325,5192.9720935873302,1514.8801115752469,-2644.2039014406287,0.28750565546562679,-0.9166133340990491,0.27777777777767787,5192.4800118906187,1516.4489455654546,-2644.6793333411806,3.4231096839751936
6,102,4,5192.9723810929854,1514.8791949619128,-2644.2041792184064,5196.2116686315139,1504.5518358496593,-2647.3338640678353,0.28750565546551138,-0.91661333409906931,-0.27777777777773122,5194.5920248622497,1509.7155154057859,-2645.7690216431211,11.266865457946075
6,103,0,5185.4052630194492,1512.070639150603,-2645.8605253378628,5184.0001220703089,1512.8849470521382,-2646.5460600431102,-0.79710581865594143,0.46193911499645368,-0.38888888888876022,5184.702692544879,1512.4777931013705,-2646.2032926904867,1.7628035277795904
6,103,1,5184.0009191761274,1512.8854089912531,-2646.5464489319988,5188.3896690985221,1515.4287792786649,-2648.6876151874521,0.79710581865581265,0.46193911499656254,-0.38888888888889517,5186.1952941373247,1514.1570941349592,-2647.6170320597257,5.5058560854512528
6,103,2,5188.3904662043406,1515.4292412177799,-2648.6872262985635,5192.8587381946363,1518.018696168996,-2646.5072631256817,0.79710581865578833,0.46193911499661855,0.38888888888887835,5190.6246021994884,1516.7239686933881,-2647.5972447121226,5.6056195874104899
6,103,3,5192.8595353004548,1518.018234229881,-2646.506874236793,5197.5799401988152,1515.2826631047687,-2644.2039014406287,0.79710581865585384,-0.46193911499654855,0.38888888888882739,5195.219737749635,1516.6504486673248,-2645.3553878387111,5.9219300472806689
6,103,4,5197.5807373046337,1515.2822011656538,-2644.2042903295173,5206.7702112991064,1509.9567131502113,-2648.6876151874521,0.79710581865579466,-0.46193911499658646,-0.38888888888890333,5202.1754743018701,1512.6194571579326,-2646.445952758485,11.528549634689067
6,104,0,5185.4052630194492,1512.070639150603,-2645.8605253378628,5190.187715394226,1513.122047889364,-2648.6876151874521,0.84582603122281896,0.18595248023577085,-0.50000000000002043,5187.7964892068376,1512.5963435199835,-2647.2740702626575,5.6541796991784814
6,104,1,5190.1885612202568,1513.1222338418443,-2648.687115187452,5197.7725990014542,1514.789563273142,-2644.2039014406287,0.84582603122279665,0.18595248023578129,0.50000000000005385,5193.980580110856,1513.9558985574931,-2646.4455083140401,8.9664274936457655
6,104,2,5197.773444827485,1514.7897492256222,-2644.2044014406288,5205.3574826086842,1516.4570786569204,-2648.6876151874521,0.8458260312228465,0.18595248023579836,-0.49999999999996347,5201.5654637180851,1515.6234139412713,-2646.4460083140402,8.9664274936473891
6,104,3,5205.3583284347151,1516.4572646094007,-2648.687115187452,5210.3702967121362,1517.5591317755152,-2645.7243497413624,0.84582603122287037,0.18595248023576411,0.49999999999993583,5207.8643125734252,1517.0081981924579,-2647.2057324644074,5.9255308921800278
6,104,4,5210.3694508861054,1517.5593177279954,-2645.7238497413623,5208.2799157366526,1518.018696168996,-2644.4886458860069,-0.84582603122280953,0.18595248023590261,0.49999999999998712,5209.324683311379,1517.7890069484956,-2645.1062478136846,2.4704077107108513
6,105,0,5185.4052630194492,1512.070639150603,-2645.8605253378628,5184.000122070308,1510.0719707441281,-2647.7467740909829,-0.45524072330175769,-0.6475330831117746,-0.61111111111110716,5184.702692544879,1511.0713049473657,-2646.803649714423,3.0865888687419547
6,105,1,5184.0005773110315,1510.071323211045,-2647.7473852020939,5184.7009916396564,1509.0750559035398,-2648.6876151874517,0.45524072330152993,-0.6475330831120113,-0.61111111111102623,5184.350784475344,1509.5731895572924,-2648.2175001947726,1.5385581578583438
6,105,2,5184.70144688038,1509.0744083704567,-2648.6870040763406,5187.8809897319325,1504.5518358496593,-2644.4188139400417,0.45524072330164478,-0.64753308311183599,0.61111111111112648,5186.2912183061562,1506.813122110058,-2646.5529090081909,6.9843111321253399
6,105,3,5187.881444972656,1504.5524833827424,-2644.4182028289306,5188.0410865128615,1504.7795570460401,-2644.2039014406291,0.45524072330011311,0.64753308311225088,0.61111111111182781,5187.9612657427588,1504.6660202143912,-2644.3110521347799,0.35067499903834903
6,105,4,5188.0415417535851,1504.7802045791232,-2644.2045125517402,5191.3811813860666,1509.5304982963025,-2648.6876151874521,0.45524072330153842,0.64753308311191193,-0.61111111111112515,5189.7113615698254,1507.1553514377129,-2646.4460638695964,7.3359861311648071
6,106,0,5185.4052630194492,1512.070639150603,-2645.8605253378628,5185.0573254199753,1514.7556495919757,-2648.6876151874521,-0.088885843625801375,0.68592592058569302,-0.7222222222222181,5185.2312942197123,1513.4131443712895,-2647.2740702626575,3.9144320994314388
6,106,1,5185.0572365341313,1514.7563355178963,-2648.6868929652301,5184.634482895608,1518.018696168996,-2645.2519019721567,-0.08888584362593864,0.68592592058570467,0.72222222222219035,5184.8458597148692,1516.3875158434462,-2646.9693974686934,4.7561413750248764
6,106,2,5184.634394009764,1518.0180102430754,-2645.2511797499346,5184.5055026337177,1517.0233643898785,-2644.2039014406287,-0.088885843625620728,-0.68592592058565782,0.72222222222227395,5184.5699483217413,1517.5206873164771,-2644.7275405952814,1.4500776590389262
6,106,3,5184.5054137478737,1517.0226784639578,-2644.2046236628507,5184.0001220703089,1513.1233774621373,-2648.3102591988913,-0.088885843625858232,-0.68592592058570689,-0.7222222222221979,5184.2527679090908,1515.0730279630475,-2646.257441430871,5.6847261268256499
6,106,4,5184.0002109561528,1513.1226915362167,-2648.3109814211134,5184.0465642931576,1512.7649860337401,-2648.6876151874521,0.088885843625877689,-0.68592592058601065,-0.72222222222190724,5184.0233876246548,1512.9438387849784,-2648.499298304283,0.52149290723846564
6,107,0,5185.4052630194492,1512.070639150603,-2645.8605253378628,5186.8391934187048,1510.8621210920467,-2648.6876151874517,0.42267563570835159,-0.35623147325038768,-0.83333333333330628,5186.1222282190774,1511.4663801213248,-2647.274070262657,3.3925078195067919
6,107,1,5186.8396160943403,1510.8617648605734,-2648.6867818541182,5189.113381288631,1508.9454331476504,-2644.2039014406287,0.42267563570823785,-0.3562314732503673,0.83333333333337256,5187.9764986914852,1509.903599004112,-2646.4453416473734,5.37945649618716
6,107,2,5189.1138039642665,1508.9450769161772,-2644.2047347739622,5191.3875691585563,1507.0287452032539,-2648.6876151874521,0.42267563570806294,-0.35623147325040461,-0.8333333333334455,5190.2506865614114,1507.9869110597156,-2646.4461749807069,5.3794564961872346
6,107,3,5191.3879918341918,1507.0283889717807,-2648.6867818541186,5193.6617570284825,1505.1120572588572,-2644.2039014406291,0.42267563570822525,-0.35623147325044119,0.83333333333334758,5192.5248744313376,1506.0702231153191,-2646.4453416473739,5.3794564961873208
6,107,4,5193.662179704118,1505.111701027384,-2644.2047347739626,5194.326470727442,1504.5518358496595,-2645.514429031221,0.42267563570823857,-0.35623147325022542,-0.83333333333343285,5193.99432521578,1504.8317684385217,-2644.8595819025918,1.5716331087098239
6,108,0,5185.4052630194492,1512.070639150603,-2645.8605253378628,5184.4222626305937,1512.0299889983496,-2648.6876151874521,-0.32839043169295012,-0.013579975347137362,-0.9444444444445047,5184.913762825021,1512.0503140744763,-2647.2740702626575,2.9933892525061863
6,108,1,5184.421934240162,1512.0299754183743,-2648.6866707430077,5184.0001220703089,1512.0125321608525,-2647.4735472108659,-0.32839043169297139,-0.013579975347098859,0.94444444444449793,5184.2110281552359,1512.0212537896134,-2648.0801089769366,1.2844837399146769
6,108,2,5184.0004504607405,1512.0125185808772,-2647.4726027664215,5185.1370024789849,1511.9655185866663,-2644.2039014406287,0.32839043169314169,-0.013579975347122146,0.94444444444443831,5184.5687264698627,1511.9890185837717,-2645.8382521035251,3.4609778743688593
6,108,3,5185.1373308694165,1511.965505006691,-2644.2048458850732,5186.6960234479457,1511.9010481749831,-2648.6876151874521,0.32839043169307636,-0.013579975347106414,-0.94444444444446107,5185.9166771586806,1511.9332765908371,-2646.4462305362626,4.746461614283545
6,108,4,5186.6963518383773,1511.9010345950078,-2648.6866707430077,5188.2550444169074,1511.8365777632998,-2644.2039014406287,0.32839043169324739,-0.013579975347105562,0.9444444444444019,5187.4756981276423,1511.8688061791538,-2646.4452860918182,4.7464616142838434
7,109,0,5185.4052630194492,1512.070639150603,-2645.8605253378628,5186.0212685853512,1512.0706391506028,-2644.0904182730033,0.32867109906100517,-1.2131571521766823E-13,0.94444444444447384,5185.7132658024002,1512.0706391506028,-2644.9754718054328,1.8742310098512092
7,109,1,5186.0215972564501,1512.0706391506028,-2644.0913627174477,5187.6211146867927,1512.0706391506026,-2648.6876151874521,0.32867109906117931,-4.6721063733268337E-14,-0.94444444444441344,5186.8213559716214,1512.0706391506028,-2646.3894889524499,4.8666202623577615
7,109,2,5187.6214433578916,1512.0706391506026,-2648.6866707430077,5189.2209607882342,1512.0706391506023,-2644.0904182730033,0.32867109906117931,-4.6721063733268337E-14,0.94444444444441344,5188.4212020730629,1512.0706391506023,-2646.3885445080055,4.8666202623577615
7,109,3,5189.2212894593331,1512.0706391506023,-2644.0913627174477,5190.8208068896756,1512.0706391506021,-2648.6876151874526,0.32867109906115027,-4.672106373326421E-14,-0.94444444444442344,5190.0210481745044,1512.0706391506023,-2646.3894889524499,4.8666202623581913
7,109,4,5190.8211355607746,1512.0706391506021,-2648.6866707430081,5192.4206529911171,1512.0706391506021,-2644.0904182730037,0.32867109906117931,0,0.94444444444441344,5191.6208942759458,1512.0706391506021,-2646.3885445080059,4.8666202623577615
7,110,0,5185.4052630194492,1512.070639150603,-2645.8605253378628,5184.5394767835642,1511.2775080372176,-2644.0904182730037,-0.40759598344501169,-0.37339130926553393,0.83333333333334525,5184.9723699015067,1511.6740735939102,-2644.9754718054332,2.1241284778308605
7,110,1,5184.5390691875809,1511.2771346459083,-2644.0912516063372,5184.0001220703089,1510.7834149383632,-2645.1931334107921,-0.40759598344488318,-0.37339130926527259,-0.83333333333352511,5184.2695956289444,1511.0302747921357,-2644.6421925085647,1.322258165345616
7,110,2,5184.0005296662921,1510.7830415470539,-2645.1939667441256,5185.7093261539767,1509.2176439874138,-2648.6876151874526,0.40759598344540171,-0.37339130926533209,-0.83333333333324466,5184.8549279101344,1510.0003427672339,-2646.9407909657893,4.1923781319927826
7,110,3,5185.7097337499599,1509.2172705961045,-2648.6867818541191,5187.9578849509007,1507.1577799376089,-2644.0904182730033,0.407595983445313,-0.37339130926544106,0.83333333333323933,5186.8338093504299,1508.1875252668567,-2646.3886000635612,5.5156362973396282
7,110,4,5187.958292546884,1507.1574065462996,-2644.0912516063368,5190.2064437478239,1505.097915887804,-2648.6876151874521,0.40759598344520354,-0.3733913092654918,-0.83333333333327009,5189.0823681473539,1506.1276612170518,-2646.3894333968947,5.5156362973388786
7,111,0,5185.4052630194492,1512.070639150603,-2645.8605253378628,5185.553467479449,1513.7593525316697,-2644.0904182730037,0.060468971944794142,0.68901274673302726,0.72222222222204491,5185.4793652494491,1512.9149958411363,-2644.9754718054332,2.4509174744208604
7,111,1,5185.5535279484211,1513.7600415444165,-2644.0911404952258,5185.9383736242489,1518.1451595254644,-2648.6876151874521,0.060468971944746944,0.68901274673285906,-0.72222222222220955,5185.745950786335,1515.9526005349403,-2646.389377841339,6.3643495738520039
7,111,2,5185.9384340932211,1518.1458485382111,-2648.6868929652301,5185.9506089990209,1518.2845753102413,-2648.5414797518279,0.060468971948164613,0.68901274673212332,0.72222222222262511,5185.944521546121,1518.2152119242262,-2648.614186358529,0.20134137240294417
7,111,3,5185.9506694679931,1518.2838862974945,-2648.5407575296058,5186.3232797690507,1514.0381841012231,-2644.0904182730033,0.060468971944888775,-0.68901274673285917,0.72222222222219745,5186.1369746185219,1516.1610351993588,-2646.3155879013048,6.1620082014498916
7,111,4,5186.3233402380229,1514.0374950884764,-2644.0911404952253,5186.7081859138516,1509.6523771074278,-2648.6876151874521,0.060468971944881725,-0.68901274673287372,-0.72222222222218402,5186.5157630759368,1511.8449360979521,-2646.3893778413385,6.3643495738528575
7,112,0,5185.4052630194492,1512.070639150603,-2645.8605253378628,5186.8002553305805,1510.2511187071211,-2644.0904182730033,0.48160663169528667,-0.62817056774698221,0.61111111111119143,5186.1027591750153,1511.1608789288621,-2644.9754718054328,2.8965388334061242
7,112,1,5186.8007369372126,1510.2504905365533,-2644.0910293841143,5190.4232307289212,1505.5255888594575,-2648.6876151874521,0.48160663169532852,-0.62817056774704727,-0.61111111111109118,5188.6119838330669,1507.8880396980053,-2646.3893222857832,7.5216858600075591
7,112,2,5190.4237123355533,1505.5249606888897,-2648.6870040763411,5191.1697889588531,1504.5518358496595,-2647.7403067423916,0.48160663169562096,-0.6281705677469841,0.61111111111092575,5190.7967506472032,1505.0383982692747,-2648.2136554093663,1.5491410919178124
7,112,3,5191.1702705654852,1504.5524640202273,-2647.7396956312805,5194.0462061272628,1508.3036126875256,-2644.0904182730033,0.48160663169529577,0.6281705677470788,0.61111111111108452,5192.6082383463745,1506.4280383538764,-2645.9150569521416,5.9715447680902747
7,112,4,5194.0466877338949,1508.3042408580934,-2644.0910293841143,5197.6691815256017,1513.0291425351891,-2648.6876151874521,0.48160663169515189,0.62817056774710212,-0.61111111111117389,5195.8579346297483,1510.6666916966412,-2646.3893222857832,7.5216858600065404
7,113,0,5185.4052630194492,1512.070639150603,-2645.8605253378628,5184.0001220703089,1512.3191887995404,-2645.036673001794,-0.85278689373229077,0.15084599390915518,0.49999999999998984,5184.702692544879,1512.1949139750718,-2645.4485991698284,1.6477046721375126
7,113,1,5184.0009748572029,1512.3193396455342,-2645.0361730017939,5185.6140293319977,1512.6046662696517,-2644.0904182730033,0.85278689373209993,0.15084599390927042,0.50000000000028055,5184.8075020945998,1512.4620029575931,-2644.5632956373984,1.8915094575803171
7,113,2,5185.6148821188917,1512.6048171156456,-2644.0909182730034,5193.4548878850928,1513.9916037451642,-2648.6876151874521,0.8527868937322215,0.15084599390921127,-0.50000000000009115,5189.5348850019927,1513.2982104304049,-2646.389266730228,9.1933938288958927
7,113,3,5193.4557406719869,1513.991754591158,-2648.687115187452,5201.295746438188,1515.3785412206767,-2644.0904182730033,0.8527868937322215,0.15084599390921127,0.50000000000009115,5197.375743555087,1514.6851479059173,-2646.3887667302279,9.1933938288958927
7,113,4,5201.296599225082,1515.3786920666705,-2644.0909182730034,5209.1366049912822,1516.7654786961891,-2648.6876151874521,0.85278689373219452,0.15084599390922401,-0.50000000000013345,5205.2166021081821,1516.0720853814298,-2646.389266730228,9.1933938288951165
7,114,0,5185.4052630194492,1512.070639150603,-2645.8605253378628,5188.9434791127114,1514.3213626070165,-2644.0904182730037,0.77733881326913046,0.49447932361652319,0.38888888888869722,5187.1743710660803,1513.1960008788096,-2644.9754718054332,4.5517038810684385
7,114,1,5188.9442564515248,1514.3218570863401,-2644.0908071618924,5195.1737882729112,1518.2845753102413,-2647.2073319860278,0.77733881326902377,0.49447932361654423,-0.38888888888888357,5192.0590223622185,1516.3032161982906,-2645.6490695739603,8.0139209763484551
7,114,2,5195.1745656117246,1518.2840808309177,-2647.2077208749165,5198.1326837825891,1516.4023681885812,-2648.6876151874521,0.77733881326894239,-0.49447932361656805,-0.38888888888901607,5196.6536246971573,1517.3432245097495,-2647.9476680311845,3.80544251794753
7,114,3,5198.1334611214024,1516.4018737092576,-2648.6872262985635,5207.3218884524676,1510.5569483636957,-2644.0904182730033,0.77733881326900311,-0.49447932361655894,0.38888888888890655,5202.7276747869346,1513.4794110364767,-2646.3888222857831,11.820363494297176
7,114,4,5207.322665791281,1510.5564538843721,-2644.0908071618919,5210.8772098326781,1508.2953439238859,-2645.8690828110284,0.77733881326908227,-0.49447932361655011,-0.3888888888887595,5209.0999378119795,1509.4258989041291,-2644.9799449864604,4.572708812066816
7,115,0,5185.4052630194492,1512.070639150603,-2645.8605253378628,5184.0001220703089,1506.8435848584083,-2644.2954241876459,-0.24938767073469867,-0.92770970451879775,0.27777777777778834,5184.702692544879,1509.4571120045057,-2645.0779747627544,5.6343641407803844
7,115,1,5184.0003714579798,1506.8426571487039,-2644.2951464098683,5184.1841754814504,1506.1589153430159,-2644.0904182730037,0.24938767073319054,-0.92770970451936141,0.27777777777726026,5184.0922734697151,1506.5007862458599,-2644.1927823414362,0.73702129271378891
7,115,2,5184.1844248691214,1506.1579876333114,-2644.0906960507814,5184.6161918865628,1504.5518358496593,-2644.5716151045153,0.249387670734768,-0.92770970451873991,-0.27777777777791884,5184.4003083778425,1505.3549117414855,-2644.3311555776481,1.7313085934413115
7,115,3,5184.6164412742337,1504.5527635593637,-2644.571892882293,5188.3078379803783,1518.2845753102415,-2648.683515445302,0.24938767073471735,0.9277097045187912,-0.27777777777779367,5186.462139627306,1511.4186694348027,-2646.6277041637977,14.801841226831375
7,115,4,5188.3080873680492,1518.2836476005371,-2648.6837932230796,5188.3115187109024,1518.2708831761579,-2648.6876151874521,0.24938767075474652,-0.92770970451319024,-0.27777777777851781,5188.3098030394758,1518.2772653883476,-2648.6857042052661,0.013759071740932721
7,116,0,5185.4052630194492,1512.070639150603,-2645.8605253378628,5184.0001220703089,1514.7761525433716,-2645.3452106266591,-0.45446045513245331,0.87503595180027838,0.16666666666668595,5184.702692544879,1513.4233958469872,-2645.6028679822612,3.0918882672218446
7,116,1,5184.0005765307642,1514.7770275793234,-2645.3450439599924,5185.822263668204,1518.2845753102413,-2644.6769670800836,0.45446045513249111,0.87503595180024074,0.16666666666677929,5184.9114200994845,1516.5308014447824,-2645.011005520038,4.0084612794498939
7,116,2,5185.8227181286593,1518.2837002742895,-2644.6768004134169,5187.4216430951437,1515.2050675481546,-2644.0904182730033,0.4544604551324698,-0.87503595180028904,0.16666666666658539,5186.6221806119011,1516.744383911222,-2644.3836093432101,3.5182928424836852
7,116,3,5187.4220975555991,1515.2041925122028,-2644.09058493967,5192.9545272199293,1504.5518358496593,-2646.1195218918465,0.45446045513264699,-0.87503595180018556,-0.16666666666664562,5190.1883123877642,1509.8780141809311,-2645.1050534157584,12.173621713060758
7,116,4,5192.9549816803847,1504.5527108856111,-2646.1196885585132,5199.9571083075934,1518.034879617052,-2648.6876151874521,0.45446045513260497,0.87503595180020532,-0.16666666666665722,5196.4560449939891,1511.2937952513316,-2647.4036518729827,15.407559773634567
7,118,0,5185.4052630194492,1512.070639150603,-2645.8605253378628,5184.0001220703089,1511.4906173931606,-2645.9451085690075,-0.92291799458142065,-0.38096713181680819,-0.05555555555552906,5184.702692544879,1511.7806282718818,-2645.9028169534349,1.5224981606059358
7,119,0,5185.4052630194492,1512.070639150603,-2645.8605253378628,5188.3131268759362,1518.2845753102413,-2647.0201887718436,0.41791778707510524,0.89306603645445493,-0.1666666666666653,5186.8591949476922,1515.1776072304222,-2646.4403570548529,6.9579806038846641
7,119,1,5188.3135447937229,1518.2836822442048,-2647.0203554385103,5192.4942098222682,1509.3498439098366,-2648.6876151874521,0.41791778707518151,-0.89306603645442917,-0.16666666666661223,5190.4038773079956,1513.8167630770208,-2647.8539853129814,10.003558493654593
7,119,2,5192.494627740055,1509.3489508438001,-2648.6874485207854,5194.7394781776056,1504.5518358496593,-2647.792196509115,0.41791778707514604,-0.89306603645442684,0.16666666666671284,5193.6170529588308,1506.9503933467297,-2648.23982251495,5.3715120700211294
7,119,3,5194.7398960953924,1504.5527289156958,-2647.7920298424483,5201.1658294792742,1518.2845753102413,-2645.2293514151702,0.41791778707510641,0.89306603645446692,0.16666666666659713,5197.9528627873333,1511.4186521129686,-2646.5106906288092,15.376070563675105
7,119,4,5201.1662473970609,1518.2836822442048,-2645.2291847485035,5204.0217119896806,1512.1817202678697,-2644.0904182730033,0.4179177870751738,-0.89306603645443317,0.16666666666661023,5202.5939796933708,1515.2327012560372,-2644.6598015107534,6.8325988530037138
7,120,0,5185.4052630194492,1512.070639150603,-2645.8605253378628,5187.7636167449928,1504.5518358496595,-2648.1390831493059,0.28750565546568146,-0.91661333409900747,-0.27777777777775919,5186.584439882221,1508.3112375001313,-2646.9998042435845,8.2028081211956341
7,120,1,5187.763904250648,1504.5527524629936,-2648.1393609270835,5188.3313585724081,1506.3618862589021,-2648.6876151874517,0.28750565546549806,0.91661333409907508,-0.27777777777772572,5188.0476314115276,1505.4573193609478,-2648.4134880572674,1.9737153373256722
7,120,2,5188.3316460780634,1506.3628028722362,-2648.687337409674,5192.0710385477023,1518.2845753102413,-2645.0744688948853,0.28750565546560852,0.91661333409901391,0.27777777777781387,5190.2013423128828,1512.3236890912387,-2646.8809031522796,13.006326653237686
7,120,3,5192.0713260533576,1518.2836586969072,-2645.0741911171076,5193.0895509763013,1515.0373971930369,-2644.0904182730033,0.28750565546538742,-0.91661333409909429,0.27777777777777735,5192.5804385148294,1516.660527944972,-2644.5823046950554,3.541582238775669
7,120,4,5193.0898384819566,1515.0364805797028,-2644.0906960507809,5196.37846035041,1504.5518358496593,-2647.2680459818334,0.28750565546550677,-0.91661333409904466,-0.27777777777781765,5194.7341494161828,1509.7941582146809,-2645.6793710163074,11.438459751787374
7,121,0,5185.4052630194492,1512.070639150603,-2645.8605253378628,5184.0001220703089,1512.8849470521388,-2646.5460600431106,-0.79710581865571895,0.4619391149967117,-0.38888888888890966,5184.702692544879,1512.4777931013709,-2646.2032926904867,1.7628035277800824
7,121,1,5184.0009191761274,1512.8854089912538,-2646.5464489319993,5188.3896690985202,1515.4287792786652,-2648.6876151874521,0.79710581865574814,0.46193911499663404,-0.3888888888889423,5186.1952941373238,1514.1570941349596,-2647.6170320597257,5.5058560854494161
7,121,2,5188.3904662043387,1515.4292412177801,-2648.6872262985635,5193.3175298484812,1518.2845753102413,-2646.2834296366764,0.79710581865578567,0.46193911499658541,0.38888888888892337,5190.8539980264104,1516.8569082640106,-2647.4853279676199,6.1811914162805666
7,121,3,5193.3183269542997,1518.2841133711263,-2646.2830407477877,5197.8125467242699,1515.6796211512089,-2644.0904182730033,0.79710581865582752,-0.46193911499653306,0.38888888888889944,5195.5654368392843,1516.9818672611677,-2645.1867295103957,5.6381720780170212
7,121,4,5197.8133438300883,1515.679159212094,-2644.0908071618919,5207.2354243500167,1510.2188709606014,-2648.6876151874521,0.79710581865575103,-0.46193911499659263,-0.38888888888898576,5202.524384090053,1512.9490150863476,-2646.3892111746718,11.820363494294769
7,122,0,5185.4052630194492,1512.070639150603,-2645.8605253378628,5190.187715394226,1513.122047889364,-2648.6876151874521,0.84582603122281896,0.18595248023577085,-0.50000000000002043,5187.7964892068376,1512.5963435199835,-2647.2740702626575,5.6541796991784814
7,122,1,5190.1885612202568,1513.1222338418443,-2648.687115187452,5197.9645730360226,1514.8317682261122,-2644.0904182730033,0.84582603122285338,0.18595248023577962,0.49999999999995892,5194.0765671281397,1513.9770010339782,-2646.3887667302279,9.1933938288983246
7,122,2,5197.9654188620534,1514.8319541785925,-2644.0909182730034,5205.7414306778182,1516.5414885628606,-2648.6876151874521,0.8458260312228213,0.18595248023581903,-0.49999999999999845,5201.8534247699354,1515.6867213707264,-2646.389266730228,9.193393828897598
7,122,3,5205.7422765038491,1516.5416745153409,-2648.687115187452,5210.8772098326772,1517.6705752030634,-2645.6516604134927,0.84582603122279187,0.18595248023579553,0.50000000000005673,5208.3097431682636,1517.1061248592023,-2647.1693878004726,6.0709095479180561
7,122,4,5210.8763640066463,1517.6707611555437,-2645.6511604134926,5208.2361313457432,1518.2512088996082,-2644.0904182730033,-0.8458260312227236,0.18595248023570068,0.50000000000020783,5209.5562476761952,1517.960985027576,-2644.8707893432479,3.1214842809773229
7,123,0,5185.4052630194492,1512.070639150603,-2645.8605253378628,5184.000122070308,1510.0719707441283,-2647.7467740909819,-0.45524072330186144,-0.64753308311184854,-0.61111111111095184,5184.702692544879,1511.0713049473657,-2646.8036497144221,3.0865888687412513
7,123,1,5184.0005773110315,1510.0713232110452,-2647.747385202093,5184.7009916396573,1509.0750559035391,-2648.6876151874521,0.45524072330157761,-0.64753308311182944,-0.61111111111118332,5184.350784475344,1509.5731895572922,-2648.2175001947726,1.5385581578601804
7,123,2,5184.7014468803809,1509.074408370456,-2648.6870040763411,5187.8809897319343,1504.5518358496593,-2644.418813940043,0.45524072330181287,-0.64753308311179225,0.61111111111104721,5186.291218306158,1506.8131221100575,-2646.5529090081918,6.9843111321247582
7,123,3,5187.8814449726578,1504.5524833827424,-2644.418202828932,5188.1256245917402,1504.8998037639924,-2644.0904182730033,0.45524072330147958,0.6475330831123125,0.61111111111074434,5188.0035347821995,1504.7261435733674,-2644.2543105509676,0.53637472788365181
7,123,4,5188.1260798324638,1504.9004512970755,-2644.0910293841143,5191.5502575438213,1509.7709917322052,-2648.6876151874521,0.45524072330163551,0.64753308311187419,-0.61111111111109295,5189.8381686881421,1507.3357215146402,-2646.3893222857832,7.5216858600075369
7,124,0,5185.4052630194492,1512.070639150603,-2645.8605253378628,5185.0573254199753,1514.7556495919757,-2648.6876151874521,-0.088885843625801375,0.68592592058569302,-0.7222222222222181,5185.2312942197123,1513.4131443712895,-2647.2740702626575,3.9144320994314388
7,124,1,5185.0572365341313,1514.7563355178963,-2648.6868929652301,5184.6000288954565,1518.2845753102413,-2644.9719536301127,-0.088885843625840844,0.68592592058566748,0.72222222222223786,5184.8286327147944,1516.5204554140687,-2646.8294232976714,5.1437621563162592
7,124,2,5184.5999400096125,1518.2838893843207,-2644.9712314078906,5184.4915359531306,1517.4473427622122,-2644.0904182730037,-0.088885843624864819,-0.68592592058598278,0.72222222222205823,5184.5457379813715,1517.8656160732664,-2644.5308248404472,1.2195874175360137
7,124,3,5184.4914470672866,1517.4466568362916,-2644.0911404952258,5184.0001220703089,1513.6551357446212,-2648.0832928636482,-0.088885843625948535,-0.68592592058568835,-0.72222222222220434,5184.2457845687977,1515.5508962904564,-2646.087216679437,5.5275955870466289
7,124,4,5184.0002109561528,1513.6544498187006,-2648.0840150858703,5184.0744976543328,1513.0811844959173,-2648.6876151874521,0.088885843624767258,-0.68592592058606616,-0.72222222222199106,5184.0373543052428,1513.367817157309,-2648.3858151366612,0.8357539868058822
7,125,0,5185.4052630194492,1512.070639150603,-2645.8605253378628,5186.8391934187048,1510.8621210920467,-2648.6876151874521,0.4226756357083043,-0.35623147325034782,-0.83333333333334703,5186.1222282190774,1511.4663801213248,-2647.2740702626575,3.3925078195071716
7,125,1,5186.8396160943403,1510.8617648605734,-2648.6867818541186,5189.1709411726533,1508.8969216164589,-2644.0904182730033,0.42267563570825412,-0.35623147325044124,0.83333333333333248,5188.0052786334963,1509.8793432385162,-2646.3886000635612,5.5156362973384638
7,125,2,5189.1713638482888,1508.8965653849857,-2644.0912516063368,5191.5026889266028,1506.9317221408712,-2648.6876151874526,0.42267563570836059,-0.35623147325039201,-0.83333333333329973,5190.3370263874458,1507.9141437629285,-2646.3894333968947,5.5156362973392286
7,125,3,5191.5031116022383,1506.931365909398,-2648.6867818541191,5193.8344366805532,1504.9665226652835,-2644.0904182730033,0.42267563570849603,-0.35623147325036719,0.83333333333324178,5192.6687741413953,1505.9489442873407,-2646.3886000635612,5.5156362973396131
7,125,4,5193.8348593561886,1504.9661664338103,-2644.0912516063368,5194.3264707274448,1504.5518358496593,-2645.0604963607152,0.42267563570793532,-0.35623147325050347,-0.83333333333346782,5194.0806650418162,1504.7590011417346,-2644.575873983526,1.1630937052539536
7,126,0,5185.4052630194492,1512.070639150603,-2645.8605253378628,5184.4222626305927,1512.0299889983496,-2648.6876151874517,-0.32839043169326831,-0.013579975347137955,-0.9444444444443939,5184.913762825021,1512.0503140744763,-2647.274070262657,2.9933892525060557
7,126,1,5184.4219342401611,1512.0299754183743,-2648.6866707430072,5184.0001220703089,1512.0125321608525,-2647.4735472108678,-0.32839043169288867,-0.013579975347124721,0.94444444444452624,5184.211028155235,1512.0212537896134,-2648.0801089769375,1.2844837399122309
7,126,2,5184.0004504607405,1512.0125185808772,-2647.4726027664233,5185.1764614292988,1511.9638868351879,-2644.0904182730033,0.32839043169329629,-0.013579975347089119,0.94444444444438502,5184.5884559450196,1511.9882027080325,-2645.7815105197133,3.5811365224449601
7,126,3,5185.1767898197304,1511.9638732552125,-2644.0913627174477,5186.7749413485735,1511.8977846720261,-2648.6876151874521,0.32839043169330767,-0.013579975347087292,-0.94444444444438103,5185.9758655841524,1511.9308289636192,-2646.3894889524499,4.8666202623579284
7,126,4,5186.7752697390051,1511.8977710920508,-2648.6866707430077,5188.3734212678473,1511.8316825088648,-2644.0904182730033,0.32839043169314142,-0.013579975346994703,0.94444444444444031,5187.5743455034262,1511.8647268004579,-2646.3885445080055,4.8666202623576229
8,127,0,5185.4052630194492,1512.070639150603,-2645.8605253378628,5186.0129673561414,1512.0706391506033,-2644.1142720582361,0.32867109906100556,1.2297288548611382E-13,0.94444444444447373,5185.7091151877958,1512.0706391506033,-2644.9873986980492,1.8489740607811243
8,127,1,5186.0132960272404,1512.0706391506033,-2644.1152165026806,5187.6045122283731,1512.0706391506033,-2648.6876151874521,0.32867109906118031,0,-0.94444444444441289,5186.8089041278072,1512.0706391506033,-2646.4014158450664,4.841363313287677
8,127,2,5187.604840899472,1512.0706391506033,-2648.6866707430077,5189.1960571006048,1512.0706391506035,-2644.1142720582357,0.32867109906115111,4.6964803244399928E-14,0.94444444444442299,5188.4004490000389,1512.0706391506033,-2646.4004714006214,4.8413633132881069
8,127,3,5189.1963857717037,1512.0706391506035,-2644.1152165026801,5190.7876019728355,1512.0706391506035,-2648.6876151874521,0.32867109906098352,0,-0.94444444444448117,5189.9919938722696,1512.0706391506035,-2646.4014158450664,4.8413633132878084
8,127,4,5190.7879306439345,1512.0706391506035,-2648.6866707430077,5192.3791468450663,1512.0706391506037,-2644.1142720582357,0.32867109906098352,4.6964803244402824E-14,0.94444444444448117,5191.5835387445004,1512.0706391506037,-2646.4004714006214,4.8413633132878084
8,128,0,5185.4052630194492,1512.070639150603,-2645.8605253378628,5184.5511440320233,1511.2881961925361,-2644.1142720582357,-0.40759598344559528,-0.37339130926537162,0.83333333333313242,5184.9782035257358,1511.6794176715696,-2644.9873986980492,2.0955039355530567
8,128,1,5184.5507364360401,1511.2878228012269,-2644.1151053915692,5184.0001220703089,1510.7834149383648,-2645.2408409812529,-0.40759598344496017,-0.37339130926524899,-0.83333333333349791,5184.2754292531745,1511.0356188697958,-2644.6779731864108,1.350882707620173
8,128,2,5184.0005296662921,1510.7830415470555,-2645.2416743145864,5185.6859916570556,1509.2390202980512,-2648.6876151874517,0.40759598344521158,-0.37339130926537822,-0.83333333333331727,5184.8432606616734,1510.0110309225533,-2646.964644751019,4.1351290474384657
8,128,3,5185.6863992530389,1509.2386469067419,-2648.6867818541182,5187.9228832055187,1507.1898444035655,-2644.1142720582357,0.40759598344536441,-0.37339130926539948,0.83333333333323278,5186.8046412292788,1508.2142456551537,-2646.4005269561767,5.4870117550596911
8,128,4,5187.9232908015019,1507.1894710122563,-2644.1151053915692,5190.1597747539809,1505.1406685090797,-2648.6876151874521,0.40759598344519177,-0.37339130926543457,-0.83333333333330151,5189.0415327777409,1506.1650697606678,-2646.4013602895106,5.4870117550597843
8,129,0,5185.4052630194492,1512.070639150603,-2645.8605253378628,5185.551470291015,1513.7365955995544,-2644.1142720582357,0.060468971945376981,0.68901274673282231,0.72222222222219168,5185.4783666552321,1512.9036173750787,-2644.9873986980492,2.4178891564068921
8,129,1,5185.5515307599871,1513.7372846123012,-2644.1149942804577,5185.9343792473801,1518.0996456612347,-2648.6876151874517,0.060468971944823299,0.68901274673289714,-0.72222222222216681,5185.7429550036832,1515.918465136768,-2646.4013047339549,6.3313212558382785
8,129,2,5185.9344397163522,1518.1003346739815,-2648.6868929652296,5185.9638812945796,1518.4358062725569,-2648.3352520927433,0.060468971944870241,0.68901274673318869,0.72222222222188459,5185.9491605054664,1518.2680704732693,-2648.5110725289865,0.48688736190435472
8,129,3,5185.9639417635517,1518.4351172598101,-2648.3345298705212,5186.3172882037452,1514.408916822199,-2644.1142720582357,0.060468971944784844,-0.68901274673283797,0.72222222222222643,5186.1406149836484,1516.4220170410044,-2646.2244009643782,5.8434338939338479
8,129,4,5186.3173486727173,1514.4082278094522,-2644.1149942804577,5186.7001971601094,1510.0458667605194,-2648.6876151874517,0.060468971944684667,-0.68901274673284651,-0.72222222222222665,5186.5087729164134,1512.2270472849859,-2646.4013047339549,6.3313212558377536
8,130,0,5185.4052630194492,1512.070639150603,-2645.8605253378628,5186.7814565541385,1510.2756383820865,-2644.1142720582357,0.48160663169522638,-0.62817056774705049,0.61111111111116845,5186.0933597867934,1511.1731387663449,-2644.9873986980492,2.857505366662302
8,130,1,5186.7819381607706,1510.2750102115187,-2644.1148831693467,5190.3856331760362,1505.5746282093887,-2648.6876151874521,0.48160663169523082,-0.62817056774707369,-0.61111111111114103,5188.5837856684029,1507.9248192104537,-2646.4012491783997,7.4826523932630131
8,130,2,5190.3861147826683,1505.5740000388209,-2648.6870040763411,5191.1697889588522,1504.5518358496593,-2647.6925991719268,0.4816066316956894,-0.62817056774699742,0.61111111111085803,5190.7779518707603,1505.0629179442401,-2648.1898016241339,1.6272080254058854
8,130,3,5191.1702705654843,1504.552464020227,-2647.6919880608157,5193.9898097979367,1508.2300536626283,-2644.1142720582352,0.48160663169535128,0.62817056774701008,0.61111111111111138,5192.5800401817105,1506.3912588414278,-2645.9031300595252,5.8544443678589539
8,130,4,5193.9902914045688,1508.2306818331961,-2644.1148831693463,5197.5939864198363,1512.9310638353268,-2648.6876151874521,0.48160663169537204,0.62817056774703206,-0.61111111111107252,5195.7921389122021,1510.5808728342613,-2646.4012491783992,7.4826523932645941
8,131,0,5185.4052630194492,1512.070639150603,-2645.8605253378628,5184.0001220703089,1512.3191887995406,-2645.036673001794,-0.8527868937322729,0.15084599390929004,0.49999999999997941,5184.702692544879,1512.1949139750718,-2645.4485991698284,1.647704672137547
8,131,1,5184.0009748572029,1512.3193396455345,-2645.0361730017939,5185.5733449411737,1512.5974697737681,-2644.1142720582357,0.85278689373212502,0.15084599390922807,0.50000000000025058,5184.7871598991878,1512.4584047096514,-2644.5752225300148,1.8438018871156456
8,131,2,5185.5741977280677,1512.597620619762,-2644.1147720582358,5193.3735191034448,1513.9772107533965,-2648.6876151874521,0.85278689373223038,0.15084599390917813,-0.50000000000008604,5189.4738584157567,1513.2874156865792,-2646.4011936228439,9.1456862584311871
8,131,3,5193.3743718903388,1513.9773615993904,-2648.687115187452,5201.1736932657159,1515.3569517330247,-2644.1142720582357,0.85278689373223349,0.15084599390915385,0.50000000000008793,5197.2740325780269,1514.6671566662076,-2646.4006936228438,9.1456862584311533
8,131,4,5201.1745460526099,1515.3571025790186,-2644.1147720582358,5208.9738674279861,1516.7366927126529,-2648.6876151874521,0.8527868937322064,0.15084599390916664,-0.50000000000013034,5205.074206740298,1516.0468976458358,-2646.4011936228439,9.1456862584303771
8,132,0,5185.4052630194492,1512.070639150603,-2645.8605253378628,5188.8957984675853,1514.2910320835058,-2644.1142720582361,0.77733881326913246,0.49447932361650859,0.38888888888871209,5187.1505307435173,1513.1808356170545,-2644.9873986980492,4.4903655761849111
8,132,1,5188.8965758063987,1514.2915265628294,-2644.1146609471248,5195.4115286417418,1518.4358062725569,-2647.3739768670976,0.77733881326898846,0.49447932361656544,-0.38888888888892748,5192.1540522240703,1516.3636664176931,-2645.7443189071109,8.3810980799291688
8,132,2,5195.4123059805552,1518.4353117932333,-2647.3743657559862,5198.0373224923369,1516.7654911602333,-2648.6876151874521,0.7773388132689687,-0.49447932361660124,-0.38888888888892115,5196.724814236446,1517.6004014767332,-2648.0309904717192,3.3769271094835136
8,132,3,5198.0380998311502,1516.7649966809097,-2648.6872262985635,5207.1788465170903,1510.9504018588577,-2644.1142720582357,0.77733881326901155,-0.49447932361656771,0.38888888888887885,5202.6084731741203,1513.8576992698836,-2646.4007491783996,11.759025189414691
8,132,4,5207.1796238559036,1510.9499073795341,-2644.1146609471243,5210.693668195484,1508.7145600142244,-2645.8726753102283,0.77733881326910548,-0.49447932361650643,-0.38888888888876849,5208.9366460256933,1509.8322336968793,-2644.9936681286763,4.5206083622686712
8,133,0,5185.4052630194492,1512.070639150603,-2645.8605253378628,5184.0001220703089,1506.8435848584118,-2644.2954241876469,-0.24938767073484996,-0.92770970451875512,0.27777777777779544,5184.702692544879,1509.4571120045075,-2645.0779747627548,5.6343641407769667
8,133,1,5184.0003714579798,1506.8426571487073,-2644.2951464098692,5184.1627596576782,1506.2385811399947,-2644.1142720582357,0.24938767073470369,-0.92770970451883972,0.27777777777764351,5184.081565557829,1506.540619144351,-2644.2047092340526,0.65114766588098616
8,133,2,5184.1630090453491,1506.2376534302903,-2644.1145498360133,5184.6161918865637,1504.5518358496593,-2644.6193226749792,0.24938767073415172,-0.92770970451897306,-0.27777777777769391,5184.3896004659564,1505.3947446399748,-2644.3669362554965,1.8171822202777577
8,133,3,5184.6164412742346,1504.5527635593637,-2644.6196004527569,5188.2686870633552,1518.1389358503702,-2648.6876151874526,0.24938767073474005,0.92770970451877355,-0.27777777777783219,5186.4425641687949,1511.3458497048669,-2646.6536078201048,14.644853044901579
8,133,4,5188.2689364510261,1518.1398635600747,-2648.6873374096749,5188.3484920095989,1518.4358062725571,-2648.598725305455,0.24938767073314641,0.9277097045194127,0.27777777777712842,5188.308714230312,1518.2878349163159,-2648.6430313575647,0.31900357519245509
8,134,0,5185.4052630194492,1512.070639150603,-2645.8605253378628,5184.0001220703089,1514.7761525433705,-2645.3452106266591,-0.45446045513259953,0.87503595180019222,0.16666666666673957,5184.702692544879,1513.4233958469868,-2645.6028679822612,3.0918882672208499
8,134,1,5184.0005765307642,1514.7770275793223,-2645.3450439599924,5185.900807288981,1518.4358062725569,-2644.6481623660211,0.45446045513247202,0.87503595180025617,0.16666666666675195,5184.9506919098731,1516.6064169259396,-2644.9966031630065,4.1812895638255645
8,134,2,5185.9012617494363,1518.4349312366051,-2644.6479956993544,5187.356599482584,1515.6327669907762,-2644.1142720582357,0.45446045513258254,-0.87503595180022786,0.16666666666659882,5186.6289306160106,1517.0338491136906,-2644.381133878795,3.2023418467137463
8,134,3,5187.3570539430393,1515.6318919548244,-2644.1144387249024,5193.1116144614825,1504.5518358496595,-2646.2248388904372,0.45446045513258598,-0.87503595180020222,-0.16666666666672447,5190.2343342022614,1510.091863902242,-2645.1696388076698,12.662400993204912
8,134,4,5193.1120689219379,1504.5527108856113,-2646.2250055571039,5199.8270210824649,1517.4819426564291,-2648.6876151874521,0.45446045513252459,0.87503595180022775,-0.1666666666667582,5196.4695450022009,1511.0173267710202,-2647.456310372278,14.775657782081069
8,136,0,5185.4052630194492,1512.070639150603,-2645.8605253378628,5184.0001220703089,1511.4906173931608,-2645.9451085690075,-0.92291799458147306,-0.38096713181668046,-0.05555555555553221,5184.702692544879,1511.7806282718821,-2645.9028169534349,1.5224981606058492
8,137,0,5185.4052630194492,1512.070639150603,-2645.8605253378628,5188.3838966807753,1518.4358062725566,-2647.0484119483576,0.41791778707513599,0.89306603645445004,-0.16666666666661492,5186.8945798501118,1515.2532227115798,-2646.45446864311,7.1273196629712698
8,137,1,5188.384314598562,1518.4349132065202,-2647.0485786150243,5192.4942098222682,1509.6523058344644,-2648.6876151874517,0.41791778707505156,-0.8930660364545,-0.16666666666655813,5190.4392622104151,1514.0436095204923,-2647.868096901238,9.8342194345705511
8,137,2,5192.494627740055,1509.6514127684279,-2648.687448520785,5194.8810177872801,1504.5518358496593,-2647.7357501560864,0.41791778707488764,-0.89306603645454907,0.16666666666670565,5193.687822763668,1507.1016243090435,-2648.2115993384359,5.7101901881901824
8,137,3,5194.8814357050669,1504.5527289156958,-2647.7355834894197,5201.3781388937878,1518.4358062725569,-2645.1446818856266,0.4179177870751109,0.8930660364544587,0.16666666666662946,5198.1297872994273,1511.4942675941263,-2646.4401326875231,15.545409622762067
8,137,4,5201.3785568115745,1518.4349132065204,-2645.1445152189599,5203.9618984628505,1512.9144621497242,-2644.1142720582357,0.41791778707511762,-0.89306603645446192,0.16666666666659616,5202.6702276372125,1515.6746876781222,-2644.6293936385978,6.181458964348054
8,138,0,5185.4052630194492,1512.070639150603,-2645.8605253378628,5187.7636167449919,1504.551835849659,-2648.1390831493059,0.28750565546556511,-0.91661333409904544,-0.27777777777775386,5186.584439882221,1508.311237500131,-2646.9998042435845,8.2028081211957904
8,138,1,5187.7639042506471,1504.5527524629931,-2648.1393609270835,5188.3313585724072,1506.3618862589019,-2648.6876151874521,0.28750565546544932,0.91661333409903478,-0.27777777777790902,5188.0476314115276,1505.4573193609476,-2648.4134880572678,1.973715337326007
8,138,2,5188.3316460780625,1506.362802872236,-2648.6873374096745,5192.1184737696531,1518.4358062725569,-2645.0286386640996,0.28750565546557316,0.91661333409902146,0.27777777777782497,5190.2250599238578,1512.3993045723964,-2646.857988036887,13.171315484067181
8,138,3,5192.1187612753083,1518.4348896592228,-2645.0283608863219,5193.0648618229307,1515.4185720290727,-2644.1142720582357,0.28750565546569129,-0.91661333409901791,0.27777777777771417,5192.5918115491195,1516.9267308441476,-2644.5713164722788,3.2907197811113553
8,138,4,5193.0651493285859,1515.4176554157386,-2644.1145498360133,5196.4733307943152,1504.5518358496593,-2647.4074140138691,0.28750565546560436,-0.91661333409903067,-0.27777777777776225,5194.7692400614505,1509.9847456326988,-2645.760981924941,11.854311040281507
8,139,0,5185.4052630194492,1512.070639150603,-2645.8605253378628,5184.0001220703089,1512.8849470521386,-2646.5460600431106,-0.79710581865576646,0.46193911499661028,-0.38888888888893286,5184.702692544879,1512.4777931013709,-2646.2032926904867,1.7628035277799772
8,139,1,5184.0009191761274,1512.8854089912536,-2646.5464489319993,5188.3896690985202,1515.4287792786643,-2648.6876151874526,0.79710581865576824,0.46193911499652174,-0.38888888888903467,5186.1952941373238,1514.1570941349589,-2647.6170320597257,5.5058560854492784
8,139,2,5188.3904662043387,1515.4292412177792,-2648.6872262985639,5193.5784886547608,1518.4358062725569,-2646.1561140684739,0.79710581865577601,0.46193911499658369,0.38888888888894468,5190.9844774295498,1516.9325237451681,-2647.4216701835189,6.5085743059447863
8,139,3,5193.5792857605793,1518.4353443334419,-2646.1557251795853,5197.7636536045402,1516.0104176381142,-2644.1142720582357,0.79710581865576424,-0.46193911499657236,0.3888888888889826,5195.6714696825602,1517.2228809857779,-2645.1349986189107,5.2494508834691471
8,139,4,5197.7644507103587,1516.0099556989992,-2644.1146609471243,5207.1376381105601,1510.5780020097795,-2648.6876151874521,0.79710581865580521,-0.46193911499654772,-0.38888888888892753,5202.4510444104599,1513.2939788543895,-2646.4011380672882,11.759025189413219
8,140,0,5185.4052630194492,1512.070639150603,-2645.8605253378628,5190.187715394226,1513.122047889364,-2648.6876151874521,0.84582603122281896,0.18595248023577085,-0.50000000000002043,5187.7964892068376,1512.5963435199835,-2647.2740702626575,5.6541796991784814
8,140,1,5190.1885612202568,1513.1222338418443,-2648.687115187452,5197.9242207310363,1514.8228968850583,-2644.1142720582357,0.84582603122282896,0.18595248023579658,0.49999999999999378,5194.0563909756465,1513.9725653634514,-2646.4006936228438,9.1456862584328746
8,140,2,5197.9250665570671,1514.8230828375385,-2644.1147720582358,5205.6607260678475,1516.5237458807528,-2648.6876151874521,0.84582603122285316,0.18595248023580491,-0.49999999999994932,5201.7928963124577,1515.6734143591457,-2646.4011936228439,9.1456862584336882
8,140,3,5205.6615718938783,1516.5239318332331,-2648.687115187452,5210.693668195483,1517.6302240890013,-2645.7124512992232,0.84582603122280808,0.18595248023584096,0.50000000000001232,5208.1776200446802,1517.0770779611171,-2647.1997832433376,5.9493277764575749
8,140,4,5210.6928223694522,1517.6304100414816,-2645.7119512992231,5207.9901049863083,1518.2245948764478,-2644.1142720582357,-0.84582603122288091,0.18595248023590019,0.49999999999986716,5209.3414636778798,1517.9275024589647,-2644.9131116787294,3.1953584819756848
8,141,0,5185.4052630194492,1512.070639150603,-2645.8605253378628,5184.000122070308,1510.0719707441283,-2647.7467740909824,-0.45524072330182042,-0.64753308311179014,-0.6111111111110441,5184.702692544879,1511.0713049473657,-2646.8036497144226,3.0865888687415293
8,141,1,5184.0005773110315,1510.0713232110452,-2647.7473852020935,5184.7009916396564,1509.0750559035389,-2648.6876151874517,0.45524072330122989,-0.64753308311232338,-0.61111111111091898,5184.350784475344,1509.5731895572922,-2648.2175001947726,1.5385581578593575
8,141,2,5184.70144688038,1509.0744083704558,-2648.6870040763406,5187.8809897319325,1504.5518358496593,-2644.4188139400426,0.45524072330171933,-0.6475330831118119,0.61111111111109639,5186.2912183061562,1506.8131221100575,-2646.5529090081918,6.984311132124196
8,141,3,5187.881444972656,1504.5524833827424,-2644.4182028289315,5188.1078549681051,1504.8745283029266,-2644.1142720582357,0.45524072330236254,0.64753308311194235,0.611111111110479,5187.9946499703801,1504.7135058428344,-2644.2662374435836,0.49734126113916582
8,141,4,5188.1083102088287,1504.8751758360097,-2644.1148831693467,5191.5147182965538,1509.7204408100736,-2648.6876151874521,0.45524072330177445,0.64753308311178737,-0.61111111111108141,5189.8115142526913,1507.2978083230416,-2646.4012491783997,7.4826523932637432
8,142,0,5185.4052630194492,1512.070639150603,-2645.8605253378628,5185.0573254199744,1514.7556495919755,-2648.6876151874521,-0.088885843626035438,0.68592592058564816,-0.72222222222223198,5185.2312942197113,1513.4131443712893,-2647.2740702626575,3.9144320994313633
8,142,1,5185.0572365341304,1514.7563355178961,-2648.6868929652301,5184.5804316018348,1518.4358062725569,-2644.8127201642324,-0.088885843625860536,0.68592592058573754,0.7222222222221687,5184.8188340679826,1516.5960708952266,-2646.7498065647314,5.3642392629203064
8,142,2,5184.5803427159908,1518.4351203466363,-2644.8119979420103,5184.4944717030385,1517.772459666282,-2644.1142720582357,-0.088885843625848934,-0.68592592058582547,0.72222222222208643,5184.5374072095146,1518.1037900064591,-2644.4631350001227,0.96608199291891061
8,142,3,5184.4943828171945,1517.7717737403614,-2644.1149942804577,5184.0001220703098,1513.9575976692656,-2648.131000434098,-0.088885843625693739,-0.68592592058570412,-0.72222222222222099,5184.2472524437526,1515.8646857048134,-2646.1229973572781,5.5606239050404511
8,142,4,5184.0002109561538,1513.956911743345,-2648.1317226563201,5184.0686261545161,1513.4289563794266,-2648.6876151874526,0.088885843625912897,-0.68592592058524349,-0.72222222222263155,5184.0344185553349,1513.6929340613858,-2648.4096689218864,0.76969735079838997
8,143,0,5185.4052630194492,1512.070639150603,-2645.8605253378628,5186.8391934187048,1510.8621210920467,-2648.6876151874526,0.42267563570825711,-0.35623147325030807,-0.8333333333333881,5186.1222282190774,1511.4663801213248,-2647.2740702626579,3.39250781950755
8,143,1,5186.8396160943403,1510.8617648605734,-2648.6867818541191,5189.1588422760487,1508.9071185793262,-2644.1142720582357,0.42267563570822753,-0.35623147325040305,0.83333333333336246,5187.9992291851941,1509.8844417199498,-2646.4005269561776,5.4870117550599291
8,143,2,5189.1592649516842,1508.9067623478529,-2644.1151053915692,5191.4784911333927,1506.9521160666059,-2648.6876151874521,0.42267563570826294,-0.35623147325039151,-0.83333333333334947,5190.3188780425389,1507.9294392072293,-2646.4013602895106,5.487011755059469
8,143,3,5191.4789138090282,1506.9517598351326,-2648.6867818541186,5193.7981399907367,1504.9971135538858,-2644.1142720582357,0.42267563570826916,-0.35623147325035531,0.83333333333336168,5192.638526899882,1505.9744366945092,-2646.4005269561771,5.4870117550593882
8,143,4,5193.7985626663722,1504.9967573224126,-2644.1151053915692,5194.3264707274448,1504.5518358496593,-2645.1559115016471,0.42267563570899452,-0.35623147325028637,-0.83333333333302329,5194.0625166969085,1504.7742965860359,-2644.6355084466081,1.2489673320939898
8,144,0,5185.4052630194492,1512.070639150603,-2645.8605253378628,5184.4222626305927,1512.0299889983496,-2648.6876151874521,-0.32839043169322119,-0.013579975347136007,-0.94444444444441034,5184.913762825021,1512.0503140744763,-2647.2740702626575,2.9933892525064851
8,144,1,5184.4219342401611,1512.0299754183743,-2648.6866707430077,5184.0001220703089,1512.0125321608525,-2647.4735472108673,-0.32839043169266907,-0.013579975347115638,0.94444444444460263,5184.211028155235,1512.0212537896134,-2648.0801089769375,1.28448373991309
8,144,2,5184.0004504607405,1512.0125185808772,-2647.4726027664228,5185.1681672888899,1511.9642298239332,-2644.1142720582357,0.32839043169316406,-0.013579975347181677,0.94444444444442954,5184.5843088748152,1511.9883742024053,-2645.7934374123292,3.5558795733747046
8,144,3,5185.1684956793215,1511.9642162439579,-2644.1152165026801,5186.7583530677557,1511.8984706495173,-2648.6876151874521,0.32839043169318194,-0.013579975347060151,-0.94444444444442521,5185.9634243735381,1511.9313434467376,-2646.4014158450664,4.8413633132880953
8,144,4,5186.7586814581873,1511.898457069542,-2648.6866707430077,5188.3485388466206,1511.8327114751012,-2644.1142720582357,0.32839043169301413,-0.013579975347107946,0.94444444444448294,5187.553610152404,1511.8655842723215,-2646.4004714006214,4.8413633132877996
9,145,0,5185.4052630194492,1512.070639150603,-2645.8605253378628,5186.0656051690585,1512.070639150603,-2643.9630160149773,0.32867109906087094,0,0.94444444444452047,5185.7354340942538,1512.070639150603,-2644.91177067642,2.0091275183492185
9,145,1,5186.0659338401574,1512.070639150603,-2643.9639604594217,5187.7097878542072,1512.0706391506033,-2648.6876151874521,0.32867109906112069,4.5460944321561859E-14,-0.94444444444443376,5186.8878608471823,1512.0706391506033,-2646.3257878234372,5.0015167708557708
9,145,2,5187.7101165253061,1512.0706391506033,-2648.6866707430077,5189.353970539355,1512.0706391506033,-2643.9630160149773,0.32867109906095848,0,0.94444444444449027,5188.5320435323301,1512.0706391506033,-2646.3248433789922,5.0015167708554715
9,145,3,5189.354299210454,1512.0706391506033,-2643.9639604594217,5190.9981532245029,1512.070639150603,-2648.6876151874521,0.32867109906095848,-4.5460944321564579E-14,-0.94444444444449027,5190.176226217478,1512.0706391506033,-2646.3257878234372,5.0015167708554715
9,145,4,5190.9984818956018,1512.070639150603,-2648.6866707430077,5192.6423359096516,1512.0706391506028,-2643.9630160149768,0.32867109906109243,-4.5460944321557953E-14,0.94444444444444353,5191.8204089026267,1512.0706391506028,-2646.3248433789922,5.0015167708562007
9,146,0,5185.4052630194492,1512.070639150603,-2645.8605253378628,5184.47716240518,1511.2204229621045,-2643.9630160149768,-0.40759598344499304,-0.37339130926530889,0.83333333333345494,5184.9412127123142,1511.6455310563538,-2644.91177067642,2.2770111874628443
9,146,1,5184.4767548091968,1511.2200495707953,-2643.9638493483103,5184.0001220703089,1510.7834149383636,-2644.9383288947383,-0.40759598344496167,-0.37339130926534181,-0.83333333333345583,5184.2384384397528,1511.0017322545796,-2644.4510891215241,1.1693754557134626
9,146,2,5184.0005296662921,1510.7830415470544,-2644.9391622280718,5185.8339549107441,1509.1034738371877,-2648.6876151874521,0.40759598344520692,-0.37339130926526737,-0.83333333333336923,5184.9172422885185,1509.9432576921211,-2646.813388707762,4.4981435512561685
9,146,3,5185.8343625067273,1509.1031004458785,-2648.6867818541186,5188.1448280860504,1506.9865247122705,-2643.9630160149768,0.40759598344510267,-0.37339130926534841,0.83333333333338377,5186.9895952963889,1508.0448125790745,-2646.3248989345475,5.6685190069698574
9,146,4,5188.1452356820337,1506.9861513209612,-2643.9638493483103,5190.4557012613568,1504.869575587353,-2648.6876151874521,0.40759598344509662,-0.373391309265383,-0.83333333333337134,5189.3004684716952,1505.927863454157,-2646.325732267881,5.6685190069699418
9,147,0,5185.4052630194492,1512.070639150603,-2645.8605253378628,5185.5641343951565,1513.8808965343899,-2643.9630160149763,0.0604689719449392,0.68901274673271573,0.7222222222223299,5185.4846987073033,1512.9757678424965,-2644.9117706764196,2.6273206009192878
9,147,1,5185.5641948641287,1513.8815855471366,-2643.9637382371984,5185.959707455665,1518.3882475309056,-2648.6876151874521,0.060468971944939227,0.68901274673280566,-0.72222222222224419,5185.7619511598969,1516.1349165390211,-2646.3256767123253,6.5407527003511126
9,147,2,5185.9597679246372,1518.3889365436523,-2648.6868929652301,5186.0055003962307,1518.9100344696458,-2648.1406788292925,0.060468971945034006,0.68901274673255619,0.72222222222247434,5185.9826341604339,1518.6494855066489,-2648.4137858972613,0.75629649591332093
9,147,3,5186.0055608652028,1518.909345456899,-2648.1399566070704,5186.3552805161735,1514.924470411871,-2643.9630160149763,0.060468971944895221,-0.6890127467327618,0.72222222222228971,5186.1804206906882,1516.9169079343851,-2646.0514863110234,5.7834562044374023
9,147,4,5186.3553409851456,1514.9237813991242,-2643.9637382371984,5186.7508535766819,1510.4171194153555,-2648.6876151874521,0.060468971944940671,-0.68901274673278734,-0.72222222222226151,5186.5530972809138,1512.67045040724,-2646.3256767123253,6.5407527003509562
9,148,0,5185.4052630194492,1512.070639150603,-2645.8605253378628,5186.9006589580767,1510.1201599546096,-2643.9630160149763,0.48160663169531903,-0.62817056774698632,0.61111111111116123,5186.152960988763,1511.0953995526063,-2644.9117706764196,3.105015255632094
9,148,1,5186.9011405647088,1510.1195317840418,-2643.9636271260874,5190.6240379839137,1505.2636713544339,-2648.6876151874521,0.48160663169532264,-0.62817056774708291,-0.6111111111110592,5188.7625892743108,1507.6916015692377,-2646.3256211567696,7.7301622822338141
9,148,2,5190.6245195905458,1505.2630431838661,-2648.6870040763411,5191.1697889588531,1504.5518358496595,-2647.9951112584458,0.48160663169580553,-0.62817056774687208,0.61111111111089544,5190.8971542746995,1504.9074395167627,-2648.3410576673932,1.1321882474653095
9,148,3,5191.1702705654852,1504.5524640202273,-2647.9945001473347,5194.3474170097516,1508.6964889450594,-2643.9630160149768,0.48160663169538248,0.62817056774699231,0.61111111111110505,5192.7588437876184,1506.6244764826433,-2645.9787580811558,6.5969740347676131
9,148,4,5194.3478986163836,1508.6971171156272,-2643.9636271260879,5198.0707960355885,1513.5529775452333,-2648.6876151874521,0.48160663169541112,0.628170567746963,-0.6111111111111126,5196.2093473259865,1511.1250473304303,-2646.32562115677,7.7301622822323939
9,149,0,5185.4052630194492,1512.070639150603,-2645.8605253378628,5184.0001220703089,1512.3191887995404,-2645.036673001794,-0.85278689373229077,0.15084599390915518,0.49999999999998984,5184.702692544879,1512.1949139750718,-2645.4485991698284,1.6477046721375126
9,149,1,5184.0009748572029,1512.3193396455342,-2645.0361730017939,5185.8313232837527,1512.6431025101283,-2643.9630160149768,0.85278689373228067,0.15084599390920064,0.49999999999999295,5184.9161490704773,1512.4812210778314,-2644.4995945083856,2.1463139736343084
9,149,2,5185.8321760706467,1512.6432533561222,-2643.9635160149769,5193.8894757886028,1514.0684762261176,-2648.6876151874521,0.85278689373225591,0.15084599390922052,-0.50000000000002909,5189.8608259296252,1513.35586479112,-2646.3255656012143,9.4481983449499207
9,149,3,5193.8903285754968,1514.0686270721114,-2648.687115187452,5201.9476282934538,1515.4938499421069,-2643.9630160149768,0.85278689373228234,0.15084599390920814,0.49999999999998807,5197.9189784344753,1514.7812385071093,-2646.3250656012142,9.4481983449506952
9,149,4,5201.9484810803478,1515.4940007881007,-2643.9635160149769,5210.0057807983048,1516.9192236580961,-2648.6876151874521,0.85278689373228234,0.15084599390920814,-0.49999999999998807,5205.9771309393263,1516.2066122230985,-2646.3255656012143,9.4481983449506952
9,150,0,5185.4052630194492,1512.070639150603,-2645.8605253378628,5189.1981398214402,1514.4833569045543,-2643.9630160149768,0.77733881326897725,0.49447932361655733,0.38888888888896012,5187.3017014204452,1513.2769980275787,-2644.91177067642,4.8793096874201991
9,150,1,5189.1989171602536,1514.4838513838779,-2643.9634049038655,5196.1570319749189,1518.9100344696458,-2647.4444269406486,0.77733881326901832,0.49447932361657781,-0.38888888888885176,5192.6779745675867,1516.6969429267619,-2645.7039159222568,8.9511995231573671
9,150,2,5196.1578093137323,1518.9095399903222,-2647.4448158295372,5198.6420052000522,1517.3292979123116,-2648.6876151874521,0.77733881326903942,-0.49447932361657093,-0.38888888888881867,5197.3999072568922,1518.1194189513169,-2648.0662155084947,3.1957697774960825
9,150,3,5198.6427825388655,1517.328803432988,-2648.6872262985635,5208.0858705786632,1511.3218837898862,-2643.9630160149768,0.77733881326901011,-0.49447932361659103,0.38888888888885181,5203.3643265587643,1514.3253436114371,-2646.3251211567704,12.1479693006526
9,150,4,5208.0866479174765,1511.3213893105626,-2643.9634049038655,5211.7121985894892,1509.0151107439542,-2645.7772039170909,0.77733881326894871,-0.4944793236167267,-0.38888888888880208,5209.8994232534824,1510.1682500272584,-2644.8703044104782,4.6640546054378724
9,151,0,5185.4052630194492,1512.070639150603,-2645.8605253378628,5184.0001220703089,1506.8435848584088,-2644.2954241876464,-0.24938767073472301,-0.92770970451880752,0.27777777777773477,5184.702692544879,1509.4571120045059,-2645.0779747627548,5.6343641407798346
9,151,1,5184.0003714579798,1506.8426571487043,-2644.2951464098687,5184.2985566700045,1505.7334230228789,-2643.9630160149773,0.24938767073495552,-0.92770970451888346,0.27777777777727169,5184.1494640639921,1506.2880400857916,-2644.129081212423,1.1956694216114512
9,151,2,5184.2988060576754,1505.7324953131745,-2643.9632937927549,5184.6161918865637,1504.5518358496593,-2644.3168105884611,0.24938767073431536,-0.92770970451903378,-0.27777777777734436,5184.4574989721195,1505.142165581417,-2644.140052190608,1.2726604645440451
9,151,3,5184.6164412742346,1504.5527635593637,-2644.3170883662387,5188.4759744158864,1518.9100344696458,-2648.615987891581,0.24938767073470261,0.92770970451880841,-0.27777777777774942,5186.5462078450601,1511.7313990145049,-2646.4665381289096,15.476038291233579
9,151,4,5188.4762238035573,1518.9091067599413,-2648.6162656693587,5188.5402810880087,1518.6708168546884,-2648.6876151874521,0.24938767073470614,-0.92770970451876933,-0.27777777777787704,5188.508252445783,1518.7899618073147,-2648.6519404284054,0.25685826513645138
9,152,0,5185.4052630194492,1512.070639150603,-2645.8605253378628,5184.0001220703089,1514.7761525433712,-2645.3452106266595,-0.45446045513252303,0.8750359518002655,0.16666666666656446,5184.702692544879,1513.4233958469872,-2645.6028679822612,3.0918882672213703
9,152,1,5184.0005765307642,1514.777027579323,-2645.3450439599928,5186.147103411834,1518.9100344696458,-2644.5578368968963,0.45446045513247851,0.87503595180026561,0.16666666666668425,5185.0738399712991,1516.8435310244845,-2644.9514404284446,4.7232423785785178
9,152,2,5186.1475578722893,1518.909159433694,-2644.5576702302296,5187.7690388241508,1515.7870965302784,-2643.9630160149763,0.45446045513238581,-0.87503595180029925,0.16666666666676061,5186.9582983482196,1517.3481279819862,-2644.260343122603,3.5679252915177031
9,152,3,5187.7694932846061,1515.7862214943266,-2643.963182681643,5193.6042067071876,1504.5518358496593,-2646.1029777421695,0.45446045513254857,-0.87503595180022176,-0.16666666666672322,5190.6868499958964,1510.1690286719929,-2645.0330802119061,12.838770363154444
9,152,4,5193.6046611676429,1504.5527108856111,-2646.1031444088362,5200.6518997656003,1518.1217399716038,-2648.6876151874521,0.45446045513254213,0.87503595180022742,-0.16666666666671126,5197.1282804666216,1511.3372254286073,-2647.3953797981439,15.50682467169139
9,154,0,5185.4052630194492,1512.070639150603,-2645.8605253378628,5184.0001220703089,1511.4906173931606,-2645.9451085690075,-0.92291799458142065,-0.38096713181680819,-0.05555555555552906,5184.702692544879,1511.7806282718818,-2645.9028169534349,1.5224981606059358
9,155,0,5185.4052630194492,1512.070639150603,-2645.8605253378628,5188.6058157669413,1518.9100344696458,-2647.1369138391724,0.41791778707510546,0.89306603645445048,-0.16666666666668895,5187.0055393931952,1515.4903368101245,-2646.4987195885178,7.6583310078566447
9,155,1,5188.6062336847281,1518.9091414036093,-2647.1370805058391,5192.4942098222646,1510.6007622286506,-2648.6876151874521,0.41791778707506499,-0.89306603645446792,-0.16666666666669605,5190.5502217534959,1514.75495181613,-2647.9123478466454,9.3032080896766249
9,155,2,5192.4946277400513,1510.5998691626141,-2648.6874485207854,5195.3248559596141,1504.551835849659,-2647.5587463744564,0.417917787075062,-0.8930660364544587,0.16666666666675337,5193.9097418498332,1507.5758525061365,-2648.1230974476211,6.7722128779706745
9,156,0,5185.4052630194492,1512.070639150603,-2645.8605253378628,5187.7636167449919,1504.551835849659,-2648.1390831493059,0.28750565546556511,-0.91661333409904544,-0.27777777777775386,5186.584439882221,1508.311237500131,-2646.9998042435845,8.2028081211957904
9,156,1,5187.7639042506471,1504.5527524629931,-2648.1393609270835,5188.3313585724072,1506.3618862589024,-2648.6876151874521,0.28750565546538859,0.91661333409907164,-0.27777777777785034,5188.0476314115276,1505.4573193609476,-2648.4134880572678,1.9737153373264236
9,156,2,5188.3316460780625,1506.3628028722364,-2648.6873374096745,5192.2672205569534,1518.9100344696458,-2644.8849247884173,0.28750565546555756,0.91661333409905532,0.27777777777772988,5190.2994333175084,1512.6364186709411,-2646.7861310990456,13.688685436528244
9,156,3,5192.2675080626086,1518.9091178563117,-2644.8846470106396,5193.2214149072288,1515.8679125212343,-2643.9630160149768,0.28750565546569068,-0.91661333409902424,0.27777777777769386,5192.7444614849192,1517.388515188773,-2644.4238315128082,3.3178715843870141
9,156,4,5193.221702412884,1515.8669959079002,-2643.9632937927545,5196.7708243689167,1504.5518358496595,-2647.3923296787175,0.28750565546563966,-0.91661333409902157,-0.27777777777775642,5194.9962633908999,1510.20941587878,-2645.6778117357362,12.34452918946776
9,157,0,5185.4052630194492,1512.070639150603,-2645.8605253378628,5184.0001220703089,1512.8849470521386,-2646.5460600431106,-0.79710581865576646,0.46193911499661028,-0.38888888888893286,5184.702692544879,1512.4777931013709,-2646.2032926904867,1.7628035277799772
9,157,1,5184.0009191761274,1512.8854089912536,-2646.5464489319993,5188.389669098523,1515.4287792786654,-2648.6876151874517,0.797105818655924,0.46193911499653129,-0.38888888888870371,5186.1952941373256,1514.1570941349596,-2647.6170320597257,5.505856085451625
9,157,2,5188.3904662043415,1515.4292412177804,-2648.687226298563,5194.3968000793593,1518.9100344696458,-2645.7568794709732,0.79710581865580066,0.46193911499658663,0.388888888888891,5191.3936331418499,1517.1696378437132,-2647.2220528847683,7.5351775566594474
9,157,3,5194.3975971851778,1518.9095725305308,-2645.7564905820846,5198.073683218744,1516.7792055337625,-2643.9630160149768,0.79710581865592178,-0.46193911499649959,0.38888888888874568,5196.2356402019614,1517.8443890321466,-2644.8597532985304,4.6117917439930576
9,157,4,5198.0744803245625,1516.7787435946475,-2643.9634049038655,5207.757697338965,1511.1671214068983,-2648.6876151874521,0.79710581865582253,-0.46193911499658385,-0.38888888888884965,5202.9160888317638,1513.9729325007729,-2646.325510045659,12.147969300652669
9,158,0,5185.4052630194492,1512.070639150603,-2645.8605253378628,5190.187715394226,1513.1220478893642,-2648.6876151874521,0.84582603122281252,0.18595248023580968,-0.50000000000001665,5187.7964892068376,1512.5963435199837,-2647.2740702626575,5.654179699178524
9,158,1,5190.1885612202568,1513.1222338418445,-2648.687115187452,5198.1800933285722,1514.8791497578477,-2643.9630160149768,0.84582603122282196,0.185952480235791,0.50000000000000766,5194.1843272744145,1514.0006917998462,-2646.3250656012142,9.4481983449503257
9,158,2,5198.180939154603,1514.879335710328,-2643.9635160149769,5206.1724712629193,1516.6362516263316,-2648.6876151874521,0.84582603122284172,0.18595248023582231,-0.49999999999996242,5202.1767052087616,1515.7577936683297,-2646.3255656012143,9.4481983449511802
9,158,3,5206.1733170889502,1516.6364375788119,-2648.687115187452,5211.7121985894901,1517.8541451389217,-2645.4128712554389,0.8458260312228072,0.18595248023582184,0.50000000000002076,5208.9427578392206,1517.2452913588668,-2647.0499932214452,6.5484878640260842
9,158,4,5211.7113527634592,1517.8543310914019,-2645.4123712554388,5209.2595479817155,1518.3933534948151,-2643.9630160149768,-0.84582603122281752,0.18595248023574881,0.50000000000003098,5210.4854503725874,1518.1238422931085,-2644.6876936352078,2.8987104809237305
9,159,0,5185.4052630194492,1512.070639150603,-2645.8605253378628,5184.0001220703089,1510.0719707441283,-2647.7467740909824,-0.45524072330158682,-0.64753308311187696,-0.61111111111112604,5184.702692544879,1511.0713049473657,-2646.8036497144226,3.0865888687411154
9,159,1,5184.0005773110324,1510.0713232110452,-2647.7473852020935,5184.7009916396582,1509.07505590354,-2648.6876151874521,0.45524072330183413,-0.64753308311160307,-0.61111111111123217,5184.3507844753458,1509.5731895572926,-2648.2175001947726,1.5385581578593137
9,159,2,5184.7014468803818,1509.0744083704569,-2648.6870040763411,5187.8809897319343,1504.5518358496595,-2644.4188139400426,0.45524072330166282,-0.64753308311186175,0.61111111111108563,5186.291218306158,1506.8131221100582,-2646.5529090081918,6.9843111321250628
9,159,3,5187.8814449726578,1504.5524833827426,-2644.4182028289315,5188.2205315489837,1505.0347991444312,-2643.9630160149768,0.45524072330032134,0.64753308311231661,0.61111111111160299,5188.0509882608203,1504.7936412635868,-2644.1906094219539,0.74485115010708625
9,159,4,5188.2209867897072,1505.0354466775143,-2643.9636271260879,5191.74007145831,1510.0409824930825,-2648.6876151874517,0.45524072330170623,0.64753308311181701,-0.61111111111110084,5189.9805291240082,1507.5382145852984,-2646.3256211567696,7.7301622822317997
9,160,0,5185.4052630194492,1512.070639150603,-2645.8605253378628,5185.0573254199753,1514.7556495919755,-2648.6876151874517,-0.08888584362581238,0.68592592058571988,-0.72222222222219123,5185.2312942197123,1513.4131443712893,-2647.274070262657,3.9144320994309543
9,160,1,5185.0572365341313,1514.7563355178961,-2648.6868929652296,5184.5189786488208,1518.9100344696458,-2644.3133978145975,-0.088885843625860578,0.68592592058572854,0.72222222222217725,5184.7881075914756,1516.8331849937708,-2646.5001453899135,6.0556086701064347
9,160,2,5184.5188897629769,1518.9093485437252,-2644.3126755923754,5184.4758562124107,1518.5772616040836,-2643.9630160149768,-0.088885843628893374,-0.6859259205858097,0.72222222222172672,5184.4973729876938,1518.7433050739044,-2644.1378458036761,0.48414403024454383
9,160,3,5184.4757673265667,1518.576575678163,-2643.9637382371989,5184.0001220703089,1514.9060540634468,-2647.8284883475776,-0.088885843625824953,-0.68592592058565871,-0.72222222222224786,5184.2379446984378,1516.7413148708049,-2645.8961132923882,5.3511924605242145
9,160,4,5184.0002109561528,1514.9053681375262,-2647.8292105697997,5184.1058571357698,1514.090103860852,-2648.6876151874521,0.088885843625760061,-0.68592592058557411,-0.72222222222233612,5184.0530340459609,1514.497735999189,-2648.2584128786257,1.1885602398263067
9,161,0,5185.4052630194492,1512.070639150603,-2645.8605253378628,5186.8391934187039,1510.8621210920462,-2648.6876151874521,0.42267563570806399,-0.3562314732505053,-0.83333333333340176,5186.1222282190765,1511.4663801213246,-2647.2740702626575,3.3925078195069487
9,161,1,5186.8396160943394,1510.861764860573,-2648.6867818541186,5189.2355609691349,1508.8424599835719,-2643.9630160149768,0.42267563570826616,-0.35623147325043608,0.83333333333332882,5188.0375885317371,1509.8521124220724,-2646.3248989345475,5.6685190069702314
9,161,2,5189.2359836447704,1508.8421037520986,-2643.9638493483103,5191.6319285195659,1506.8227988750975,-2648.6876151874521,0.42267563570826616,-0.35623147325043608,-0.83333333333332882,5190.4339560821682,1507.8324513135981,-2646.325732267881,5.6685190069702314
9,161,3,5191.6323511952014,1506.8224426436243,-2648.6867818541186,5194.0282960699979,1504.8031377666234,-2643.9630160149768,0.422675635708404,-0.35623147325037696,0.83333333333328419,5192.8303236325992,1505.8127902051237,-2646.3248989345475,5.6685190069705342
9,161,4,5194.0287187456333,1504.8027815351502,-2643.9638493483103,5194.326470727442,1504.5518358496593,-2644.550887328609,0.42267563570771488,-0.35623147325057924,-0.8333333333335472,5194.1775947365377,1504.6773086924047,-2644.2573683384599,0.70444557635819471
9,162,0,5185.4052630194492,1512.070639150603,-2645.8605253378628,5184.4222626305918,1512.0299889983496,-2648.6876151874521,-0.32839043169349225,-0.01357997534713465,-0.94444444444431608,5184.913762825021,1512.0503140744763,-2647.2740702626575,2.993389252506784
9,162,1,5184.4219342401602,1512.0299754183743,-2648.6866707430077,5184.0001220703089,1512.0125321608523,-2647.4735472108714,-0.32839043169302479,-0.013579975347336643,0.94444444444447573,5184.2110281552341,1512.0212537896132,-2648.0801089769393,1.2844837399089291
9,162,2,5184.0004504607405,1512.012518580877,-2647.4726027664269,5185.2207601519576,1511.9620549439276,-2643.9630160149768,0.32839043169276383,-0.013579975347140668,0.94444444444456921,5184.6106053063486,1511.9872867624022,-2645.7178093907019,3.71603303094669
9,162,3,5185.2210885423892,1511.9620413639523,-2643.9639604594213,5186.8635387938893,1511.894120889506,-2648.6876151874521,0.32839043169281318,-0.013579975347091145,-0.944444444444553,5186.0423136681393,1511.928081126729,-2646.3257878234367,5.0015167708556207
9,162,4,5186.863867184321,1511.8941073095307,-2648.6866707430077,5188.506317435822,1511.8261868350842,-2643.9630160149768,0.32839043169297522,-0.013579975347135786,0.94444444444449593,5187.6850923100719,1511.8601470723074,-2646.3248433789922,5.0015167708559227
10,163,0,5185.4052630194492,1512.070639150603,-2645.8605253378628,5186.0741851594748,1512.070639150603,-2643.9383612025995,0.32867109906123293,0,0.94444444444439446,5185.7397240894625,1512.070639150603,-2644.8994432702311,2.0352326138083092
10,163,1,5186.0745138305738,1512.070639150603,-2643.939305647044,5187.7269478350381,1512.070639150603,-2648.6876151874521,0.32867109906094322,0,-0.94444444444449549,5186.9007308328055,1512.070639150603,-2646.3134604172483,5.0276218663142638
10,163,2,5187.7272765061371,1512.070639150603,-2648.6866707430077,5189.3797105106032,1512.0706391506033,-2643.938361202599,0.32867109906123781,4.5224895883005741E-14,0.94444444444439291,5188.5534935083706,1512.0706391506033,-2646.3125159728033,5.0276218663152914
10,163,3,5189.3800391817022,1512.0706391506033,-2643.9393056470435,5191.0324731861683,1512.0706391506035,-2648.6876151874517,0.3286710990612659,4.5224895883009609E-14,-0.94444444444438314,5190.2062561839357,1512.0706391506033,-2646.3134604172474,5.0276218663148615
10,163,4,5191.0328018572673,1512.0706391506035,-2648.6866707430072,5192.6852358617325,1512.0706391506035,-2643.938361202599,0.32867109906110453,0,0.9444444444444392,5191.8590188594999,1512.0706391506035,-2646.3125159728033,5.0276218663145631
10,164,0,5185.4052630194492,1512.070639150603,-2645.8605253378628,5184.4651033621831,1511.2093758908961,-2643.9383612025995,-0.40759598344490716,-0.37339130926550029,0.8333333333334112,5184.9351831908161,1511.6400075207496,-2644.8994432702311,2.3065969623157461
10,164,1,5184.4646957661998,1511.2090024995869,-2643.939194535933,5184.0001220703089,1510.783414938363,-2644.8890192699837,-0.40759598344504366,-0.37339130926547026,-0.83333333333335813,5184.2324089182548,1510.9962087189749,-2644.4141069029583,1.1397896808608152
10,164,2,5184.0005296662921,1510.7830415470537,-2644.8898526033172,5185.8580729967389,1509.0813796947709,-2648.6876151874521,0.40759598344530623,-0.37339130926530245,-0.83333333333330462,5184.9293013315155,1509.9322106209124,-2646.7887338953847,4.5573151009620894
10,164,3,5185.8584805927221,1509.0810063034617,-2648.6867818541186,5188.1810052150422,1506.9533834986455,-2643.938361202599,0.40759598344504633,-0.37339130926536657,0.8333333333334032,5187.0197429038817,1508.0171949010537,-2646.3125715283586,5.6981047818230532
10,164,4,5188.1814128110254,1506.9530101073362,-2643.9391945359325,5190.5039374333455,1504.8253873025203,-2648.6876151874517,0.40759598344507952,-0.37339130926535707,-0.83333333333339132,5189.342675122185,1505.8891987049283,-2646.3134048616921,5.6981047818225887
10,165,0,5185.4052630194492,1512.070639150603,-2645.8605253378628,5185.5661986506066,1513.9044176605391,-2643.938361202599,0.060468971945136556,0.68901274673282042,0.72222222222221377,5185.4857308350274,1512.9875284055711,-2644.8994432702311,2.6614580334421549
10,165,1,5185.5662591195787,1513.9051066732859,-2643.9390834248211,5185.9638359665651,1518.4352897832036,-2648.6876151874521,0.060468971945021995,0.68901274673281121,-0.72222222222223209,5185.7650475430719,1516.1701982282448,-2646.3133493061368,6.5748901328736666
10,165,2,5185.9638964355372,1518.4359787959504,-2648.6868929652301,5186.0067179155803,1518.9239074746567,-2648.1754467891001,0.060468971944640751,0.68901274673275525,0.72222222222231713,5185.9853071755588,1518.6799431353036,-2648.4311698771653,0.70815624387220566
10,165,3,5186.0067783845525,1518.92321846191,-2648.174724566878,5186.3614732825226,1514.8816530434453,-2643.938361202599,0.060468971944877534,-0.6890127467328101,0.72222222222224519,5186.1841258335371,1516.9024357526778,-2646.0565428847385,5.8657338890014872
10,165,4,5186.3615337514948,1514.8809640306986,-2643.9390834248211,5186.7591105984802,1510.3507809207811,-2648.6876151874521,0.060468971944885604,-0.68901274673279878,-0.72222222222225529,5186.560322174988,1512.6158724757397,-2646.3133493061368,6.5748901328734553
10,166,0,5185.4052630194492,1512.070639150603,-2645.8605253378628,5186.9200890108586,1510.0948168914456,-2643.938361202599,0.48160663169541501,-0.62817056774703428,0.61111111111103633,5186.1626760151539,1511.0827280210242,-2644.8994432702311,3.1453594940683489
10,166,1,5186.9205706174907,1510.0941887208778,-2643.9389723137101,5190.6628980894757,1505.2129852281071,-2648.6876151874521,0.48160663169522594,-0.62817056774708402,-0.61111111111113425,5188.7917343534828,1507.6535869744926,-2646.3132937505811,7.7705065206684791
10,166,2,5190.6633796961078,1505.2123570575393,-2648.6870040763411,5191.1697889588522,1504.5518358496595,-2648.0444208832009,0.48160663169573331,-0.62817056774713553,0.6111111111106815,5190.9165843274805,1504.8820964535994,-2648.365712479771,1.0514997705936731
10,166,3,5191.1702705654843,1504.5524640202273,-2648.0438097720898,5194.4057071680954,1508.7725181345515,-2643.938361202599,0.48160663169536211,0.62817056774706903,0.61111111111104244,5192.7879888667903,1506.6624910773894,-2645.9910854873442,6.7180067500766389
10,166,4,5194.4061887747275,1508.7731463051193,-2643.9389723137101,5198.1485162467143,1513.6543497978901,-2648.6876151874521,0.4816066316954058,0.6281705677470133,-0.61111111111106542,5196.2773525107204,1511.2137480515048,-2646.3132937505811,7.7705065206693549
10,167,0,5185.4052630194492,1512.070639150603,-2645.8605253378628,5184.0001220703089,1512.3191887995404,-2645.0366730017945,-0.85278689373240846,0.150845993909176,0.49999999999978284,5184.702692544879,1512.1949139750718,-2645.4485991698284,1.6477046721372852
10,167,1,5184.0009748572029,1512.3193396455342,-2645.0361730017944,5185.873373885478,1512.6505406694839,-2643.938361202599,0.85278689373205874,0.15084599390927919,0.50000000000034805,5184.93717437134,1512.4849401575091,-2644.4872671021967,2.195623598389211
10,167,2,5185.8742266723721,1512.6506915154778,-2643.9388612025991,5193.9735769920562,1514.0833525448297,-2648.6876151874526,0.85278689373227101,0.15084599390929523,-0.4999999999999814,5189.9239018322141,1513.3670220301537,-2646.3132381950259,9.4975079697072839
10,167,3,5193.9744297789503,1514.0835033908236,-2648.6871151874525,5202.0737800986353,1515.5161644201758,-2643.938361202599,0.85278689373229388,0.15084599390930628,0.49999999999993866,5198.0241049387932,1514.7998339054998,-2646.3127381950258,9.4975079697080957
10,167,4,5202.0746328855294,1515.5163152661696,-2643.9388612025991,5210.1739832052135,1516.9489762955218,-2648.6876151874521,0.85278689373228833,0.15084599390932224,-0.4999999999999436,5206.1243080453714,1516.2326457808458,-2646.3132381950254,9.4975079697070921
10,168,0,5185.4052630194492,1512.070639150603,-2645.8605253378628,5189.2474216166866,1514.5147059487083,-2643.938361202599,0.77733881326905219,0.49447932361655006,0.38888888888881967,5187.3263423180679,1513.2926725496557,-2644.8994432702311,4.9427077763933953
10,168,1,5189.2481989554999,1514.5152004280319,-2643.9387500914877,5196.1788408246257,1518.9239074746567,-2647.4060278984925,0.77733881326900367,0.49447932361657648,-0.38888888888888318,5192.7135198900633,1516.7195539513443,-2645.6723889949899,8.9158572180125972
10,168,2,5196.179618163439,1518.9234129953331,-2647.4064167873812,5198.7405687905421,1517.2943458340267,-2648.6876151874521,0.77733881326899523,-0.49447932361662128,-0.38888888888884293,5197.4600934769906,1518.1088794146799,-2648.0470159874167,3.2945101716113636
10,168,3,5198.7413461293554,1517.2938513547031,-2648.6872262985635,5208.2337159643976,1511.2555826674479,-2643.938361202599,0.77733881326900267,-0.49447932361660291,0.38888888888885126,5203.487531046876,1514.2747170110756,-2646.3127937505815,12.211367389624046
10,168,4,5208.2344933032109,1511.2550881881243,-2643.9387500914877,5211.9072454335783,1508.9187839174062,-2645.7761631612611,0.77733881326903098,-0.49447932361656516,-0.38888888888884315,5210.0708693683946,1510.0869360527654,-2644.8574566263742,4.724776465132277
10,169,0,5185.4052630194492,1512.070639150603,-2645.8605253378628,5184.0001220703089,1506.8435848584097,-2644.2954241876464,-0.24938767073476031,-0.92770970451878487,0.27777777777777629,5184.702692544879,1509.4571120045064,-2645.0779747627548,5.6343641407789917
10,169,1,5184.0003714579798,1506.8426571487053,-2644.2951464098687,5184.3206916524368,1505.6510819915397,-2643.9383612025986,0.24938767073491222,-0.92770970451860402,0.27777777777824453,5184.1605315552079,1506.2468695701225,-2644.1167538062336,1.2844267461703813
10,169,2,5184.3209410401078,1505.6501542818353,-2643.9386389803763,5184.6161918865655,1504.5518358496593,-2644.267500963706,0.24938767073544449,-0.92770970451860513,-0.27777777777776241,5184.4685664633362,1505.1009950657472,-2644.1030699720413,1.1839031399870437
10,169,3,5184.6164412742364,1504.5527635593637,-2644.2677787414837,5188.479703768282,1518.9239074746567,-2648.5708321659231,0.24938767073479381,0.927709704518766,-0.27777777777780882,5186.5480725212592,1511.7383355170102,-2646.4193054537036,15.490992327980255
10,169,4,5188.4799531559529,1518.9229797649523,-2648.5711099437008,5188.5845510528752,1518.5338808020324,-2648.6876151874521,0.24938767073280552,-0.92770970451930845,-0.27777777777778229,5188.5322521044145,1518.7284302834923,-2648.6293625655762,0.41941887750489742
10,170,0,5185.4052630194492,1512.070639150603,-2645.8605253378628,5184.000122070308,1514.7761525433705,-2645.3452106266591,-0.4544604551328329,0.87503595180007521,0.16666666666671728,5184.702692544879,1513.4233958469868,-2645.6028679822612,3.0918882672212633
10,170,1,5184.0005765307633,1514.7770275793223,-2645.3450439599924,5186.1543085239873,1518.9239074746567,-2644.55519452832,0.45446045513249167,0.87503595180026705,0.1666666666666414,5185.0774425273758,1516.8504675269896,-2644.9501192441562,4.7390965900347419
10,170,2,5186.1547629844426,1518.9230324387049,-2644.5550278616533,5187.836266647676,1515.6853994570099,-2643.9383612025995,0.45446045513248667,-0.87503595180029214,0.16666666666652266,5186.9955148160589,1517.3042159478573,-2644.2466945321266,3.6999999543263722
10,170,3,5187.8367211081313,1515.6845244210581,-2643.9385278692662,5193.6186169314942,1504.5518358496593,-2646.0589528545661,0.45446045513250122,-0.87503595180026039,-0.16666666666665028,5190.7276690198123,1510.1181801353587,-2644.9987403619161,12.722549911800684
10,170,4,5193.6190713919495,1504.5527108856111,-2646.0591195212328,5200.7863554126507,1518.3528801281661,-2648.6876151874517,0.45446045513249217,0.87503595180025917,-0.16666666666668103,5197.2027134023001,1511.4527955068886,-2647.373367354342,15.770973997312016
10,172,0,5185.4052630194492,1512.070639150603,-2645.8605253378628,5184.0001220703089,1511.4906173931608,-2645.9451085690075,-0.92291799458147306,-0.38096713181668046,-0.05555555555553221,5184.702692544879,1511.7806282718821,-2645.9028169534349,1.5224981606058492
10,173,0,5185.4052630194492,1512.070639150603,-2645.8605253378628,5188.6123077566908,1518.9239074746567,-2647.1395028610445,0.41791778707511223,0.89306603645445171,-0.16666666666666449,5187.0087853880705,1515.4972733126299,-2646.5000140994534,7.6738651390906938
10,173,1,5188.6127256744776,1518.9230144086202,-2647.1396695277112,5192.4942098222664,1510.6285082386698,-2648.6876151874521,0.41791778707511124,-0.89306603645445326,-0.16666666666665886,5190.553467748372,1514.7757613236449,-2647.9136423575819,9.2876739584457741
10,173,2,5192.4946277400531,1510.6276151726333,-2648.6874485207854,5195.337839939114,1504.551835849659,-2647.553568330713,0.41791778707512633,-0.89306603645445015,0.16666666666663704,5193.9162338395836,1507.5897255111463,-2648.120508425749,6.8032811404358018
10,174,0,5185.4052630194492,1512.070639150603,-2645.8605253378628,5187.7636167449919,1504.5518358496593,-2648.1390831493059,0.28750565546557244,-0.91661333409904122,-0.27777777777776097,5186.584439882221,1508.311237500131,-2646.9998042435845,8.2028081211955808
10,174,1,5187.7639042506471,1504.5527524629933,-2648.1393609270835,5188.3313585724072,1506.3618862589028,-2648.6876151874521,0.28750565546535828,0.91661333409909018,-0.27777777777782103,5188.0476314115276,1505.4573193609481,-2648.4134880572678,1.9737153373266318
10,174,2,5188.3316460780625,1506.3628028722369,-2648.6873374096745,5192.2715719745593,1518.9239074746567,-2644.8807206029005,0.28750565546562434,0.91661333409901924,0.2777777777777799,5190.3016090263109,1512.6433551734467,-2646.7840290062877,13.703820504386099
10,174,3,5192.2718594802145,1518.9229908613227,-2644.8804428251228,5193.2469331400025,1515.8143023840696,-2643.938361202599,0.28750565546542234,-0.91661333409905821,0.27777777777785972,5192.7593963101081,1517.3686466226961,-2644.4094020138609,3.3914938410846842
10,174,4,5193.2472206456578,1515.8133857707355,-2643.9386389803767,5196.7795272041249,1504.5518358496595,-2647.3514284249964,0.2875056554655005,-0.916613334099037,-0.27777777777784929,5195.0133739248913,1510.1826108101975,-2645.6450337026863,12.286042000627569
10,175,0,5185.4052630194492,1512.070639150603,-2645.8605253378628,5184.0001220703089,1512.8849470521386,-2646.5460600431102,-0.79710581865584651,0.46193911499665669,-0.38888888888871392,5184.702692544879,1512.4777931013709,-2646.2032926904867,1.7628035277798002
10,175,1,5184.0009191761274,1512.8854089912536,-2646.5464489319988,5188.3896690985212,1515.4287792786652,-2648.6876151874521,0.79710581865576746,0.46193911499659074,-0.38888888888895368,5186.1952941373238,1514.1570941349594,-2647.6170320597257,5.5058560854504224
10,175,2,5188.3904662043396,1515.4292412177801,-2648.6872262985635,5194.4207388467348,1518.9239074746567,-2645.7452003181825,0.79710581865577923,0.46193911499661872,0.38888888888889683,5191.4056025255377,1517.1765743462183,-2647.216213308373,7.565209663836713
10,175,3,5194.4215359525533,1518.9234455355418,-2645.7448114292938,5198.1242182043497,1516.7776654866727,-2643.938361202599,0.79710581865567487,-0.46193911499668072,0.38888888888903667,5196.2728770784515,1517.8505555111074,-2644.8415863159462,4.6451577257848076
10,175,4,5198.1250153101682,1516.7772035475577,-2643.9387500914877,5207.8587673101792,1511.136295302698,-2648.6876151874521,0.79710581865579533,-0.46193911499656376,-0.38888888888892909,5202.9918913101737,1513.9567494251278,-2646.3131826394701,12.211367389621602
10,176,0,5185.4052630194492,1512.070639150603,-2645.8605253378628,5190.187715394226,1513.1220478893642,-2648.6876151874521,0.84582603122281252,0.18595248023580968,-0.50000000000001665,5187.7964892068376,1512.5963435199837,-2647.2740702626575,5.654179699178524
10,176,1,5190.1885612202568,1513.1222338418445,-2648.687115187452,5198.2218006927806,1514.8883190048707,-2643.938361202599,0.84582603122282729,0.18595248023580821,0.49999999999999184,5194.2051809565182,1514.0052764233576,-2646.3127381950253,9.4975079697061755
10,176,2,5198.2226465188114,1514.888504957351,-2643.9388612025991,5206.2558859913343,1516.654590120377,-2648.6876151874521,0.84582603122280398,0.18595248023580022,-0.50000000000003475,5202.2392662550728,1515.7715475388641,-2646.3132381950254,9.4975079697053619
10,176,3,5206.2567318173651,1516.6547760728572,-2648.687115187452,5211.9072454335783,1517.897025640445,-2645.3468812577612,0.84582603122284994,0.18595248023581695,0.49999999999995032,5209.0819886254721,1517.2759008566511,-2647.0169982226066,6.6804678593823423
10,176,4,5211.9063996075474,1517.8972115929253,-2645.3463812577611,5209.5245195772686,1518.4208612358832,-2643.938361202599,-0.8458260312227478,0.18595248023573793,0.50000000000015266,5210.7154595924076,1518.1590364144042,-2644.6423712301803,2.8160401103232786
10,177,0,5185.4052630194492,1512.070639150603,-2645.8605253378628,5184.0001220703089,1510.071970744129,-2647.7467740909819,-0.45524072330169291,-0.64753308311180691,-0.61111111111112115,5184.702692544879,1511.0713049473661,-2646.8036497144221,3.086588868740396
10,177,1,5184.0005773110324,1510.0713232110459,-2647.747385202093,5184.7009916396582,1509.0750559035405,-2648.6876151874521,0.45524072330170828,-0.64753308311157187,-0.61111111111135885,5184.3507844753458,1509.5731895572931,-2648.2175001947726,1.5385581578597387
10,177,2,5184.7014468803818,1509.0744083704574,-2648.6870040763411,5187.8809897319352,1504.5518358496593,-2644.4188139400417,0.45524072330170101,-0.64753308311182844,0.61111111111109229,5186.291218306158,1506.8131221100584,-2646.5529090081914,6.984311132126475
10,177,3,5187.8814449726588,1504.5524833827424,-2644.4182028289306,5188.2388978892723,1505.0609233735304,-2643.938361202599,0.45524072330198456,0.64753308311163404,0.61111111111108718,5188.0601714309651,1504.8067033781363,-2644.178282015765,0.7851953885425883
10,177,4,5188.2393531299958,1505.0615709066135,-2643.9389723137101,5191.7768041388845,1510.093230951283,-2648.6876151874521,0.45524072330156368,0.64753308311188607,-0.61111111111113381,5190.0080786344406,1507.5774009289482,-2646.3132937505811,7.7705065206684854
10,178,0,5185.4052630194492,1512.070639150603,-2645.8605253378628,5185.0573254199744,1514.7556495919757,-2648.6876151874517,-0.088885843626039351,0.68592592058573654,-0.72222222222214771,5185.2312942197113,1513.4131443712895,-2647.274070262657,3.9144320994311905
10,178,1,5185.0572365341304,1514.7563355178963,-2648.6868929652296,5184.5171809127714,1518.9239074746567,-2644.298790708775,-0.088885843625858718,0.68592592058565172,0.72222222222225041,5184.7872087234509,1516.8401214962764,-2646.4928418370023,6.0758338935523666
10,178,2,5184.5170920269275,1518.9232215487361,-2644.2980684865529,5184.4728218779228,1518.5815918642766,-2643.9383612025995,-0.088885843624941868,-0.68592592058625279,0.72222222222179211,5184.4949569524251,1518.7524067065065,-2644.118214844576,0.49805623932040566
10,178,3,5184.4727329920788,1518.580905938356,-2643.9390834248215,5184.0001220703098,1514.9338000734597,-2647.7791787228325,-0.088885843625632677,-0.68592592058571844,-0.72222222222221466,5184.2364275311938,1516.7573530059078,-2645.859131073827,5.3170550280152371
10,178,4,5184.0002109561538,1514.9331141475391,-2647.7799009450546,5184.1119258047484,1514.0710183712151,-2648.6876151874521,0.088885843626417355,-0.68592592058552371,-0.72222222222230303,5184.0560683804506,1514.502066259377,-2648.2337580662534,1.2568351048580193
10,179,0,5185.4052630194492,1512.070639150603,-2645.8605253378628,5186.8391934187057,1510.8621210920467,-2648.6876151874521,0.42267563570852451,-0.35623147325030752,-0.83333333333325266,5186.1222282190774,1511.4663801213248,-2647.2740702626575,3.3925078195075558
10,179,1,5186.8396160943412,1510.8617648605734,-2648.6867818541186,5189.2480661553318,1508.8319205994092,-2643.938361202599,0.42267563570841726,-0.35623147325039484,0.83333333333326964,5188.043841124836,1509.8468427299913,-2646.3125715283586,5.6981047818239663
10,179,2,5189.2484888309673,1508.8315643679359,-2643.9391945359325,5191.6569388919579,1506.8017201067717,-2648.6876151874521,0.42267563570841726,-0.35623147325039484,-0.83333333333326964,5190.4527138614631,1507.8166422373538,-2646.3134048616921,5.6981047818239663
10,179,3,5191.6573615675934,1506.8013638752984,-2648.6867818541186,5194.0658116285831,1504.7715196141344,-2643.9383612025986,0.42267563570826411,-0.35623147325036042,0.83333333333336224,5192.8615865980883,1505.7864417447163,-2646.3125715283586,5.6981047818238793
10,179,4,5194.0662343042186,1504.7711633826611,-2643.9391945359321,5194.3264707274466,1504.5518358496593,-2644.4522680790992,0.42267563570835381,-0.35623147325040017,-0.83333333333329973,5194.1963525158326,1504.6614996161602,-2644.1957313075154,0.61568825180059072
10,180,0,5185.4052630194492,1512.070639150603,-2645.8605253378628,5184.4222626305937,1512.0299889983498,-2648.6876151874517,-0.32839043169299759,-0.013579975347063367,-0.94444444444448916,5184.913762825021,1512.0503140744763,-2647.274070262657,2.9933892525057537
10,180,1,5184.421934240162,1512.0299754183745,-2648.6866707430072,5184.0001220703089,1512.0125321608527,-2647.4735472108659,-0.32839043169308113,-0.013579975347103397,0.94444444444445952,5184.2110281552359,1512.0212537896136,-2648.0801089769366,1.2844837399142477
10,180,2,5184.0004504607405,1512.0125185808774,-2647.4726027664215,5185.2293328155247,1511.9617004373756,-2643.938361202599,0.32839043169320781,-0.013579975347065024,0.94444444444441589,5184.6148916381326,1511.9871095091266,-2645.7054819845102,3.7421381264003362
10,180,3,5185.2296612059563,1511.9616868574003,-2643.9393056470435,5186.8806841210244,1511.8934118764014,-2648.6876151874521,0.32839043169296789,-0.013579975347065586,-0.94444444444449949,5186.0551726634903,1511.9275493669008,-2646.3134604172478,5.0276218663147239
10,180,4,5186.881012511456,1511.8933982964261,-2648.6866707430077,5188.5320354265259,1511.8251233154272,-2643.938361202599,0.32839043169329063,-0.013579975347063971,0.94444444444438724,5187.706523968991,1511.8592608059266,-2646.3125159728033,5.0276218663153216
11,181,0,5185.4052630194492,1512.070639150603,-2645.8605253378628,5186.0780494234805,1512.070639150603,-2643.9272571454326,0.32867109906073028,0,0.94444444444456965,5185.7416562214648,1512.070639150603,-2644.8938912416479,2.0469898508081812
11,181,1,5186.0783780945794,1512.070639150603,-2643.9282015898771,5187.7346763630503,1512.070639150603,-2648.6876151874521,0.32867109906090064,0,-0.94444444444451014,5186.9065272288153,1512.070639150603,-2646.3079083886646,5.0393791033144355
11,181,2,5187.7350050341493,1512.070639150603,-2648.6866707430077,5189.3913033026201,1512.0706391506033,-2643.9272571454326,0.32867109906090064,4.511938292034564E-14,0.94444444444451014,5188.5631541683852,1512.0706391506033,-2646.3069639442201,5.0393791033144355
11,181,3,5189.3916319737191,1512.0706391506033,-2643.9282015898771,5191.0479302421909,1512.0706391506033,-2648.6876151874521,0.32867109906106157,0,-0.94444444444445408,5190.219781107955,1512.0706391506033,-2646.3079083886646,5.0393791033147348
11,181,4,5191.0482589132898,1512.0706391506033,-2648.6866707430077,5192.7045571817607,1512.070639150603,-2643.9272571454326,0.32867109906090064,-4.511938292034564E-14,0.94444444444451014,5191.8764080475248,1512.0706391506033,-2646.3069639442201,5.0393791033144355
11,182,0,5185.4052630194492,1512.070639150603,-2645.8605253378628,5184.4596721992621,1511.204400500764,-2643.9272571454326,-0.40759598344478676,-0.37339130926540764,0.83333333333351178,5184.9324676093556,1511.6375198256835,-2644.8938912416479,2.3199218309157494
11,182,1,5184.4592646032788,1511.2040271094547,-2643.9280904787661,5184.0001220703089,1510.783414938363,-2644.8668111556517,-0.40759598344474463,-0.37339130926515834,-0.8333333333336439,5184.2296933367943,1510.9937210239088,-2644.3974508172087,1.126464812262328
11,182,2,5184.0005296662921,1510.7830415470537,-2644.8676444889852,5185.8689353225791,1509.0714289145067,-2648.6876151874521,0.40759598344498604,-0.37339130926539366,-0.83333333333342063,5184.9347324944356,1509.9272352307803,-2646.7776298382187,4.5839648381598392
11,182,3,5185.8693429185623,1509.0710555231974,-2648.6867818541186,5188.1972987038043,1506.9384573282491,-2643.9272571454321,0.40759598344512987,-0.373391309265305,0.83333333333338999,5187.0333208111833,1508.0047564257234,-2646.3070194997754,5.711429650423427
11,182,4,5188.1977062997876,1506.9380839369398,-2643.9280904787656,5190.5256620850296,1504.805485741992,-2648.6876151874526,0.40759598344511494,-0.37339130926521169,-0.83333333333343906,5189.3616841924086,1505.8717848394658,-2646.3078528331089,5.7114296504236366
11,183,0,5185.4052630194492,1512.070639150603,-2645.8605253378628,5185.5671283518814,1513.9150111270551,-2643.9272571454326,0.060468971944832882,0.68901274673284874,0.72222222222221222,5185.4861956856657,1512.9928251388292,-2644.8938912416479,2.6768328818264751
11,183,1,5185.5671888208535,1513.9157001398019,-2643.9279793676546,5185.9656953691147,1518.4564767162358,-2648.6876151874521,0.060468971944897476,0.68901274673284085,-0.72222222222221422,5185.7664420949841,1516.1860884280188,-2646.3077972775536,6.5902649812581435
11,183,2,5185.9657558380868,1518.4571657289825,-2648.6868929652301,5186.0085192798279,1518.944433091174,-2648.1761399801699,0.060468971944334628,0.68901274673280433,0.72222222222229604,5185.9871375589573,1518.7007994100782,-2648.4315164727,0.70719644085252298
11,183,3,5186.0085797488,1518.9437440784272,-2648.1754177579478,5186.364262386347,1514.8909238769318,-2643.9272571454326,0.060468971944776781,-0.68901274673281709,0.72222222222224697,5186.186421067574,1516.9173339776794,-2646.0513374516904,5.8820685404054895
11,183,4,5186.3643228553192,1514.890234864185,-2643.9279793676546,5186.7628294035803,1510.3494582877522,-2648.6876151874521,0.060468971944904651,-0.68901274673275015,-0.72222222222229993,5186.5635761294498,1512.6198465759685,-2646.3077972775536,6.590264981257361
11,184,0,5185.4052630194492,1512.070639150603,-2645.8605253378628,5186.928839935973,1510.0834028592551,-2643.9272571454326,0.48160663169538337,-0.62817056774695668,0.61111111111114114,5186.1670514777106,1511.0770210049291,-2644.8938912416479,3.1635297694310895
11,184,1,5186.9293215426051,1510.0827746886873,-2643.9278682565437,5190.6803999397052,1505.190157163725,-2648.6876151874521,0.48160663169525902,-0.62817056774710545,-0.61111111111108607,5188.8048607411547,1507.6364659262063,-2646.3077417219979,7.7886767960323722
11,184,2,5190.6808815463373,1505.1895289931572,-2648.6870040763411,5191.1697889588513,1504.5518358496593,-2648.0666289975329,0.48160663169457313,-0.62817056774727864,0.61111111111144889,5190.9253352525939,1504.8706824214082,-2648.376816536937,1.015159219867301
11,184,3,5191.1702705654834,1504.552464020227,-2648.0660178864218,5194.4319599434366,1508.8067602311232,-2643.9272571454326,0.48160663169523427,0.62817056774709279,0.61111111111111871,5192.8011152544605,1506.6796121256752,-2645.9966375159274,6.7725175761641516
11,184,4,5194.4324415500687,1508.807388401691,-2643.9278682565437,5198.1835199471689,1513.7000059266538,-2648.6876151874521,0.48160663169524143,0.62817056774714075,-0.61111111111106375,5196.3079807486192,1511.2536971641725,-2646.3077417219979,7.7886767960326573
11,185,0,5185.4052630194492,1512.070639150603,-2645.8605253378628,5184.0001220703089,1512.3191887995404,-2645.0366730017936,-0.8527868937321732,0.15084599390913439,0.50000000000019684,5184.702692544879,1512.1949139750718,-2645.4485991698284,1.6477046721377402
11,185,1,5184.0009748572029,1512.3193396455342,-2645.0361730017935,5185.8923126743175,1512.6538906745632,-2643.9272571454326,0.85278689373247429,0.15084599390913903,0.49999999999968131,5184.9466437657602,1512.4866151600486,-2644.481715073613,2.217831712723231
11,185,2,5185.8931654612115,1512.654041520557,-2643.9277571454327,5194.0114545697306,1514.0900525549878,-2648.6876151874521,0.85278689373222272,0.1508459939092737,-0.50000000000006994,5189.9523100154711,1513.3720470377725,-2646.3076861664422,9.5197160840375865
11,185,3,5194.0123073566247,1514.0902034009816,-2648.687115187452,5202.1305964651447,1515.5262144354122,-2643.9272571454326,0.85278689373225181,0.15084599390923806,0.50000000000003098,5198.0714519108842,1514.8082089181969,-2646.3071861664421,9.519716084038329
11,185,4,5202.1314492520387,1515.526365281406,-2643.9277571454327,5210.2497383605578,1516.9623763158363,-2648.6876151874521,0.85278689373222882,0.15084599390922701,-0.5000000000000735,5206.1905938062982,1516.2443707986213,-2646.3076861664422,9.519716084037519
11,186,0,5185.4052630194492,1512.070639150603,-2645.8605253378628,5189.2696171971374,1514.5288249601635,-2643.927257145433,0.77733881326899323,0.49447932361664698,0.38888888888881434,5187.3374401082929,1513.2997320553832,-2644.8938912416479,4.9712610662488821
11,186,1,5189.2703945359508,1514.5293194394872,-2643.9276460343217,5196.2111078125927,1518.944433091174,-2647.3999623887544,0.77733881326904175,0.49447932361653862,-0.3888888888888552,5192.7407511742713,1516.7368762653305,-2645.6638042115383,8.9288134828276604
11,186,2,5196.211885151406,1518.9439386118504,-2647.400351277643,5198.7849599514448,1517.3071590441518,-2648.6876151874521,0.7773388132690453,-0.49447932361650343,-0.38888888888889306,5197.4984225514254,1518.1255488280012,-2648.0439832325474,3.3101071966519324
11,186,3,5198.7857372902581,1517.3066645648282,-2648.6872262985635,5208.3003027057521,1511.2542768661185,-2643.9272571454326,0.77733881326901855,-0.49447932361656444,0.38888888888886891,5203.5430199980055,1514.2804707154733,-2646.3072417219983,12.239920679480077
11,186,4,5208.3010800445654,1511.2537823867949,-2643.9276460343212,5212.1321466782856,1508.8167713879423,-2645.8442610560019,0.77733881326903564,-0.49447932361650349,-0.38888888888891182,5210.2166133614255,1510.0352768873686,-2644.8859535451616,4.9284386271784655
11,187,0,5185.4052630194492,1512.070639150603,-2645.8605253378628,5184.0001220703089,1506.8435848584077,-2644.2954241876459,-0.24938767073467072,-0.92770970451881474,0.27777777777775725,5184.702692544879,1509.4571120045052,-2645.0779747627544,5.6343641407810159
11,187,1,5184.0003714579798,1506.8426571487032,-2644.2951464098683,5184.3306608262646,1505.6139971618034,-2643.9272571454321,0.24938767073421084,-0.92770970451888135,0.27777777777794715,5184.1655161421222,1506.2283271552533,-2644.1112017776504,1.324401351969311
11,187,2,5184.3309102139356,1505.6130694520989,-2643.9275349232098,5184.6161918865637,1504.5518358496593,-2644.2452928493726,0.24938767073525281,-0.92770970451860746,-0.27777777777792728,5184.4735510502496,1505.0824526508791,-2644.0864138862912,1.1439285341855094
11,187,3,5184.6164412742346,1504.5527635593637,-2644.2455706271503,5188.4852214810608,1518.944433091174,-2648.5547698966921,0.2493876707347718,0.92770970451876766,-0.27777777777782309,5186.5508313776481,1511.7485983252689,-2646.4001702619212,15.513117370347771
11,187,4,5188.4854708687317,1518.9435053814695,-2648.5550476744697,5188.6044894005317,1518.5007623755978,-2648.6876151874521,0.24938767073483381,-0.92770970451877532,-0.27777777777774193,5188.5449801346313,1518.7221338785337,-2648.6213314309607,0.47724304673671908
11,188,0,5185.4052630194492,1512.070639150603,-2645.8605253378628,5184.0001220703089,1514.7761525433716,-2645.3452106266595,-0.45446045513246447,0.8750359518002998,0.16666666666654298,5184.702692544879,1513.4233958469872,-2645.6028679822612,3.0918882672217687
11,188,1,5184.0005765307642,1514.7770275793234,-2645.3450439599928,5186.1649687500112,1518.944433091174,-2644.5512850477112,0.45446045513261391,0.87503595180020599,0.16666666666662763,5185.0827726403877,1516.8607303352487,-2644.9481645038522,4.7625534736909918
11,188,2,5186.1654232104665,1518.9435580552222,-2644.5511183810445,5187.8665447769217,1515.6681519946521,-2643.9272571454326,0.45446045513265765,-0.8750359518001819,0.16666666666663577,5187.0159839936941,1517.305855024937,-2644.2391877632385,3.743167413672166
11,188,3,5187.8669992373771,1515.6672769587003,-2643.9274238120993,5193.6399373835429,1504.5518358496593,-2646.0445637014509,0.45446045513257205,-0.87503595180022875,-0.16666666666662314,5190.7534683104604,1510.1095564041798,-2644.9859937567753,12.702839336113041
11,188,4,5193.6403918439983,1504.5527108856111,-2646.0447303681176,5200.8469116711467,1518.4284262859226,-2648.6876151874521,0.45446045513259736,0.87503595180021432,-0.16666666666662977,5197.2436517575725,1511.4905685857668,-2647.3661727777849,15.857308916010751
11,190,0,5185.4052630194492,1512.070639150603,-2645.8605253378628,5184.0001220703089,1511.4906173931604,-2645.9451085690075,-0.92291799458136803,-0.38096713181693581,-0.055555555555525896,5184.702692544879,1511.7806282718816,-2645.9028169534349,1.5224981606060226
11,191,0,5185.4052630194492,1512.070639150603,-2645.8605253378628,5188.6219128921266,1518.944433091174,-2647.1433334132616,0.41791778707511384,0.89306603645445781,-0.16666666666662833,5187.0135879557874,1515.5075361208885,-2646.5019293755622,7.6968484523949403
11,191,1,5188.6223308099134,1518.9435400251375,-2647.1435000799283,5192.4942098222682,1510.6695594716998,-2648.6876151874521,0.41791778707508881,-0.89306603645447424,-0.16666666666660218,5190.5582703160908,1514.8065497484185,-2647.9155576336902,9.2646906451463487
11,191,2,5192.494627740055,1510.6686664056633,-2648.6874485207854,5195.3570502099847,1504.551835849659,-2647.5459072262788,0.41791778707504879,-0.89306603645447813,0.16666666666668245,5193.9258389750194,1507.6102511276613,-2648.1166778735324,6.8492477670390937
11,192,0,5185.4052630194492,1512.070639150603,-2645.8605253378628,5187.7636167449919,1504.5518358496595,-2648.1390831493059,0.28750565546557982,-0.91661333409903689,-0.27777777777776808,5186.584439882221,1508.3112375001313,-2646.9998042435845,8.2028081211953712
11,192,1,5187.7639042506471,1504.5527524629936,-2648.1393609270835,5188.3313585724072,1506.3618862589035,-2648.6876151874521,0.28750565546529755,0.91661333409912693,-0.27777777777776236,5188.0476314115276,1505.4573193609485,-2648.4134880572678,1.9737153373270488
11,192,2,5188.3316460780625,1506.3628028722376,-2648.6873374096745,5192.2780100554919,1518.944433091174,-2644.8745003572076,0.28750565546550977,0.91661333409905155,0.27777777777779106,5190.3048280667772,1512.6536179817058,-2646.7809188834408,13.726213388880092
11,192,3,5192.2782975611472,1518.9435164778399,-2644.8742225794299,5193.2584260652429,1515.8187123604027,-2643.9272571454326,0.28750565546539864,-0.91661333409906143,0.27777777777787338,5192.768361813195,1517.3811144191213,-2644.4007398624312,3.4090755623891802
11,192,4,5193.2587135708982,1515.8177957470687,-2643.9275349232103,5196.7924033659929,1504.5518358496595,-2647.3416608020489,0.28750565546557139,-0.9166133340990319,-0.27777777777779183,5195.0255584684455,1510.1848157983641,-2645.6345978626296,12.290853163818353
11,193,0,5185.4052630194492,1512.070639150603,-2645.8605253378628,5184.0001220703098,1512.8849470521388,-2646.5460600431111,-0.79710581865545083,0.46193911499685536,-0.38888888888928858,5184.702692544879,1512.4777931013709,-2646.2032926904867,1.7628035277795342
11,193,1,5184.0009191761283,1512.8854089912538,-2646.5464489319997,5188.3896690985212,1515.428779278664,-2648.6876151874521,0.79710581865584973,0.46193911499648643,-0.38888888888890927,5186.1952941373247,1514.1570941349589,-2647.6170320597257,5.5058560854487144
11,193,2,5188.3904662043396,1515.429241217779,-2648.6872262985635,5194.4561571255244,1518.944433091174,-2645.7279205859782,0.79710581865580654,0.46193911499655738,0.38888888888891354,5191.423311664932,1517.1868371544765,-2647.2075734422706,7.6096432609331952
11,193,3,5194.4569542313429,1518.943971152059,-2645.7275316970895,5198.1469781978376,1516.805526838262,-2643.9272571454326,0.79710581865575947,-0.46193911499662915,0.38888888888892487,5196.3019662145907,1517.8747489951606,-2644.827394421261,4.6292774185459171
11,193,4,5198.1477753036561,1516.8050648991471,-2643.9276460343212,5207.904287297155,1511.150966772841,-2648.6876151874521,0.79710581865584429,-0.46193911499650614,-0.38888888888889694,5203.0260313004055,1513.978015835994,-2646.3076306108869,12.239920679479194
11,194,0,5185.4052630194492,1512.070639150603,-2645.8605253378628,5190.187715394226,1513.122047889364,-2648.6876151874521,0.84582603122281896,0.18595248023577085,-0.50000000000002043,5187.7964892068376,1512.5963435199835,-2647.2740702626575,5.6541796991784814
11,194,1,5190.1885612202568,1513.1222338418443,-2648.687115187452,5198.2405848939879,1514.8924486588123,-2643.9272571454326,0.84582603122282995,0.18595248023583288,0.49999999999997835,5194.2145730571228,1514.0073412503284,-2646.3071861664421,9.5197160840393309
11,194,2,5198.2414307200188,1514.8926346112926,-2643.9277571454327,5206.2934543937499,1516.6628494282604,-2648.6876151874526,0.84582603122281352,0.18595248023580538,-0.50000000000001643,5202.2674425568839,1515.7777420197765,-2646.3076861664426,9.5197160840395156
11,194,3,5206.2943002197808,1516.6630353807407,-2648.6871151874525,5212.1321466782856,1517.9464695481968,-2645.2361416757572,0.84582603122281697,0.18595248023586949,0.49999999999998657,5209.2132234490327,1517.3047524644687,-2646.9616284316048,6.9019470233908615
11,194,4,5212.1313008522548,1517.946655500677,-2645.2356416757571,5209.9179694630602,1518.433250197709,-2643.9272571454326,-0.84582603122273547,0.18595248023583449,0.50000000000013767,5211.024635157657,1518.1899528491931,-2644.5814494105948,2.6167690606482279
11,195,0,5185.4052630194492,1512.070639150603,-2645.8605253378628,5184.0001220703089,1510.0719707441283,-2647.7467740909824,-0.45524072330158682,-0.64753308311187696,-0.61111111111112604,5184.702692544879,1511.0713049473657,-2646.8036497144226,3.0865888687411154
11,195,1,5184.0005773110324,1510.0713232110452,-2647.7473852020935,5184.7009916396573,1509.0750559035396,-2648.6876151874521,0.45524072330127829,-0.6475330831119489,-0.61111111111127958,5184.3507844753449,1509.5731895572924,-2648.2175001947726,1.5385581578591938
11,195,2,5184.7014468803809,1509.0744083704565,-2648.6870040763411,5187.8809897319315,1504.5518358496593,-2644.4188139400421,0.45524072330144782,-0.64753308311189384,0.61111111111121175,5186.2912183061562,1506.813122110058,-2646.5529090081918,6.9843111321243656
11,195,3,5187.8814449726551,1504.5524833827424,-2644.418202828931,5188.2471697385672,1505.0726892279577,-2643.9272571454321,0.45524072330117099,0.64753308311154423,0.61111111111178829,5188.0643073556112,1504.8125863053501,-2644.1727299871818,0.8033656639064356
11,195,4,5188.2476249792908,1505.0733367610408,-2643.9278682565432,5191.7933478374789,1510.1167626601375,-2648.6876151874521,0.45524072330158949,0.64753308311186486,-0.61111111111113681,5190.0204864083844,1507.5950497105891,-2646.3077417219974,7.7886767960324699
11,196,0,5185.4052630194492,1512.070639150603,-2645.8605253378628,5185.0573254199753,1514.755649591976,-2648.6876151874521,-0.08888584362579785,0.68592592058572388,-0.72222222222218935,5185.2312942197123,1513.4131443712895,-2647.2740702626575,3.9144320994315942
11,196,1,5185.0572365341313,1514.7563355178966,-2648.6868929652301,5184.5145210967703,1518.944433091174,-2644.2771789633553,-0.088885843625806288,0.68592592058572988,0.72222222222218269,5184.7858788154508,1516.8503843045353,-2646.4820359642927,6.1057578487500832
11,196,2,5184.5144322109263,1518.9437471652534,-2644.2764567411332,5184.4714552715541,1518.612097090278,-2643.9272571454326,-0.088885843626088673,-0.68592592058539736,0.72222222222246357,5184.4929437412402,1518.7779221277656,-2644.1018569432827,0.48350713250837685
11,196,3,5184.4713663857101,1518.6114111643574,-2643.9279793676546,5184.0001220703089,1514.9748513064897,-2647.7569706085023,-0.088885843625826466,-0.68592592058573665,-0.72222222222217392,5184.2357442280099,1516.7931312354235,-2645.8424749880787,5.301680179635631
11,196,4,5184.0002109561528,1514.974165380569,-2647.7576928307244,5184.1146590174849,1514.0909775901839,-2648.6876151874521,0.088885843625829283,-0.68592592058557744,-0.72222222222232435,5184.0574349868184,1514.5325714853766,-2648.2226540090883,1.2875848016228277
11,197,0,5185.4052630194492,1512.070639150603,-2645.8605253378628,5186.8391934187048,1510.8621210920467,-2648.6876151874521,0.4226756357083043,-0.35623147325034782,-0.83333333333334703,5186.1222282190774,1511.4663801213248,-2647.2740702626575,3.3925078195071716
11,197,1,5186.8396160943403,1510.8617648605734,-2648.6867818541186,5189.2536982526362,1508.8271738618371,-2643.9272571454326,0.42267563570830796,-0.35623147325040372,0.83333333333332149,5188.0466571734887,1509.8444693612053,-2646.3070194997754,5.7114296504233506
11,197,2,5189.2541209282717,1508.8268176303638,-2643.9280904787661,5191.6682030865677,1506.792226631628,-2648.6876151874526,0.42267563570829186,-0.35623147325031052,-0.83333333333336945,5190.4611620074193,1507.8095221309959,-2646.3078528331093,5.7114296504235682
11,197,3,5191.6686257622032,1506.7918704001547,-2648.6867818541191,5194.0827079204992,1504.7572794014181,-2643.927257145433,0.42267563570830197,-0.35623147325043847,0.83333333333330972,5192.8756668413516,1505.7745749007863,-2646.3070194997763,5.7114296504234314
11,197,4,5194.0831305961347,1504.7569231699449,-2643.9280904787665,5194.3264707274438,1504.5518358496593,-2644.4078518504348,0.42267563570743349,-0.35623147325061816,-0.83333333333367321,5194.2048006617897,1504.6543795098021,-2644.1679711646007,0.57571364600166075
11,198,0,5185.4052630194492,1512.070639150603,-2645.8605253378628,5184.4222626305927,1512.0299889983498,-2648.6876151874521,-0.32839043169322152,-0.013579975347060062,-0.94444444444441134,5184.913762825021,1512.0503140744763,-2647.2740702626575,2.993389252506482
11,198,1,5184.4219342401611,1512.0299754183745,-2648.6866707430077,5184.0001220703089,1512.012532160853,-2647.4735472108669,-0.32839043169256005,-0.013579975346934114,0.94444444444464326,5184.211028155235,1512.0212537896136,-2648.0801089769375,1.2844837399135163
11,198,2,5184.0004504607405,1512.0125185808777,-2647.4726027664224,5185.2331937796598,1511.961540774387,-2643.9272571454326,0.32839043169343063,-0.013579975347121399,0.94444444444433762,5184.6168221202006,1511.9870296776323,-2645.6999299559275,3.753895363401381
11,198,3,5185.2335221700914,1511.9615271944117,-2643.9282015898771,5186.8884060492946,1511.8930925504239,-2648.6876151874521,0.32839043169319038,-0.013579975347109894,-0.94444444444442144,5186.0609641096926,1511.9273098724179,-2646.3079083886646,5.0393791033149089
11,198,4,5186.8887344397262,1511.8930789704486,-2648.6866707430077,5188.5436183189304,1511.8246443264613,-2643.9272571454326,0.32839043169335175,-0.013579975347018866,0.94444444444436659,5187.7161763793283,1511.8588616484549,-2646.3069639442201,5.039379103315202
12,199,0,5185.4052630194492,1512.070639150603,-2645.8605253378628,5186.0055804383292,1512.070639150603,-2644.1354985472976,0.32867109906085229,0,0.94444444444452702,5185.7054217288896,1512.070639150603,-2644.99801194258,1.8264989547158843
12,199,1,5186.0059091094281,1512.070639150603,-2644.1364429917421,5187.5897383927486,1512.070639150603,-2648.6876151874521,0.32867109906112307,0,-0.94444444444443287,5186.7978237510888,1512.070639150603,-2646.4120290895971,4.8188882072224368
12,199,2,5187.5900670638475,1512.070639150603,-2648.6866707430077,5189.1738963471689,1512.070639150603,-2644.1354985472972,0.32867109906126207,0,0.94444444444438436,5188.3819817055082,1512.070639150603,-2646.4110846451522,4.818888207223166
12,199,3,5189.1742250182679,1512.070639150603,-2644.1364429917417,5190.7580543015883,1512.070639150603,-2648.6876151874521,0.32867109906109376,0,-0.94444444444444298,5189.9661396599276,1512.070639150603,-2646.4120290895971,4.8188882072228667
12,199,4,5190.7583829726873,1512.070639150603,-2648.6866707430077,5192.3422122560069,1512.070639150603,-2644.1354985472972,0.3286710990609254,0,0.94444444444450171,5191.5502976143471,1512.070639150603,-2646.4110846451522,4.8188882072225674
12,200,0,5185.4052630194492,1512.070639150603,-2645.8605253378628,5184.5615262300444,1511.2977071363866,-2644.1354985472976,-0.40759598344566395,-0.37339130926529901,0.83333333333313142,5184.9833946247472,1511.6841731434947,-2644.99801194258,2.0700321486786848
12,200,1,5184.5611186340611,1511.2973337450774,-2644.1363318806311,5184.0001220703089,1510.7834149383646,-2645.2832939593764,-0.40759598344495584,-0.37339130926560554,-0.83333333333334048,5184.280620352185,1511.040374341721,-2644.709812920004,1.3763544944942505
12,200,2,5184.0005296662921,1510.7830415470553,-2645.2841272927099,5185.6652272610136,1509.2580421857513,-2648.6876151874521,0.40759598344517534,-0.37339130926537917,-0.83333333333333459,5184.8328784636524,1510.0205418664032,-2646.985871240081,4.0841854736907353
12,200,3,5185.6656348569968,1509.257668794442,-2648.6867818541186,5187.8917366114556,1507.2183772351161,-2644.1354985472976,0.40759598344536113,-0.37339130926534619,0.83333333333325843,5186.7786857342262,1508.2380230147792,-2646.4111402007084,5.461539968185698
12,200,4,5187.8921442074388,1507.2180038438069,-2644.1363318806311,5190.1182459618958,1505.1787122844812,-2648.6876151874521,0.40759598344508968,-0.37339130926536102,-0.83333333333338444,5189.0051950846673,1506.198358064144,-2646.4119735340419,5.4615399681848711
12,201,0,5185.4052630194492,1512.070639150603,-2645.8605253378628,5185.5496930762847,1513.7163451543568,-2644.1354985472967,0.060468971945186717,0.68901274673276791,0.72222222222225974,5185.4774780478674,1512.8934921524799,-2644.99801194258,2.3884986330913467
12,201,1,5185.5497535452569,1513.7170341671035,-2644.1362207695188,5185.9301218581086,1518.0511349063506,-2648.6792192584103,0.060468971944941448,0.68901274673280544,-0.72222222222224419,5185.7399377016827,1515.8840845367272,-2646.4077200139645,6.2903056000034221
12,201,2,5185.9301823270807,1518.0504458936039,-2648.6799414806324,5185.9308248179213,1518.0431250418619,-2648.6876151874521,0.060468971979380629,-0.68901274673873769,-0.72222222221370136,5185.930503572501,1518.0467854677329,-2648.6837783340425,0.01062513251983069
12,201,3,5185.9308852868935,1518.0424360291152,-2648.6868929652301,5186.3119565595562,1513.7003254253798,-2644.1354985472972,0.060468971944751614,-0.68901274673283897,0.72222222222222843,5186.1214209232248,1515.8713807272475,-2646.4111957562636,6.301930732522421
12,201,4,5186.3120170285283,1513.699636412633,-2644.1362207695192,5186.6930883011919,1509.3575258088974,-2648.6876151874521,0.060468971944893896,-0.68901274673285184,-0.72222222222220411,5186.5025526648606,1511.5285811107651,-2646.4119179784857,6.3019307325226324
12,202,0,5185.4052630194492,1512.070639150603,-2645.8605253378628,5186.7647283066681,1510.2974574186617,-2644.1354985472972,0.48160663169565976,-0.62817056774694568,0.61111111111093452,5186.0849956630591,1511.1840482846324,-2644.99801194258,2.8227711118354462
12,202,1,5186.7652099133002,1510.2968292480939,-2644.1361096584083,5190.3521766810945,1505.6182662825393,-2648.6876151874521,0.48160663169531054,-0.62817056774705271,-0.61111111111109995,5188.5586932971974,1507.9575477653166,-2646.4118624229304,7.4479181384355755
12,202,2,5190.3526582877266,1505.6176381119715,-2648.6870040763411,5191.1697889588531,1504.5518358496593,-2647.6501461938037,0.48160663169501122,-0.62817056774710478,0.61111111111128202,5190.7612236232899,1505.0847369808153,-2648.1685751350724,1.6966765350606163
12,202,3,5191.1702705654852,1504.552464020227,-2647.6495350826926,5193.9396250555192,1508.1645965529015,-2644.1354985472972,0.48160663169511503,0.62817056774712465,0.61111111111117977,5192.5549478105022,1506.3585302865642,-2645.8925168149949,5.7502416033737465
12,202,4,5193.9401066621513,1508.1652247234692,-2644.1361096584083,5197.5270734299447,1512.8437876890234,-2648.6876151874521,0.48160663169523521,0.6281705677470526,-0.61111111111115923,5195.7335900460475,1510.5045062062463,-2646.4118624229304,7.4479181384348525
12,203,0,5185.4052630194492,1512.070639150603,-2645.8605253378628,5184.0001220703089,1512.3191887995406,-2645.0366730017936,-0.85278689373215544,0.15084599390926923,0.50000000000018641,5184.702692544879,1512.1949139750718,-2645.4485991698284,1.6477046721377744
12,203,1,5184.0009748572029,1512.3193396455345,-2645.0361730017935,5185.5371415978288,1512.5910659120887,-2644.1354985472967,0.85278689373188699,0.15084599390928927,0.50000000000063771,5184.7690582275154,1512.4552027788116,-2644.5858357745451,1.8013489089912345
12,203,2,5185.5379943847229,1512.5912167580825,-2644.1359985472968,5193.3011124167588,1513.9644030300383,-2648.6876151874521,0.8527868937322618,0.15084599390920808,-0.50000000000002331,5189.4195534007413,1513.2778098940603,-2646.4118068673743,9.1032332803102101
12,203,3,5193.3019652036528,1513.9645538760321,-2648.687115187452,5201.0650832356878,1515.3377401479875,-2644.1354985472972,0.85278689373226224,0.15084599390917586,0.5000000000000322,5197.1835242196703,1514.6511470120099,-2646.4113068673746,9.1032332803091371
12,203,4,5201.0659360225818,1515.3378909939813,-2644.1359985472973,5208.8290540546159,1516.7110772659369,-2648.6876151874521,0.85278689373223171,0.15084599390921313,-0.50000000000007283,5204.9474950385993,1516.0244841299591,-2646.4118068673747,9.1032332803083964
12,204,0,5185.4052630194492,1512.070639150603,-2645.8605253378628,5188.853369449198,1514.2640422150525,-2644.1354985472972,0.77733881326905629,0.49447932361650049,0.38888888888887496,5187.1293162343236,1513.1673406828277,-2644.99801194258,4.4357831757402924
12,204,1,5188.8541467880113,1514.2645366943761,-2644.1358874361858,5194.8068117829707,1518.0511349063506,-2647.1139006735302,0.77733881326909848,0.49447932361650032,-0.38888888888879053,5191.8304792854906,1516.1578358003635,-2645.624894054858,7.6577483246017843
12,204,2,5194.8075891217841,1518.050640427027,-2647.1142895624189,5197.9524644555668,1516.0501281647255,-2648.6876151874521,0.77733881326895038,-0.49447932361661806,-0.38888888888893663,5196.3800267886754,1517.0503842958763,-2647.9009523749355,4.0456944643707144
12,204,3,5197.9532417943801,1516.0496336854019,-2648.6872262985635,5207.0515594619337,1510.2620287318027,-2644.1354985472972,0.77733881326900955,-0.49447932361657176,0.38888888888887729,5202.5024006281565,1513.1558312086022,-2646.4113624229303,11.70444278897083
12,204,4,5207.0523368007471,1510.2615342524791,-2644.1358874361858,5210.1949113973624,1508.2624855308359,-2645.7080620430193,0.77733881326904863,-0.4944793236166401,-0.38888888888871237,5208.6236240990547,1509.2620098916575,-2644.9219747396028,4.0427347032877572
12,205,0,5185.4052630194492,1512.070639150603,-2645.8605253378628,5184.0001220703089,1506.843584858409,-2644.2954241876464,-0.24938767073473228,-0.92770970451880164,0.27777777777774509,5184.702692544879,1509.4571120045061,-2645.0779747627548,5.634364140779625
12,205,1,5184.0003714579798,1506.8426571487046,-2644.2951464098687,5184.1437026088834,1506.309472411617,-2644.1354985472967,0.24938767073380527,-0.92770970451875956,0.27777777777871898,5184.0720370334311,1506.5760647801608,-2644.2153224785825,0.57473230525725638
12,205,2,5184.1439519965543,1506.3085447019125,-2644.1357763250744,5184.6161918865628,1504.5518358496595,-2644.6617756531018,0.24938767073435744,-0.92770970451888579,-0.27777777777780105,5184.3800719415585,1505.4301902757861,-2644.3987759890879,1.8935975808985182
12,205,3,5184.6164412742337,1504.5527635593639,-2644.6620534308795,5188.2305729657674,1517.9971533071243,-2648.6876151874521,0.24938767073478402,0.92770970451876,-0.27777777777783769,5186.4235071200001,1511.2749584332441,-2646.6748343091658,14.492022323658388
12,205,4,5188.2308223534383,1517.9980810168288,-2648.6873374096745,5188.2450843427941,1518.0511349063506,-2648.6714518460526,0.24938767073343515,0.92770970451963763,0.27777777777611817,5188.2379533481162,1518.0246079615897,-2648.6793946278635,0.057188029039003302
12,206,0,5185.4052630194492,1512.070639150603,-2645.8605253378628,5184.0001220703089,1514.7761525433716,-2645.3452106266591,-0.45446045513245331,0.87503595180027838,0.16666666666668595,5184.702692544879,1513.4233958469872,-2645.6028679822612,3.0918882672218446
12,206,1,5184.0005765307642,1514.7770275793234,-2645.3450439599924,5185.701023584319,1518.0511349063506,-2644.7214300920346,0.45446045513247663,0.87503595180028171,0.16666666666660601,5184.8508000575421,1516.414081242837,-2645.0332370260135,3.7416832077483351
12,206,2,5185.7014780447744,1518.0502598703988,-2644.7212634253679,5187.2987198833071,1514.9748679047161,-2644.1354985472972,0.45446045513266947,-0.87503595180017546,0.16666666666663668,5186.5000989640412,1516.5125638875575,-2644.4283809863327,3.5145892684246931
12,206,3,5187.2991743437624,1514.9739928687643,-2644.1356652139639,5192.7120470521577,1504.5518358496593,-2646.1207564165338,0.45446045513245703,-0.8750359518002746,-0.16666666666669591,5190.00561069796,1509.7629143592117,-2645.1282108152491,11.910547215417592
12,206,4,5192.712501512613,1504.5527108856111,-2646.1209230832005,5199.711261883911,1518.028398096141,-2648.6876151874521,0.45446045513249816,0.87503595180025373,-0.16666666666669275,5196.211881698262,1511.290554490876,-2647.4042691353261,15.400152625507282
12,208,0,5185.4052630194492,1512.070639150603,-2645.8605253378628,5184.0001220703089,1511.4906173931606,-2645.9451085690075,-0.92291799458142065,-0.38096713181680819,-0.05555555555552906,5184.702692544879,1511.7806282718818,-2645.9028169534349,1.5224981606059358
12,209,0,5185.4052630194492,1512.070639150603,-2645.8605253378628,5188.2038864692631,1518.0511349063506,-2646.9766234223694,0.41791778707506611,0.89306603645446936,-0.16666666666668553,5186.8045747443557,1515.0608870284768,-2646.4185743801163,6.6965885070386921
12,209,1,5188.2043043870499,1518.0502418403141,-2646.9767900890361,5192.4942098222664,1508.8829631020578,-2648.6876151874521,0.41791778707514965,-0.89306603645443694,-0.16666666666664895,5190.3492571046581,1513.466602471186,-2647.8322026382439,10.264950590497573
12,209,2,5192.4946277400531,1508.8820700360213,-2648.6874485207854,5194.5209973642595,1504.5518358496593,-2647.8793272080629,0.41791778707515287,-0.8930660364544144,0.16666666666676216,5193.5078125521559,1506.7169529428402,-2648.2833878644242,4.848727876332255
12,209,3,5194.5214152820463,1504.5527289156958,-2647.8791605413962,5200.8381082592559,1518.0511349063509,-2645.3600474635909,0.41791778707512683,0.89306603645444083,0.16666666666668625,5197.6797617706507,1511.3019319110233,-2646.6196040024934,15.114678466829943
12,209,4,5200.8385261770427,1518.0502418403144,-2645.3598807969242,5203.9086728988332,1511.4895166236367,-2644.1354985472972,0.41791778707527005,-0.8930660364543791,0.16666666666665775,5202.3735995379375,1514.7698792319757,-2644.7476896721109,7.3462934977628107
12,210,0,5185.4052630194492,1512.070639150603,-2645.8605253378628,5187.7636167449928,1504.5518358496595,-2648.1390831493059,0.28750565546568146,-0.91661333409900747,-0.27777777777775919,5186.584439882221,1508.3112375001313,-2646.9998042435845,8.2028081211956341
12,210,1,5187.763904250648,1504.5527524629936,-2648.1393609270835,5188.331358572409,1506.3618862589033,-2648.6876151874521,0.28750565546575058,0.91661333409898693,-0.27777777777775486,5188.0476314115285,1505.4573193609485,-2648.4134880572678,1.9737153373271017
12,210,2,5188.3316460780643,1506.3628028722374,-2648.6873374096745,5191.9978174479911,1518.0511349063506,-2645.1452125271517,0.28750565546558038,0.91661333409904378,0.27777777777774321,5190.1647317630277,1512.2069688892939,-2646.9162749684128,12.751649577083613
12,210,3,5191.9981049536464,1518.0502182930165,-2645.144934749374,5193.04289197459,1514.71927263513,-2644.1354985472972,0.28750565546549561,-0.91661333409908907,0.27777777777768259,5192.5204984641186,1516.3847454640731,-2644.6402166483358,3.6339703274777722
12,210,4,5193.0431794802453,1514.7183560217959,-2644.1357763250749,5196.2320181509895,1504.5518358496593,-2647.2167192658894,0.28750565546563306,-0.91661333409902246,-0.27777777777775997,5194.6375988156178,1509.6350959357276,-2645.6762477954821,11.091394586933149
12,211,0,5185.4052630194492,1512.070639150603,-2645.8605253378628,5184.0001220703089,1512.8849470521386,-2646.5460600431106,-0.79710581865576646,0.46193911499661028,-0.38888888888893286,5184.702692544879,1512.4777931013709,-2646.2032926904867,1.7628035277799772
12,211,1,5184.0009191761274,1512.8854089912536,-2646.5464489319993,5188.3896690985221,1515.4287792786652,-2648.6876151874517,0.79710581865587915,0.46193911499655976,-0.38888888888876239,5186.1952941373247,1514.1570941349594,-2647.6170320597257,5.5058560854507945
12,211,2,5188.3904662043406,1515.4292412177801,-2648.687226298563,5192.9147133339047,1518.0511349063509,-2646.4799541922803,0.79710581865583174,0.46193911499658458,0.38888888888882972,5190.6525897691226,1516.7401880620655,-2647.5835902454219,5.6758425590136339
12,211,3,5192.9155104397232,1518.0506729672359,-2646.4795653033916,5197.720145655554,1515.2662886514565,-2644.1354985472972,0.79710581865587427,-0.4619391149964942,0.38888888888884998,5195.3178280476386,1516.6584808093462,-2645.3075319253444,6.0276002299577209
12,211,4,5197.7209427613725,1515.2658267123415,-2644.1358874361858,5207.0506222125878,1509.8590867688761,-2648.6876151874526,0.79710581865587304,-0.46193911499650514,-0.38888888888883921,5202.3857824869801,1512.5624567406089,-2646.411751311819,11.704442788973145
12,212,0,5185.4052630194492,1512.070639150603,-2645.8605253378628,5190.187715394226,1513.1220478893642,-2648.6876151874526,0.84582603122277855,0.18595248023580219,-0.50000000000007694,5187.7964892068376,1512.5963435199837,-2647.2740702626579,5.6541796991787514
12,212,1,5190.1885612202568,1513.1222338418445,-2648.6871151874525,5197.8883128970374,1514.8150026484834,-2644.1354985472972,0.84582603122281996,0.18595248023581057,0.50000000000000366,5194.0384370586471,1513.968618245164,-2646.4113068673751,9.1032332803105671
12,212,2,5197.8891587230682,1514.8151886009637,-2644.1359985472973,5205.5889103998488,1516.5079574076024,-2648.6876151874521,0.84582603122284505,0.18595248023579111,-0.49999999999996847,5201.7390345614585,1515.6615730042831,-2646.4118068673747,9.1032332803102971
12,212,3,5205.5897562258797,1516.5081433600826,-2648.687115187452,5210.1949113973624,1517.5205738060577,-2645.9648324712148,0.84582603122280453,0.18595248023585997,0.5000000000000111,5207.892333811621,1517.0143585830701,-2647.3259738293336,5.4445654324743984
12,212,4,5210.1940655713315,1517.5207597585379,-2645.9643324712147,5207.7815938163722,1518.0511349063506,-2644.538228481797,-0.84582603122272348,0.18595248023583733,0.5000000000001571,5208.9878296938514,1517.7859473324443,-2645.2512804765056,2.8522079788344987
12,213,0,5185.4052630194492,1512.070639150603,-2645.8605253378628,5184.0001220703089,1510.0719707441283,-2647.7467740909824,-0.45524072330158682,-0.64753308311187696,-0.61111111111112604,5184.702692544879,1511.0713049473657,-2646.8036497144226,3.0865888687411154
12,213,1,5184.0005773110324,1510.0713232110452,-2647.7473852020935,5184.7009916396582,1509.0750559035396,-2648.6876151874526,0.45524072330166471,-0.64753308311165769,-0.61111111111130034,5184.3507844753458,1509.5731895572924,-2648.217500194773,1.5385581578598859
12,213,2,5184.7014468803818,1509.0744083704565,-2648.6870040763415,5187.8809897319343,1504.5518358496593,-2644.418813940043,0.45524072330167242,-0.64753308311184277,0.61111111111109861,5186.291218306158,1506.813122110058,-2646.5529090081923,6.9843111321249154
12,213,3,5187.8814449726578,1504.5524833827424,-2644.418202828932,5188.0920425208169,1504.8520367238089,-2644.1354985472976,0.45524072330404625,0.64753308311194169,0.61111111110922545,5187.9867437467374,1504.7022600532755,-2644.2768506881148,0.46260700631213897
12,213,4,5188.0924977615405,1504.852684256892,-2644.1361096584087,5191.4830934019737,1509.6754576518367,-2648.6876151874521,0.45524072330175364,0.64753308311177638,-0.6111111111111085,5189.7877955817567,1507.2640709543643,-2646.4118624229304,7.4479181384347273
12,214,0,5185.4052630194492,1512.070639150603,-2645.8605253378628,5185.0573254199753,1514.7556495919757,-2648.6876151874521,-0.088885843625801375,0.68592592058569302,-0.7222222222222181,5185.2312942197123,1513.4131443712895,-2647.2740702626575,3.9144320994314388
12,214,1,5185.0572365341313,1514.7563355178963,-2648.6868929652301,5184.6302793155292,1518.0511349063506,-2645.2177467138767,-0.088885843625762462,0.68592592058568513,0.72222222222223054,5184.8437579248302,1516.4037352121236,-2646.9523198395536,4.8034332711045451
12,214,2,5184.6301904296852,1518.05044898043,-2645.2170244916547,5184.4970841044997,1517.0232766556323,-2644.1354985472972,-0.088885843625722952,-0.68592592058560253,0.7222222222223138,5184.5636372670924,1517.5368628180313,-2644.6762615194757,1.4974974614178991
12,214,3,5184.4969952186557,1517.0225907297117,-2644.1362207695192,5184.0001220703089,1513.1882549368399,-2648.1734534122356,-0.08888584362582809,-0.68592592058571877,-0.72222222222219035,5184.2485586444818,1515.105422833276,-2646.1548370908777,5.5900144283767865
12,214,4,5184.0002109561528,1513.1875690109193,-2648.1741756344577,5184.0634013515937,1512.6999330905385,-2648.6876151874526,0.088885843625063604,-0.68592592058543711,-0.72222222222255206,5184.0318061538728,1512.9437510507289,-2648.4308954109551,0.71091630414645446
12,215,0,5185.4052630194492,1512.070639150603,-2645.8605253378628,5186.8391934187048,1510.8621210920467,-2648.6876151874521,0.4226756357083043,-0.35623147325034782,-0.83333333333334703,5186.1222282190774,1511.4663801213248,-2647.2740702626575,3.3925078195071716
12,215,1,5186.8396160943403,1510.8617648605734,-2648.6867818541186,5189.1480759723399,1508.916192431491,-2644.1354985472972,0.42267563570837741,-0.35623147325032939,0.83333333333331794,5187.9938460333397,1509.8889786460322,-2646.4111402007079,5.4615399681858525
12,215,2,5189.1484986479754,1508.9158362000178,-2644.1363318806307,5191.4569585259742,1506.9702637709352,-2648.6876151874526,0.4226756357082051,-0.35623147325036614,-0.83333333333338977,5190.3027285869748,1507.9430499854766,-2646.4119735340419,5.461539968185928
12,215,3,5191.4573812016097,1506.9699075394619,-2648.6867818541191,5193.7658410796093,1505.0243351103793,-2644.1354985472976,0.42267563570837113,-0.35623147325036575,0.83333333333330561,5192.61161114061,1505.9971213249205,-2646.4111402007084,5.4615399681859333
12,215,4,5193.7662637552448,1505.0239788789061,-2644.1363318806311,5194.3264707274457,1504.5518358496593,-2645.2408174578945,0.42267563570847505,-0.35623147325035009,-0.83333333333325965,5194.0463672413453,1504.7879073642825,-2644.6885746692628,1.3253826927162016
12,216,0,5185.4052630194492,1512.070639150603,-2645.8605253378628,5184.4222626305937,1512.0299889983496,-2648.6876151874526,-0.32839043169290305,-0.013579975347135414,-0.94444444444452114,5184.913762825021,1512.0503140744763,-2647.2740702626579,2.9933892525066157
12,216,1,5184.421934240162,1512.0299754183743,-2648.6866707430081,5184.0001220703098,1512.0125321608525,-2647.4735472108673,-0.32839043169255933,-0.0135799753471111,0.94444444444464115,5184.2110281552359,1512.0212537896134,-2648.0801089769375,1.2844837399135192
12,216,2,5184.0004504607414,1512.0125185808772,-2647.4726027664228,5185.1607866791073,1511.9645350353196,-2644.1354985472972,0.32839043169306636,-0.013579975347157807,0.94444444444446396,5184.5806185699239,1511.9885268080984,-2645.80405065686,3.5334044673094378
12,216,3,5185.1611150695389,1511.9645214553443,-2644.1364429917417,5186.7435918481897,1511.8990810722894,-2648.6876151874521,0.32839043169310972,-0.013579975347183604,-0.94444444444444842,5185.9523534588643,1511.9318012638169,-2646.4120290895971,4.8188882072228392
12,216,4,5186.7439202386213,1511.8990674923141,-2648.6866707430077,5188.3263970172711,1511.8336271092594,-2644.1354985472967,0.32839043169291232,-0.013579975347136062,0.94444444444451792,5187.5351586279467,1511.8663473007869,-2646.4110846451522,4.8188882072229662
13,217,0,5185.4052630194492,1512.070639150603,-2645.8605253378628,5186.1216370420916,1512.070639150603,-2643.802007056936,0.32867109906082209,0,0.94444444444453757,5185.7634500307704,1512.070639150603,-2644.8312661973996,2.1796075915693582
13,217,1,5186.1219657131905,1512.070639150603,-2643.8029515013804,5187.8218516002735,1512.070639150603,-2648.6876151874521,0.32867109906109188,0,-0.94444444444444375,5186.971908656732,1512.070639150603,-2646.2452833444163,5.1719968440759105
13,217,2,5187.8221802713724,1512.070639150603,-2648.6866707430077,5189.5220661584553,1512.0706391506028,-2643.8020070569355,0.32867109906106456,-4.3962454405526308E-14,0.94444444444445319,5188.6721232149139,1512.0706391506028,-2646.2443388999718,5.1719968440763404
13,217,3,5189.5223948295543,1512.0706391506028,-2643.80295150138,5191.2222807166381,1512.0706391506026,-2648.6876151874517,0.32867109906124869,-4.3962454405527412E-14,-0.94444444444438913,5190.3723377730967,1512.0706391506028,-2646.2452833444158,5.1719968440762099
13,217,4,5191.2226093877371,1512.0706391506026,-2648.6866707430072,5192.9224952748191,1512.0706391506023,-2643.802007056936,0.32867109906096231,-4.3962454405536153E-14,0.94444444444448883,5192.0725523312776,1512.0706391506023,-2646.2443388999718,5.1719968440751822
13,218,0,5185.4052630194492,1512.070639150603,-2645.8605253378628,5184.3984104796646,1511.1482797473286,-2643.802007056936,-0.40759598344502013,-0.37339130926541936,0.83333333333339232,5184.9018367495573,1511.6094594489659,-2644.8312661973996,2.470221937112008
13,218,1,5184.3980028836813,1511.1479063560193,-2643.8028403902695,5184.0001220703089,1510.7834149383636,-2644.6163109786557,-0.40759598344520342,-0.37339130926535857,-0.83333333333332982,5184.1990624769951,1510.9656606471915,-2644.2095756844628,0.976164706063541
13,218,2,5184.0005296662921,1510.7830415470544,-2644.6171443119893,5185.991458761775,1508.9591874076357,-2648.6876151874526,0.40759598344511538,-0.37339130926533554,-0.83333333333338344,5184.995994214034,1509.8711144773451,-2646.6523797497211,4.8845650505557181
13,218,3,5185.9918663577582,1508.9588140163264,-2648.6867818541191,5188.3810838625959,1506.7700950679425,-2643.802007056936,0.40759598344495473,-0.37339130926539316,0.83333333333343607,5187.1864751101766,1507.8644545421344,-2646.2443944555275,5.8617297566190292
13,218,4,5188.3814914585791,1506.7697216766333,-2643.8028403902695,5190.7707089634177,1504.5810027282496,-2648.6876151874521,0.40759598344511638,-0.37339130926536035,-0.83333333333337178,5189.5761002109984,1505.6753622024414,-2646.2452277888606,5.8617297566189359
13,219,0,5185.4052630194492,1512.070639150603,-2645.8605253378628,5185.5776150744641,1514.0345019220595,-2643.8020070569355,0.060468971944909862,0.689012746732656,0.72222222222238952,5185.4914390469567,1513.0525705363311,-2644.8312661973991,2.8502560812832574
13,219,1,5185.5776755434363,1514.0351909348062,-2643.8027292791576,5185.9866688142802,1518.6954583062452,-2648.6876151874521,0.060468971944924059,0.68901274673281288,-0.72222222222223864,5185.7821721788587,1516.3653246205258,-2646.2451722333049,6.7636881807153957
13,219,2,5185.9867292832523,1518.696147318992,-2648.6868929652301,5186.0371390102391,1519.2705401577555,-2648.0848151743517,0.060468971946113927,0.68901274673308277,0.72222222222188137,5186.0119341467453,1518.9833437383736,-2648.3858540697911,0.83364617198588586
13,219,3,5186.0371994792113,1519.2698511450087,-2648.0840929521296,5186.3957225540962,1515.1846656250796,-2643.8020070569355,0.060468971944717925,-0.68901274673280088,0.72222222222226717,5186.2164610166537,1517.227258385044,-2645.9430500045328,5.9290420087299047
13,219,4,5186.3957830230684,1515.1839766123328,-2643.8027292791576,5186.8047762939123,1510.5237092408943,-2648.6876151874517,0.06046897194492979,-0.68901274673281099,-0.72222222222223986,5186.6002796584908,1512.8538429266137,-2646.2451722333044,6.7636881807147544
13,220,0,5185.4052630194492,1512.070639150603,-2645.8605253378628,5187.0275474740019,1509.9546563551073,-2643.802007056936,0.48160663169518531,-0.62817056774707092,0.61111111111117988,5186.2164052467251,1511.0126477528552,-2644.8312661973996,3.3684844596980525
13,220,1,5187.028029080634,1509.9540281845395,-2643.802618168047,5190.8778150157641,1504.9326641554298,-2648.6876151874521,0.48160663169528334,-0.6281705677470808,-0.61111111111109218,5188.9529220481991,1507.4433461699846,-2646.2451166777496,7.9936314862994875
13,220,2,5190.8782966223962,1504.9320359848621,-2648.6870040763411,5191.1697889588513,1504.5518358496593,-2648.3171291745261,0.48160663169484796,-0.62817056774713487,0.61111111111138006,5191.0240427906238,1504.7419359172607,-2648.5020666254336,0.60524983933322307
13,220,3,5191.1702705654834,1504.552464020227,-2648.3165180634151,5194.7280825575272,1509.1929997435657,-2643.802007056936,0.48160663169539114,0.62817056774701419,0.61111111111107586,5192.9491765615057,1506.8727318818965,-2646.0592625601757,7.3873816469662215
13,220,4,5194.7285641641593,1509.1936279141335,-2643.802618168047,5198.5783500992893,1514.2149919432427,-2648.6876151874521,0.48160663169530055,0.62817056774704649,-0.61111111111111405,5196.6534571317243,1511.704309928688,-2646.2451166777496,7.9936314862992006
13,221,0,5185.4052630194492,1512.070639150603,-2645.8605253378628,5184.0001220703089,1512.3191887995404,-2645.036673001794,-0.85278689373229077,0.15084599390915518,0.49999999999998984,5184.702692544879,1512.1949139750718,-2645.4485991698284,1.6477046721375126
13,221,1,5184.0009748572029,1512.3193396455342,-2645.0361730017939,5186.1059359421333,1512.6916776227358,-2643.8020070569355,0.85278689373213479,0.15084599390907447,0.50000000000027989,5185.0534553996677,1512.5055086341349,-2644.4190900293647,2.4683318897154831
13,221,2,5186.1067887290274,1512.6918284687297,-2643.8025070569356,5194.438701105365,1514.1656264513329,-2648.6876151874521,0.85278689373224248,0.15084599390919878,-0.50000000000005895,5190.2727449171962,1513.4287274600313,-2646.2450611221939,9.7702162610319032
13,221,3,5194.439553892259,1514.1657772973267,-2648.687115187452,5202.7714662685958,1515.6395752799297,-2643.802007056936,0.85278689373223981,0.15084599390919148,0.5000000000000655,5198.6055100804278,1514.9026762886283,-2646.2445611221938,9.7702162610308676
13,221,4,5202.7723190554898,1515.6397261259235,-2643.8025070569361,5211.1042314318256,1517.1135241085265,-2648.6876151874521,0.85278689373221439,0.15084599390920347,-0.50000000000010514,5206.9382752436577,1516.3766251172251,-2646.2450611221939,9.7702162610300913
13,222,0,5185.4052630194492,1512.070639150603,-2645.8605253378628,5189.5199759961051,1514.6880827348448,-2643.802007056936,0.77733881326902943,0.4944793236165626,0.38888888888884904,5187.4626195077772,1513.3793609427239,-2644.8312661973996,5.2933327223837914
13,222,1,5189.5207533349185,1514.6885772141684,-2643.8023959458246,5196.7237595414481,1519.2705401577555,-2647.4059328238259,0.77733881326903453,0.49447932361656471,-0.38888888888883671,5193.1222564381833,1516.9795586859618,-2645.6041643848253,9.2662376862901752
13,222,2,5196.7245368802614,1519.2700456784319,-2647.4063217127145,5199.2856775493801,1517.6408576279514,-2648.6876151874521,0.77733881326901322,-0.4944793236165137,-0.38888888888894402,5198.0051072148208,1518.4554516531916,-2648.0469684500831,3.2947546493247768
13,222,3,5199.2864548881935,1517.6403631486278,-2648.6872262985635,5209.0513791026542,1511.4287176752368,-2643.802007056936,0.77733881326901544,-0.49447932361656577,0.38888888888887324,5204.1689169954243,1514.5345404119323,-2646.2446166777499,12.561992335614105
13,222,4,5209.0521564414676,1511.4282231959132,-2643.8023959458246,5212.2944975129394,1509.3657112093917,-2645.4244819592332,0.77733881326901932,-0.49447932361660424,-0.38888888888881645,5210.673326977203,1510.3969672026524,-2644.6134389525287,4.1710783201941508
13,223,0,5185.4052630194492,1512.070639150603,-2645.8605253378628,5184.0001220703089,1506.843584858409,-2644.2954241876459,-0.2493876707347267,-0.92770970451878088,0.27777777777781959,5184.702692544879,1509.4571120045061,-2645.0779747627544,5.6343641407797511
13,223,1,5184.0003714579798,1506.8426571487046,-2644.2951464098683,5184.4431098064506,1505.1956925604816,-2643.8020070569355,0.24938767073440879,-0.92770970451877843,0.27777777777811336,5184.2217406322152,1506.0191748545931,-2644.0485767334021,1.7753016705557836
13,223,2,5184.4433591941215,1505.1947648507771,-2643.8022848347132,5184.6161918865637,1504.5518358496595,-2643.9947926723803,0.24938767073495322,-0.92770970451858314,-0.27777777777827678,5184.5297755403426,1504.8733003502184,-2643.8985387535467,0.69302821560034422
13,223,3,5184.6164412742346,1504.5527635593639,-2643.995070450158,5188.5728858456214,1519.2705401577555,-2648.4019137303535,0.24938767073468171,0.92770970451880763,-0.27777777777777052,5186.5946635599284,1511.9116518585597,-2646.198492090256,15.864635808704275
13,223,4,5188.5731352332923,1519.269612448051,-2648.4021915081312,5188.8293873609018,1518.3163673061106,-2648.6876151874521,0.24938767073396509,-0.92770970451902945,-0.27777777777767332,5188.7012612970975,1518.7929898770808,-2648.5449033477917,1.0275252455558301
13,224,0,5185.4052630194492,1512.070639150603,-2645.8605253378628,5184.0001220703089,1514.7761525433712,-2645.3452106266595,-0.45446045513252303,0.8750359518002655,0.16666666666656446,5184.702692544879,1513.4233958469872,-2645.6028679822612,3.0918882672213703
13,224,1,5184.0005765307642,1514.777027579323,-2645.3450439599928,5186.3343363806734,1519.2705401577555,-2644.4891719680691,0.4544604551325907,0.87503595180020743,0.16666666666668414,5185.1674564557188,1517.0237838685393,-2644.9171079640309,5.1352319515421261
13,224,2,5186.3347908411288,1519.2696651218037,-2644.4890053014024,5188.2080720502627,1515.6627761454115,-2643.8020070569364,0.45446045513261024,-0.87503595180023652,0.16666666666647795,5187.2714314456953,1517.4662206336075,-2644.1455061791694,4.121989466800307
13,224,3,5188.208526510718,1515.6619011094597,-2643.8021737236031,5193.9786726448674,1504.5518358496593,-2645.9182896837419,0.45446045513259636,-0.87503595180021432,-0.16666666666663252,5191.0935995777927,1510.1068684795596,-2644.8602317036725,12.696695760835482
13,226,0,5185.4052630194492,1512.070639150603,-2645.8605253378628,5184.0001220703089,1511.4906173931606,-2645.9451085690075,-0.92291799458142065,-0.38096713181680819,-0.05555555555552906,5184.702692544879,1511.7806282718818,-2645.9028169534349,1.5224981606059358
13,227,0,5185.4052630194492,1512.070639150603,-2645.8605253378628,5188.7745174454876,1519.2705401577555,-2647.2041924937162,0.41791778707508187,0.89306603645446669,-0.16666666666665989,5187.089890232468,1515.6705896541794,-2646.5323589157897,8.0620029351206188
13,227,1,5188.7749353632744,1519.269647091719,-2647.2043591603829,5192.4942098222673,1511.3217736048643,-2648.6876151874521,0.41791778707509908,-0.8930660364544688,-0.16666666666660626,5190.6345725927713,1515.2957103482918,-2647.9459871739173,8.8995361624188689
13,227,2,5192.4946277400541,1511.3208805388279,-2648.6874485207854,5195.6622593167076,1504.5518358496593,-2647.4241890653702,0.41791778707512228,-0.89306603645445115,0.16666666666664257,5194.0784435283804,1507.9363581942434,-2648.0558187930778,7.5795567324923514
13,228,0,5185.4052630194492,1512.070639150603,-2645.8605253378628,5187.7636167449928,1504.551835849659,-2648.1390831493059,0.28750565546566681,-0.91661333409901624,-0.27777777777774504,5186.584439882221,1508.311237500131,-2646.9998042435845,8.2028081211960515
13,228,1,5187.763904250648,1504.5527524629931,-2648.1393609270835,5188.3313585724081,1506.361886258903,-2648.6876151874521,0.28750565546529755,0.91661333409912693,-0.27777777777776236,5188.0476314115276,1505.4573193609481,-2648.4134880572678,1.9737153373270488
13,228,2,5188.3316460780634,1506.3628028722371,-2648.6873374096745,5192.3802970531206,1519.2705401577555,-2644.7756742842021,0.28750565546557466,0.91661333409901724,0.27777777777783774,5190.355971565592,1512.8166715149964,-2646.7315058469385,14.081987251697553
13,228,3,5192.3805845587758,1519.2696235444214,-2644.7753965064244,5193.3880624568883,1516.0576252492021,-2643.802007056936,0.28750565546518048,-0.9166133340991145,0.27777777777792467,5192.8843235078321,1517.6636243968119,-2644.2887017816802,3.5042020181564681
13,228,4,5193.3883499625435,1516.0567086358681,-2643.8022848347136,5196.9969773612465,1504.5518358496593,-2647.2888127710662,0.28750565546551293,-0.91661333409904255,-0.27777777777781776,5195.1926636618955,1510.3042722427635,-2645.5455488028902,12.551500570867404
13,229,0,5185.4052630194492,1512.070639150603,-2645.8605253378628,5184.0001220703089,1512.8849470521384,-2646.5460600431106,-0.79710581865581387,0.46193911499650875,-0.38888888888895601,5184.702692544879,1512.4777931013707,-2646.2032926904867,1.7628035277798724
13,229,1,5184.0009191761274,1512.8854089912534,-2646.5464489319993,5188.3896690985202,1515.4287792786643,-2648.6876151874521,0.79710581865577856,0.46193911499656903,-0.38888888888895712,5186.1952941373238,1514.1570941349587,-2647.6170320597257,5.5058560854492065
13,229,2,5188.3904662043387,1515.4292412177792,-2648.6872262985635,5195.018875959754,1519.2705401577555,-2645.4533835081161,0.79710581865579366,0.46193911499660273,0.38888888888888579,5191.7046710820468,1517.3498906877674,-2647.07030490334,8.315595746864803
13,229,3,5195.0196730655725,1519.2700782186405,-2645.4529946192274,5198.4037033889654,1517.3089634756243,-2643.802007056936,0.79710581865575147,-0.46193911499661311,0.38888888888896012,5196.7116882272694,1518.2895208471323,-2644.6275008380817,4.24539658874866
13,229,4,5198.4045004947839,1517.3085015365093,-2643.8023959458246,5208.4177376794114,1511.5056259144026,-2648.6876151874521,0.79710581865582697,-0.46193911499654416,-0.38888888888888729,5203.4111190870972,1514.4070637254558,-2646.2450055666386,12.561992335613649
13,230,0,5185.4052630194492,1512.070639150603,-2645.8605253378628,5190.187715394226,1513.1220478893642,-2648.6876151874521,0.84582603122281252,0.18595248023580968,-0.50000000000001665,5187.7964892068376,1512.5963435199837,-2647.2740702626575,5.654179699178524
13,230,1,5190.1885612202568,1513.1222338418445,-2648.687115187452,5198.4524644645153,1514.9390297880236,-2643.802007056936,0.84582603122285127,0.18595248023579017,0.49999999999995848,5194.3205128423861,1514.0306318149342,-2646.2445611221938,9.7702162610329584
13,230,2,5198.4533102905461,1514.9392157405039,-2643.8025070569361,5206.7172135348028,1516.7560116866828,-2648.6876151874521,0.84582603122280198,0.185952480235797,-0.50000000000003941,5202.5852619126745,1515.8476137135933,-2646.2450611221939,9.7702162610313774
13,230,3,5206.7180593608336,1516.756197639163,-2648.687115187452,5212.2944975129394,1517.9821619237646,-2645.39067008748,0.8458260312227972,0.18595248023576852,0.50000000000005784,5209.5062784368865,1517.3691797814638,-2647.0388926374662,6.5928901999433593
13,230,4,5212.2936516869086,1517.9823478762448,-2645.3901700874799,5209.6070324207894,1518.5729935853419,-2643.802007056936,-0.84582603122277744,0.18595248023588115,0.5000000000000494,5210.9503420538495,1518.2776707307935,-2644.5960885722079,3.176326061087507
13,231,0,5185.4052630194492,1512.070639150603,-2645.8605253378628,5184.0001220703089,1510.0719707441283,-2647.7467740909819,-0.45524072330162779,-0.64753308311193536,-0.61111111111103378,5184.702692544879,1511.0713049473657,-2646.8036497144221,3.0865888687408374
13,231,1,5184.0005773110324,1510.0713232110452,-2647.747385202093,5184.7009916396582,1509.0750559035389,-2648.6876151874521,0.45524072330153403,-0.64753308311191526,-0.61111111111112493,5184.3507844753458,1509.5731895572922,-2648.2175001947726,1.5385581578603276
13,231,2,5184.7014468803818,1509.0744083704558,-2648.6870040763411,5187.8809897319334,1504.551835849659,-2644.418813940043,0.45524072330160648,-0.64753308311186908,0.61111111111111971,5186.291218306158,1506.8131221100575,-2646.5529090081918,6.9843111321239295
13,231,3,5187.8814449726569,1504.5524833827421,-2644.418202828932,5188.3404734600108,1505.2054041704455,-2643.8020070569355,0.45524072330106075,0.64753308311175584,0.6111111111116464,5188.1109592163339,1504.8789437765938,-2644.1101049429335,1.0083203541751173
13,231,4,5188.3409287007344,1505.2060517035286,-2643.8026181680466,5191.9799552803643,1510.3821925451132,-2648.6876151874521,0.45524072330160492,0.64753308311191193,-0.61111111111107563,5190.1604419905489,1507.7941221243209,-2646.2451166777491,7.9936314863004476
13,232,0,5185.4052630194492,1512.070639150603,-2645.8605253378628,5185.0573254199753,1514.7556495919757,-2648.6876151874521,-0.088885843625801375,0.68592592058569302,-0.7222222222222181,5185.2312942197123,1513.4131443712895,-2647.2740702626575,3.9144320994314388
13,232,1,5185.0572365341313,1514.7563355178963,-2648.6868929652301,5184.4722624492169,1519.2705401577555,-2643.9338156886333,-0.088885843625870514,0.68592592058572877,0.7222222222221758,5184.7647494916746,1517.0134378378259,-2646.3103543269317,6.5811839214420651
13,232,2,5184.472173563373,1519.2698542318349,-2643.9330934664113,5184.4560404041658,1519.1453557557024,-2643.8020070569355,-0.088885843625237784,-0.68592592058457436,0.72222222222334997,5184.4641069837689,1519.2076049937687,-2643.8675502616734,0.18150425927384059
13,232,3,5184.4559515183219,1519.1446698297818,-2643.8027292791576,5184.0001220703089,1515.6270654396562,-2647.506470431505,-0.088885843625871847,-0.68592592058570323,-0.72222222222220001,5184.2280367943149,1517.385867634719,-2645.6545998553311,5.1282569801735471
13,232,4,5184.0002109561528,1515.6263795137356,-2647.5071926537271,5184.1454887522614,1514.5052807878697,-2648.6876151874521,0.088885843625796129,-0.68592592058568103,-0.72222222222223043,5184.0728498542067,1515.0658301508026,-2648.0974039205894,1.6344312005423585
13,233,0,5185.4052630194492,1512.070639150603,-2645.8605253378628,5186.8391934187039,1510.8621210920464,-2648.6876151874521,0.42267563570807409,-0.3562314732504468,-0.83333333333342174,5186.1222282190765,1511.4663801213246,-2647.2740702626575,3.3925078195068674
13,233,1,5186.8396160943394,1510.8617648605732,-2648.6867818541186,5189.3172264455688,1508.773632233577,-2643.802007056936,0.42267563570832606,-0.35623147325039523,0.83333333333331572,5188.0784212699546,1509.817698547075,-2646.2443944555271,5.8617297566193285
13,233,2,5189.3176491212043,1508.7732760021038,-2643.8028403902695,5191.7952594724329,1506.6851433751076,-2648.6876151874521,0.42267563570819866,-0.35623147325041865,-0.83333333333337056,5190.5564542968186,1507.7292096886058,-2646.2452277888606,5.8617297566189448
13,233,3,5191.7956821480684,1506.6847871436344,-2648.6867818541186,5194.2732924992979,1504.5966545166386,-2643.802007056936,0.42267563570833783,-0.35623147325032756,0.83333333333333892,5193.0344873236827,1505.6407208301366,-2646.2443944555271,5.8617297566191668
13,233,4,5194.2737151749334,1504.5962982851654,-2643.8028403902695,5194.3264707274438,1504.5518358496593,-2643.9068514964479,0.42267563571368472,-0.35623147325038335,-0.833333333330603,5194.3000929511891,1504.5740670674122,-2643.8548459433587,0.12481332741449444
13,234,0,5185.4052630194492,1512.070639150603,-2645.8605253378628,5184.4222626305927,1512.0299889983496,-2648.6876151874521,-0.32839043169322119,-0.013579975347136007,-0.94444444444441034,5184.913762825021,1512.0503140744763,-2647.2740702626575,2.9933892525064851
13,234,1,5184.4219342401611,1512.0299754183743,-2648.6866707430077,5184.0001220703089,1512.0125321608525,-2647.4735472108669,-0.32839043169255933,-0.0135799753471111,0.94444444444464115,5184.211028155235,1512.0212537896134,-2648.0801089769375,1.2844837399135192
13,234,2,5184.0004504607405,1512.0125185808772,-2647.4726027664224,5185.2767441767983,1511.9597398287365,-2643.802007056936,0.32839043169336274,-0.013579975347108308,0.94444444444436171,5184.6385973187698,1511.9861292048067,-2645.6373049116792,3.8865131041624177
13,234,3,5185.2770725672299,1511.9597262487612,-2643.8029515013804,5186.9755068435707,1511.8894906591233,-2648.6876151874521,0.32839043169298865,-0.013579975347101134,-0.94444444444449183,5186.1262897054003,1511.9246084539423,-2646.2452833444163,5.1719968440756476
13,234,4,5186.9758352340023,1511.889477079148,-2648.6866707430077,5188.6742695103439,1511.8192414895104,-2643.8020070569364,0.32839043169317295,-0.013579975347057521,0.94444444444442821,5187.8250523721726,1511.8543592843293,-2646.2443388999718,5.1719968440755144
14,235,0,5185.4052630194492,1512.070639150603,-2645.8605253378628,5186.0580746964642,1512.070639150603,-2643.9846550122188,0.32867109906101266,0,0.9444444444444714,5185.7316688579567,1512.070639150603,-2644.9225901750406,1.9862156389170917
14,235,1,5186.0584033675632,1512.070639150603,-2643.9855994566633,5187.6947269090188,1512.0706391506028,-2648.6876151874521,0.32867109906117831,-4.5670158689418317E-14,-0.94444444444441367,5186.876565138291,1512.0706391506028,-2646.3366073220577,4.978604891423644
14,235,2,5187.6950555801177,1512.0706391506028,-2648.6866707430077,5189.3313791215733,1512.0706391506026,-2643.9846550122188,0.32867109906117831,-4.5670158689418317E-14,0.94444444444441367,5188.5132173508455,1512.0706391506028,-2646.3356628776132,4.978604891423644
14,235,3,5189.3317077926722,1512.0706391506026,-2643.9855994566633,5190.9680313341269,1512.0706391506026,-2648.6876151874521,0.32867109906101538,0,-0.9444444444444704,5190.1498695634,1512.0706391506026,-2646.3366073220577,4.9786048914233447
14,235,4,5190.9683600052258,1512.0706391506026,-2648.6866707430077,5192.6046835466814,1512.0706391506023,-2643.9846550122188,0.32867109906117831,-4.5670158689418317E-14,0.94444444444441367,5191.7865217759536,1512.0706391506023,-2646.3356628776132,4.978604891423644
14,236,0,5185.4052630194492,1512.070639150603,-2645.8605253378628,5184.4877463672137,1511.2301187383177,-2643.9846550122188,-0.40759598344505082,-0.37339130926545966,0.83333333333335924,5184.946504693331,1511.6503789444605,-2644.9225901750406,2.2510443907726976
14,236,1,5184.4873387712305,1511.2297453470085,-2643.9854883455523,5184.0001220703089,1510.7834149383632,-2644.9816068892223,-0.40759598344479575,-0.37339130926538461,-0.83333333333351778,5184.2437304207697,1511.0065801426858,-2644.4835476173876,1.1953422524037789
14,236,2,5184.0005296662921,1510.7830415470539,-2644.9824402225559,5185.8127869866748,1509.1228653896142,-2648.6876151874521,0.40759598344494224,-0.37339130926539371,-0.83333333333344195,5184.906658326483,1509.952953468334,-2646.835027705004,4.4462099578749648
14,236,3,5185.8131945826581,1509.1224919983049,-2648.6867818541186,5188.1130761999475,1507.0156120409106,-2643.9846550122188,0.40759598344513848,-0.37339130926533937,0.83333333333337023,5186.9631353913028,1508.0690520196076,-2646.3357184331689,5.6425522102795407
14,236,4,5188.1134837959307,1507.0152386496013,-2643.9854883455523,5190.4133654132202,1504.9083586922075,-2648.6876151874526,0.40759598344512338,-0.37339130926524494,-0.83333333333341997,5189.2634246045754,1505.9617986709045,-2646.3365517665025,5.6425522102797503
14,237,0,5185.4052630194492,1512.070639150603,-2645.8605253378628,5185.562322642656,1513.8602525491076,-2643.9846550122188,0.060468971944987814,0.68901274673284751,0.72222222222220023,5185.4837928310526,1512.9654458498553,-2644.9225901750406,2.5973589124301957
14,237,1,5185.5623831116282,1513.8609415618544,-2643.9853772344409,5185.956083950663,1518.3469595603408,-2648.6876151874521,0.060468971944820885,0.68901274673284607,-0.72222222222221544,5185.7592335311456,1516.1039505610975,-2646.3364962109463,6.5107910118618095
14,237,2,5185.9561444196352,1518.3476485730876,-2648.6868929652301,5185.9847490830316,1518.6735839588316,-2648.3452479380385,0.060468971944107212,0.68901274673293023,0.72222222222219523,5185.9704467513329,1518.5106162659595,-2648.5160704516343,0.4730469607268335
14,237,3,5185.9848095520038,1518.6728949460849,-2648.3445257158164,5186.34984525867,1514.5135013460886,-2643.9846550122188,0.060468971944837094,-0.68901274673288493,0.72222222222217702,5186.1673274053373,1516.5931981460867,-2646.1645903640174,6.0367440511355257
14,237,4,5186.3499057276422,1514.5128123333418,-2643.9853772344409,5186.743606566677,1510.0267943348547,-2648.6876151874517,0.060468971944819573,-0.68901274673293589,-0.72222222222212995,5186.5467561471596,1512.2698033340982,-2646.3364962109463,6.5107910118619508
14,238,0,5185.4052630194492,1512.070639150603,-2645.8605253378628,5186.8836056196806,1510.1424030147271,-2643.9846550122188,0.48160663169516321,-0.62817056774714164,0.61111111111112471,5186.1444343195653,1511.106521082665,-2644.9225901750406,3.0696059874173427
14,238,1,5186.8840872263127,1510.1417748441593,-2643.9852661233299,5190.5899313071213,1505.3081574746709,-2648.6876151874526,0.48160663169532353,-0.62817056774696156,-0.61111111111118321,5188.737009266717,1507.7249661594151,-2646.336440655391,7.6947530140180556
14,238,2,5190.5904129137534,1505.3075293041031,-2648.6870040763415,5191.1697889588522,1504.5518358496593,-2647.9518332639605,0.48160663169519757,-0.62817056774716962,0.61111111111106875,5190.8801009363033,1504.9296825768811,-2648.3194186701512,1.2030067838963581
14,238,3,5191.1702705654843,1504.552464020227,-2647.9512221528494,5194.2962569945639,1508.6297597647056,-2643.9846550122188,0.48160663169543061,0.62817056774702174,0.611111111111037,5192.7332637800246,1506.5911118924664,-2645.9679385825339,6.4907462301235208
14,238,4,5194.296738601196,1508.6303879352733,-2643.9852661233299,5198.0025826820047,1513.4640053047622,-2648.6876151874521,0.48160663169532303,0.62817056774701996,-0.61111111111112348,5196.1496606416003,1511.0471966200178,-2646.336440655391,7.6947530140180636
14,239,0,5185.4052630194492,1512.070639150603,-2645.8605253378628,5184.0001220703089,1512.3191887995404,-2645.0366730017936,-0.8527868937321732,0.15084599390913439,0.50000000000019684,5184.702692544879,1512.1949139750718,-2645.4485991698284,1.6477046721377402
14,239,1,5184.0009748572029,1512.3193396455342,-2645.0361730017935,5185.7944163772681,1512.6365741980362,-2643.9846550122193,0.85278689373224748,0.15084599390944556,0.49999999999997591,5184.8976956172355,1512.4779569217853,-2644.5104140070061,2.1030359791485456
14,239,2,5185.7952691641622,1512.6367250440301,-2643.9851550122194,5193.8156619756355,1514.0554196019336,-2648.6876151874521,0.85278689373227756,0.15084599390927048,-0.49999999999997741,5189.8054655698988,1513.3460723229819,-2646.3363850998358,9.4049203504659697
14,239,3,5193.8165147625296,1514.0555704479275,-2648.687115187452,5201.8369075740038,1515.4742650058308,-2643.9846550122188,0.85278689373228622,0.15084599390923076,0.49999999999997424,5197.8267111682671,1514.764917726879,-2646.3358850998357,9.4049203504669396
14,239,4,5201.8377603608978,1515.4744158518247,-2643.9851550122189,5209.8581531723721,1516.8931104097283,-2648.6876151874521,0.85278689373228322,0.15084599390925438,-0.49999999999997241,5205.8479567666345,1516.1837631307765,-2646.3363850998358,9.4049203504669734
14,240,0,5185.4052630194492,1512.070639150603,-2645.8605253378628,5189.1548862523177,1514.4558425244174,-2643.9846550122188,0.77733881326893906,0.49447932361661184,0.388888888888967,5187.2800746358835,1513.2632408375102,-2644.9225901750406,4.8236665516549619
14,240,1,5189.1556635911311,1514.4563370037411,-2643.9850439011075,5195.785323491481,1518.6735839588318,-2647.301745741217,0.77733881326904275,0.4944793236165454,-0.38888888888884465,5192.4704935413065,1516.5649604812866,-2645.6433948211625,8.5286618745683711
14,240,2,5195.7861008302943,1518.6730894795082,-2647.3021346301057,5198.5554980618072,1516.9114256509586,-2648.6876151874521,0.77733881326905085,-0.49447932361648256,-0.38888888888890827,5197.1707994460503,1517.7922575652333,-2647.9948749087789,3.5626642903192769
14,240,3,5198.5562754006205,1516.910931171635,-2648.6872262985635,5207.9561098712938,1510.931525908672,-2643.9846550122188,0.77733881326900056,-0.49447932361654295,0.38888888888893208,5203.2561926359576,1513.9212285401536,-2646.3359406553909,12.092326164884936
14,240,4,5207.9568872101072,1510.9310314293484,-2643.9850439011075,5211.2895296710412,1508.811077090508,-2645.6523061059193,0.77733881326897647,-0.4944793236166069,-0.38888888888889889,5209.6232084405747,1509.8710542599283,-2644.8186750035134,4.2872456695158885
14,241,0,5185.4052630194492,1512.070639150603,-2645.8605253378628,5184.0001220703089,1506.8435848584081,-2644.2954241876459,-0.24938767073468937,-0.92770970451880341,0.27777777777777796,5184.702692544879,1509.4571120045057,-2645.0779747627544,5.6343641407805949
14,241,1,5184.0003714579798,1506.8426571487037,-2644.2951464098683,5184.2791292731745,1505.8056919707358,-2643.9846550122184,0.2493876707348171,-0.92770970451862012,0.27777777777827534,5184.1397503655771,1506.3241745597197,-2644.1399007110431,1.1177690315376809
14,241,2,5184.2793786608454,1505.8047642610313,-2643.984932789996,5184.6161918865637,1504.5518358496593,-2644.3600885829455,0.24938767073449036,-0.92770970451882551,-0.2777777777778826,5184.4477852737045,1505.1783000553453,-2644.1725106864706,1.3505608546176879
14,241,3,5184.6164412742346,1504.5527635593637,-2644.3603663607232,5188.4124115989334,1518.6735839588318,-2648.5884671252811,0.24938767073483728,0.92770970451876,-0.27777777777779034,5186.5144264365845,1511.6131737590977,-2646.4744167430022,15.221162752407729
14,241,4,5188.4126609866044,1518.6726562491274,-2648.5887449030588,5188.5014262943523,1518.3424537287744,-2648.6876151874521,0.24938767073707793,-0.92770970451823398,-0.27777777777753571,5188.4570436404783,1518.5075549889509,-2648.6381800452555,0.35593302381634295
14,242,0,5185.4052630194492,1512.070639150603,-2645.8605253378628,5184.0001220703098,1514.7761525433709,-2645.3452106266591,-0.45446045513230765,0.87503595180034366,0.16666666666674043,5184.702692544879,1513.423395846987,-2645.6028679822612,3.0918882672208343
14,242,1,5184.0005765307651,1514.7770275793227,-2645.3450439599924,5186.0242999926841,1518.6735839588318,-2644.6028732389886,0.45446045513241812,0.87503595180028648,0.1666666666667409,5185.012438261725,1516.7253057690773,-2644.9739585994903,4.4530243260204037
14,242,2,5186.0247544531394,1518.67270892288,-2644.6027065723219,5187.7100344129394,1515.4278049119393,-2643.9846550122184,0.45446045513253286,-0.87503595180023541,0.16666666666669466,5186.8673944330394,1517.0502569174096,-2644.2936807922702,3.7083093606209467
14,242,3,5187.7104888733948,1515.4269298759875,-2643.9848216788851,5193.3585998688877,1504.5518358496593,-2646.0561830524675,0.45446045513255739,-0.87503595180022387,-0.16666666666668964,5190.5345443711412,1509.9893828628233,-2645.0205023656763,12.428168241493147
14,242,4,5193.3590543293431,1504.5527108856111,-2646.0563497191342,5200.5338909431812,1518.3674221866613,-2648.6876151874521,0.45446045513260153,0.87503595180020244,-0.16666666666668054,5196.9464726362621,1511.4600665361363,-2647.3719824532932,15.787592809906124
14,244,0,5185.4052630194492,1512.070639150603,-2645.8605253378628,5184.0001220703089,1511.4906173931608,-2645.9451085690075,-0.92291799458147306,-0.38096713181668046,-0.05555555555553221,5184.702692544879,1511.7806282718821,-2645.9028169534349,1.5224981606058492
14,245,0,5185.4052630194492,1512.070639150603,-2645.8605253378628,5188.495166755336,1518.6735839588318,-2647.0927867345008,0.417917787075127,0.89306603645444793,-0.16666666666664742,5186.9502148873926,1515.3721115547173,-2646.4766560361818,7.3935683798289924
14,245,1,5188.4955846731227,1518.6726908927953,-2647.0929534011675,5192.4942098222664,1510.1278612070198,-2648.6876151874521,0.41791778707509109,-0.89306603645446092,-0.16666666666666871,5190.4948972476941,1514.4002760499075,-2647.8902842943098,9.5679707177076772
14,245,2,5192.4946277400531,1510.1269681409833,-2648.6874485207854,5195.1035579364034,1504.5518358496593,-2647.6470005837996,0.41791778707505933,-0.89306603645445914,0.16666666666675672,5193.7990928382278,1507.3394019953212,-2648.1672245522923,6.2426876219117649
14,245,3,5195.1039758541901,1504.5527289156958,-2647.6468339171329,5201.7119491174717,1518.6735839588316,-2645.0115575271961,0.4179177870751159,0.89306603645444771,0.16666666666667668,5198.4079624858314,1511.6131564372636,-2646.3291957221645,15.811658339619457
14,245,4,5201.7123670352585,1518.6726908927951,-2645.0113908605294,5204.2869140770781,1513.1710334055756,-2643.9846550122188,0.41791778707502308,-0.89306603645449512,0.16666666666665531,5202.9996405561687,1515.9218621491855,-2644.4980229363741,6.1604150898642382
14,246,0,5185.4052630194492,1512.070639150603,-2645.8605253378628,5187.7636167449919,1504.5518358496593,-2648.1390831493059,0.28750565546557244,-0.91661333409904122,-0.27777777777776097,5186.584439882221,1508.311237500131,-2646.9998042435845,8.2028081211955808
14,246,1,5187.7639042506471,1504.5527524629933,-2648.1393609270835,5188.3313585724081,1506.3618862589024,-2648.6876151874521,0.28750565546584167,0.91661333409893175,-0.27777777777784285,5188.0476314115276,1505.4573193609478,-2648.4134880572678,1.9737153373264769
14,246,2,5188.3316460780634,1506.3628028722364,-2648.6873374096745,5192.1930553047514,1518.6735839588318,-2644.9565806273677,0.28750565546561163,0.91661333409903256,0.27777777777774909,5190.2623506914078,1512.5181934155341,-2646.8219590185208,13.430724416305861
14,246,3,5192.1933428104066,1518.6726673454978,-2644.95630284959,5193.1990181045203,1515.4664160358805,-2643.9846550122188,0.2875056554654683,-0.91661333409903856,0.27777777777787777,5192.6961804574639,1517.0695416906892,-2644.4704789309044,3.4979322145349365
14,246,4,5193.1993056101755,1515.4654994225464,-2643.9849327899965,5196.62249386451,1504.551835849659,-2647.2922959953016,0.28750565546561069,-0.9166133340990178,-0.27777777777779855,5194.9108997373423,1510.0086676361027,-2645.6386143926493,11.906507539097602
14,247,0,5185.4052630194492,1512.070639150603,-2645.8605253378628,5184.0001220703089,1512.8849470521384,-2646.5460600431106,-0.79710581865581387,0.46193911499650875,-0.38888888888895601,5184.702692544879,1512.4777931013707,-2646.2032926904867,1.7628035277798724
14,247,1,5184.0009191761274,1512.8854089912534,-2646.5464489319993,5188.3896690985202,1515.4287792786649,-2648.6876151874521,0.79710581865573293,0.46193911499666646,-0.38888888888893486,5186.1952941373238,1514.1570941349592,-2647.6170320597257,5.5058560854495218
14,247,2,5188.3904662043387,1515.4292412177799,-2648.6872262985635,5193.9887894306048,1518.6735839588318,-2645.9559381205709,0.79710581865578745,0.46193911499658097,0.38888888888892459,5191.1896278174718,1517.051412588306,-2647.3215822095672,7.0233124576946384
14,247,3,5193.9895865364233,1518.6731220197169,-2645.9555492316822,5198.0293297514527,1516.3320082530263,-2643.9846550122188,0.79710581865577923,-0.4619391149966029,0.38888888888891521,5196.009458143938,1517.5025651363717,-2644.9701021219507,5.0680137071912288
14,247,4,5198.0301268572712,1516.3315463139113,-2643.9850439011075,5207.6689904043842,1510.7456278670538,-2648.6876151874521,0.7971058186557578,-0.46193911499662543,-0.38888888888893269,5202.8495586308272,1513.5385870904825,-2646.3363295442796,12.092326164884918
14,248,0,5185.4052630194492,1512.070639150603,-2645.8605253378628,5190.187715394226,1513.1220478893642,-2648.6876151874517,0.84582603122284661,0.18595248023581715,-0.49999999999995631,5187.7964892068376,1512.5963435199837,-2647.274070262657,5.6541796991782967
14,248,1,5190.1885612202568,1513.1222338418445,-2648.6871151874516,5198.1434876742587,1514.8711021074339,-2643.9846550122188,0.84582603122284727,0.18595248023580521,0.49999999999995948,5194.1660244472578,1513.9966679746392,-2646.3358850998352,9.4049203504663073
14,248,2,5198.1443335002896,1514.8712880599141,-2643.9851550122189,5206.0992599542924,1516.6201563255036,-2648.6876151874521,0.84582603122285438,0.18595248023578551,-0.49999999999995487,5202.1217967272914,1515.7457221927089,-2646.3363850998358,9.4049203504673038
14,248,3,5206.1001057803232,1516.6203422779838,-2648.687115187452,5211.2895296710412,1517.76122256288,-2645.6194489658205,0.84582603122282773,0.1859524802358353,0.49999999999998124,5208.6948177256818,1517.1907824204318,-2647.1532820766361,6.1353324432632261
14,248,4,5211.2886838450104,1517.7614085153602,-2645.6189489658204,5208.5240271077555,1518.3692105435737,-2643.9846550122188,-0.84582603122300737,0.18595248023576313,0.49999999999970396,5209.9063554763834,1518.065309529467,-2644.8018019890196,3.2685879072051902
14,249,0,5185.4052630194492,1512.070639150603,-2645.8605253378628,5184.0001220703089,1510.0719707441281,-2647.7467740909824,-0.45524072330156506,-0.64753308311191971,-0.61111111111109684,5184.702692544879,1511.0713049473657,-2646.8036497144226,3.0865888687412628
14,249,1,5184.0005773110324,1510.071323211045,-2647.7473852020935,5184.7009916396582,1509.0750559035389,-2648.6876151874521,0.45524072330165982,-0.64753308311194635,-0.61111111111099814,5184.3507844753458,1509.5731895572919,-2648.2175001947726,1.5385581578599026
14,249,2,5184.7014468803818,1509.0744083704558,-2648.6870040763411,5187.8809897319334,1504.5518358496593,-2644.4188139400435,0.45524072330163418,-0.64753308311187596,0.61111111111109184,5186.291218306158,1506.8131221100575,-2646.5529090081923,6.9843111321235041
14,249,3,5187.8814449726569,1504.5524833827424,-2644.4182028289324,5188.2044118081121,1505.0118704718145,-2643.9846550122188,0.45524072330257387,0.64753308311151969,0.61111111111076943,5188.042928390385,1504.7821769272784,-2644.2014289205754,0.70944188189537671
14,249,4,5188.2048670488357,1505.0125180048976,-2643.9852661233299,5191.7078319765642,1509.9951251478492,-2648.6876151874526,0.45524072330155413,0.64753308311186342,-0.61111111111116478,5189.9563495127004,1507.5038215763734,-2646.336440655391,7.6947530140182874
14,250,0,5185.4052630194492,1512.070639150603,-2645.8605253378628,5185.0573254199744,1514.7556495919755,-2648.6876151874521,-0.088885843626035438,0.68592592058564816,-0.72222222222223198,5185.2312942197113,1513.4131443712893,-2647.2740702626575,3.9144320994313633
14,250,1,5185.0572365341304,1514.7563355178961,-2648.6868929652301,5184.5496191341817,1518.6735839588318,-2644.5623602874243,-0.088885843625967048,0.68592592058561241,0.72222222222227439,5184.8034278341565,1516.7149597383641,-2646.624626626327,5.7108914000383129
14,250,2,5184.5495302483378,1518.6728980329112,-2644.5616380652023,5184.4785193823682,1518.1249120812158,-2643.9846550122188,-0.08888584362623507,-0.68592592058566493,0.72222222222219135,5184.514024815353,1518.3989050570635,-2644.2731465387105,0.79889961182327363
14,250,3,5184.4784304965242,1518.1242261552952,-2643.9853772344409,5184.0001220703089,1514.4331530418212,-2647.8717663420612,-0.088885843625787497,-0.68592592058558566,-0.7222222222223218,5184.239276283417,1516.2786895985582,-2645.9285717882512,5.3811541490119659
14,250,4,5184.0002109561528,1514.4324671159006,-2647.8724885642832,5184.100530795854,1513.6583058367437,-2648.6876151874521,0.08888584362542612,-0.68592592058576873,-0.72222222222219257,5184.0503708760034,1514.0453864763222,-2648.2800518758677,1.1286368628493035
14,251,0,5185.4052630194492,1512.070639150603,-2645.8605253378628,5186.8391934187048,1510.8621210920462,-2648.6876151874521,0.4226756357082842,-0.35623147325046495,-0.83333333333330739,5186.1222282190774,1511.4663801213246,-2647.2740702626575,3.3925078195073328
14,251,1,5186.8396160943403,1510.861764860573,-2648.6867818541186,5189.2245854368375,1508.8517101738128,-2643.9846550122184,0.42267563570826489,-0.35623147325036636,0.83333333333335913,5188.0321007655893,1509.8567375171929,-2646.3357184331685,5.6425522102801624
14,251,2,5189.225008112473,1508.8513539423395,-2643.9854883455519,5191.6099774549702,1506.8412992555795,-2648.6876151874521,0.42267563570827105,-0.35623147325033122,-0.83333333333337123,5190.4174927837212,1507.8463265989594,-2646.336551766502,5.6425522102800807
14,251,3,5191.6104001306057,1506.8409430241063,-2648.6867818541186,5193.9953694731039,1504.8308883373459,-2643.9846550122188,0.42267563570841965,-0.35623147325040122,0.83333333333326576,5192.8028848018548,1505.835915680726,-2646.3357184331689,5.6425522102802486
14,251,4,5193.9957921487394,1504.8305321058726,-2643.9854883455523,5194.3264707274448,1504.5518358496593,-2644.6374433175793,0.42267563570811151,-0.35623147325008886,-0.83333333333355564,5194.1611314380916,1504.6911839777658,-2644.3114658315658,0.78234596643212218
14,252,0,5185.4052630194492,1512.070639150603,-2645.8605253378628,5184.4222626305937,1512.0299889983496,-2648.6876151874521,-0.32839043169295012,-0.013579975347137362,-0.9444444444445047,5184.913762825021,1512.0503140744763,-2647.2740702626575,2.9933892525061863
14,252,1,5184.421934240162,1512.0299754183743,-2648.6866707430077,5184.0001220703089,1512.0125321608525,-2647.4735472108646,-0.32839043169264198,-0.013579975347085237,0.94444444444461262,5184.2110281552359,1512.0212537896134,-2648.0801089769361,1.2844837399159654
14,252,2,5184.0004504607405,1512.0125185808772,-2647.4726027664201,5185.2132361099775,1511.962366086686,-2643.9846550122184,0.32839043169274229,-0.01357997534708124,0.94444444444457776,5184.606843285359,1511.9874423337815,-2645.7286288893192,3.6931211515072047
14,252,3,5185.2135645004091,1511.9623525067107,-2643.9855994566628,5186.8484907099328,1511.8947431750223,-2648.6876151874526,0.32839043169299581,-0.01357997534707049,-0.94444444444448983,5186.0310276051714,1511.9285478408665,-2646.3366073220577,4.9786048914242054
14,252,4,5186.8488191003644,1511.894729595047,-2648.6866707430081,5188.483745309888,1511.8271202633587,-2643.9846550122184,0.32839043169299581,-0.01357997534707049,0.94444444444448983,5187.6662822051258,1511.8609249292028,-2646.3356628776132,4.9786048914242054
15,253,0,5185.4052630194492,1512.070639150603,-2645.8605253378628,5186.0656983517929,1512.0706391506028,-2643.9627482521123,0.32867109906121306,-1.1315438794032296E-13,0.94444444444440157,5185.735480685621,1512.0706391506028,-2644.9116367949873,2.009411031971184
15,253,1,5186.0660270228918,1512.0706391506028,-2643.9636926965568,5187.7099742196751,1512.0706391506028,-2648.6876151874521,0.32867109906109587,0,-0.94444444444444242,5186.8880006212839,1512.0706391506028,-2646.3256539420045,5.0018002844774374
15,253,2,5187.7103028907741,1512.0706391506028,-2648.6866707430077,5189.3542500875574,1512.0706391506028,-2643.9627482521119,0.32867109906106767,0,0.94444444444445219,5188.5322764891662,1512.0706391506028,-2646.3247094975595,5.0018002844778673
15,253,3,5189.3545787586563,1512.0706391506028,-2643.9636926965563,5190.9985259554396,1512.0706391506026,-2648.6876151874526,0.32867109906103947,-4.5458367489966235E-14,-0.94444444444446207,5190.1765523570484,1512.0706391506028,-2646.3256539420045,5.0018002844782963
15,253,4,5190.9988546265386,1512.0706391506026,-2648.6866707430081,5192.6428018233219,1512.0706391506026,-2643.9627482521119,0.32867109906103947,0,0.94444444444446207,5191.8208282249307,1512.0706391506026,-2646.32470949756,5.0018002844782963
15,254,0,5185.4052630194492,1512.070639150603,-2645.8605253378628,5184.4770314382986,1511.2203029857121,-2643.9627482521123,-0.40759598344486231,-0.37339130926553082,0.83333333333341952,5184.9411472288739,1511.6454710681576,-2644.9116367949873,2.2773325029003364
15,254,1,5184.4766238423153,1511.2199295944029,-2643.9635815854458,5184.0001220703089,1510.783414938363,-2644.9377933690093,-0.40759598344512754,-0.37339130926541148,-0.83333333333334325,5184.2383729563117,1511.0016722663829,-2644.4506874772278,1.1690541402762251
15,254,2,5184.0005296662921,1510.7830415470537,-2644.9386267023428,5185.8342168445079,1509.1032338844027,-2648.6876151874521,0.40759598344525844,-0.37339130926537434,-0.83333333333329607,5184.9173732554,1509.9431377157282,-2646.8131209448975,4.4987861821313535
15,254,3,5185.8346244404911,1509.1028604930934,-2648.6867818541186,5188.1452209866966,1506.986164783093,-2643.9627482521119,0.40759598344515674,-0.37339130926538822,0.83333333333333959,5186.9899227135938,1508.0445126380932,-2646.3247650531152,5.6688403224080988
15,254,4,5188.1456285826798,1506.9857913917838,-2643.9635815854454,5190.4562251288853,1504.8690956817838,-2648.6876151874521,0.4075959834451689,-0.37339130926531922,-0.83333333333336457,5189.3009268557826,1505.9274435367838,-2646.3255983864487,5.6688403224079291
15,255,0,5185.4052630194492,1512.070639150603,-2645.8605253378628,5185.5641568139417,1513.8811519848889,-2643.9627482521114,0.060468971944777461,0.6890127467327285,0.72222222222233146,5185.4847099166955,1512.975895567746,-2644.9116367949873,2.6276913495015215
15,255,1,5185.5642172829139,1513.8818409976357,-2643.9634704743335,5185.9597522932363,1518.3887584319036,-2648.6876151874521,0.060468971945012787,0.68901274673280499,-0.72222222222223875,5185.7619847880751,1516.1352997147696,-2646.325542830893,6.5411234489334023
15,255,2,5185.9598127622085,1518.3894474446504,-2648.6868929652301,5185.9768449805397,1518.5835207876894,-2648.4834655515165,0.060468971944275016,0.68901274673328494,0.72222222222184274,5185.9683288713741,1518.4864841161698,-2648.5851792583735,0.28166872668051457
15,255,3,5185.9769054495118,1518.5828317749426,-2648.4827433292944,5186.3553477725291,1514.27067669646,-2643.9627482521114,0.060468971944719646,-0.68901274673282031,0.72222222222224886,5186.1661266110204,1516.4267542357013,-2646.2227457907029,6.2584547222531706
15,255,4,5186.3554082415012,1514.2699876837132,-2643.9634704743335,5186.7509432518227,1509.7630702494453,-2648.6876151874521,0.060468971944874252,-0.68901274673281077,-0.72222222222224486,5186.5531757466615,1512.0165289665792,-2646.325542830893,6.5411234489333463
15,256,0,5185.4052630194492,1512.070639150603,-2645.8605253378628,5186.9008699775932,1510.1198847170174,-2643.9627482521119,0.48160663169524748,-0.62817056774705637,0.6111111111111458,5186.1530664985212,1511.0952619338102,-2644.9116367949873,3.1054534130468019
15,256,1,5186.9013515842253,1510.1192565464496,-2643.9633593632229,5190.6244600229456,1505.2631208792502,-2648.6876151874526,0.48160663169521295,-0.62817056774707059,-0.61111111111115834,5188.7629058035855,1507.6911887128499,-2646.3254872753378,7.730600439647934
15,256,2,5190.6249416295777,1505.2624927086824,-2648.6870040763415,5191.1697889588522,1504.5518358496595,-2647.9956467841753,0.48160663169601653,-0.62817056774685287,0.61111111111074878,5190.897365294215,1504.907164279171,-2648.3413254302586,1.131311932636321
15,256,3,5191.1702705654843,1504.5524640202273,-2647.9950356730642,5194.3480500683008,1508.6973146578362,-2643.9627482521119,0.4816066316953363,0.62817056774701729,0.61111111111111571,5192.759160316893,1506.6248893390316,-2645.978891962588,6.5982885070128754
15,256,4,5194.3485316749329,1508.6979428284039,-2643.9633593632229,5198.0716401136542,1513.5540784956033,-2648.6876151874521,0.48160663169532059,0.62817056774705748,-0.61111111111108685,5196.210085894294,1511.1260106620036,-2646.3254872753378,7.7306004396480947
15,257,0,5185.4052630194492,1512.070639150603,-2645.8605253378628,5184.0001220703089,1512.3191887995404,-2645.036673001794,-0.85278689373229077,0.15084599390915518,0.49999999999998984,5184.702692544879,1512.1949139750718,-2645.4485991698284,1.6477046721375126
15,257,1,5184.0009748572029,1512.3193396455342,-2645.0361730017939,5185.8317799730776,1512.6431832920391,-2643.9627482521119,0.8527868937324411,0.15084599390904804,0.49999999999976596,5184.9163774151402,1512.4812614687867,-2644.4994606269529,2.1468494993651848
15,257,2,5185.8326327599716,1512.643334138033,-2643.963248252112,5193.8903891672544,1514.0686377899392,-2648.6876151874526,0.85278689373232452,0.15084599390915748,-0.49999999999993155,5189.861510963613,1513.3559859639861,-2646.3254317197825,9.4487338706825739
15,257,3,5193.8912419541484,1514.0687886359331,-2648.6871151874525,5201.9489983614321,1515.4940922878395,-2643.9627482521119,0.85278689373234762,0.15084599390916861,0.4999999999998887,5197.9201201577907,1514.7814404618862,-2646.3249317197824,9.4487338706833839
15,257,4,5201.9498511483262,1515.4942431338334,-2643.963248252112,5210.007607555608,1516.9195467857398,-2648.6876151874521,0.85278689373231564,0.15084599390919698,-0.49999999999993466,5205.9787293519676,1516.2068949597865,-2646.325431719782,9.448733870681604
15,258,0,5185.4052630194492,1512.070639150603,-2645.8605253378628,5189.1986750449296,1514.4836973699269,-2643.9627482521119,0.77733881326904197,0.49447932361651353,0.38888888888888634,5187.3019690321889,1513.2771682602649,-2644.9116367949873,4.8799982205024266
15,258,1,5189.1994523837429,1514.4841918492505,-2643.9631371410005,5195.6437410324552,1518.5835207876894,-2647.1871010155664,0.7773388132689798,0.49447932361659075,-0.38888888888891276,5192.4215967080991,1516.53385631847,-2645.5751190782835,8.2901928203118693
15,258,2,5195.6445183712685,1518.5830263083658,-2647.1874899044551,5198.643075647029,1516.6755896176544,-2648.6876151874521,0.77733881326908216,-0.49447932361653679,-0.3888888888887766,5197.1437970091483,1517.62930796301,-2647.9375525459536,3.8574650134220541
15,258,3,5198.6438529858424,1516.6750951383308,-2648.6872262985635,5208.0874762491285,1510.6678350298569,-2643.9627482521119,0.77733881326902088,-0.49447932361657398,0.38888888888885204,5203.3656646174859,1513.6714650840938,-2646.3249872753377,12.148657833733894
15,258,4,5208.0882535879418,1510.6673405505333,-2643.9631371410005,5211.2337714356754,1508.6664195734497,-2645.5367842044234,0.77733881326899212,-0.49447932361656782,-0.38888888888891709,5209.6610125118086,1509.6668800619914,-2644.7499606727119,4.0465210202299389
15,259,0,5185.4052630194492,1512.070639150603,-2645.8605253378628,5184.0001220703089,1506.8435848584072,-2644.2954241876459,-0.24938767073465198,-0.92770970451882573,0.27777777777773632,5184.702692544879,1509.4571120045052,-2645.0779747627544,5.6343641407814395
15,259,1,5184.0003714579798,1506.8426571487028,-2644.2951464098683,5184.2987970663298,1505.7325287605302,-2643.9627482521119,0.249387670735053,-0.92770970451866719,0.27777777777790663,5184.1495842621553,1506.2875929546165,-2644.1289473309898,1.1966333679225405
15,259,2,5184.2990464540007,1505.7316010508257,-2643.9630260298895,5184.6161918865637,1504.5518358496593,-2644.3162750627316,0.24938767073446313,-0.92770970451887869,-0.27777777777772944,5184.4576191702818,1505.1417184502425,-2644.1396505463108,1.2716965182317319
15,259,3,5184.6164412742346,1504.5527635593637,-2644.3165528405093,5188.3882007446518,1518.5835207876894,-2648.5176866051343,0.24938767073473592,0.92770970451878432,-0.27777777777779949,5186.5023210094432,1511.5681421735267,-2646.4171197228216,15.124081552648658
15,259,4,5188.3884501323228,1518.5825930779849,-2648.5179643829119,5188.5407618806594,1518.0160009660808,-2648.6876151874521,0.24938767073414039,-0.92770970451883383,-0.27777777777816914,5188.4646060064915,1518.299297022033,-2648.6027897851818,0.61074289634384871
15,260,0,5185.4052630194492,1512.070639150603,-2645.8605253378628,5184.0001220703098,1514.7761525433712,-2645.3452106266595,-0.4544604551322895,0.87503595180038229,0.16666666666658669,5184.702692544879,1513.4233958469872,-2645.6028679822612,3.0918882672209578
15,260,1,5184.0005765307651,1514.777027579323,-2645.3450439599928,5185.9775246005847,1518.5835207876894,-2644.6200274239036,0.45446045513277589,0.87503595180011762,0.16666666666665039,5184.9890505656749,1516.6802741835063,-2644.9825356919482,4.3500992165358792
15,260,2,5185.9779790610401,1518.5826457517376,-2644.6198607572369,5187.7697689499555,1515.1326633535643,-2643.9627482521114,0.45446045513256234,-0.87503595180021942,0.16666666666669855,5186.8738740054978,1516.857654552651,-2644.2913045046744,3.942675030752226
15,260,3,5187.7702234104108,1515.1317883176125,-2643.9629149187781,5193.2650490846863,1504.5518358496593,-2645.9780611624237,0.45446045513249445,-0.87503595180026716,-0.16666666666663305,5190.5176362475486,1509.8418120836359,-2644.9704880406007,12.090877461876227
15,262,0,5185.4052630194492,1512.070639150603,-2645.8605253378628,5184.0001220703089,1511.4906173931606,-2645.945108569008,-0.92291799458140533,-0.38096713181680186,-0.055555555555826822,5184.702692544879,1511.7806282718818,-2645.9028169534354,1.5224981606059611
15,263,0,5185.4052630194492,1512.070639150603,-2645.8605253378628,5188.4530209344839,1518.5835207876892,-2647.0759788749351,0.41791778707505556,0.8930660364544758,-0.16666666666667801,5186.929141976967,1515.3270799691461,-2646.4682521063987,7.2927212224335145
15,263,1,5188.4534388522707,1518.5826277216527,-2647.0761455416018,5192.4942098222673,1509.9477348647306,-2648.6876151874521,0.41791778707507371,-0.89306603645448546,-0.16666666666657934,5190.4738243372685,1514.2651812931917,-2647.8818803645272,9.6688178751069884
15,263,2,5192.4946277400541,1509.9468417986941,-2648.6874485207854,5195.0192662947002,1504.5518358496593,-2647.6806163029328,0.41791778707514426,-0.89306603645444194,0.16666666666663671,5193.7569470173767,1507.2493388241767,-2648.1840324118593,6.0409933071170547
15,263,3,5195.0196842124869,1504.5527289156958,-2647.6804496362661,5201.5855116549174,1518.5835207876894,-2645.061981105895,0.41791778707511962,0.89306603645444482,0.16666666666668273,5198.3025979337017,1511.5681248516926,-2646.3712153710803,15.710811182224766
15,263,4,5201.5859295727041,1518.5826277216529,-2645.0618144392283,5204.3418454253178,1512.6933956204766,-2643.9627482521119,0.41791778707517396,-0.89306603645442839,0.16666666666663515,5202.9638874990105,1515.6380116710648,-2644.5122813456701,6.5943971227001121
15,264,0,5185.4052630194492,1512.070639150603,-2645.8605253378628,5187.7636167449919,1504.5518358496595,-2648.1390831493054,0.28750565546558415,-0.91661333409905077,-0.27777777777771684,5186.584439882221,1508.3112375001313,-2646.9998042435841,8.2028081211952468
15,264,1,5187.7639042506471,1504.5527524629936,-2648.1393609270831,5188.3313585724081,1506.3618862589035,-2648.6876151874521,0.28750565546570184,0.91661333409894685,-0.27777777777793822,5188.0476314115276,1505.4573193609485,-2648.4134880572674,1.9737153373274365
15,264,2,5188.3316460780634,1506.3628028722376,-2648.6873374096745,5192.1648060200323,1518.5835207876894,-2644.9838740853702,0.28750565546565438,0.91661333409899537,0.27777777777782692,5190.2482260490478,1512.4731618299634,-2646.8356057475221,13.332467967492999
15,264,3,5192.1650935256876,1518.5826041743553,-2644.9835963075925,5193.2216920472465,1515.2140015912817,-2643.9627482521119,0.28750565546575141,-0.91661333409898793,0.27777777777775137,5192.6933927864666,1516.8983028828184,-2644.4731722798524,3.6750529997307093
15,264,4,5193.2219795529018,1515.2130849779476,-2643.9630260298895,5196.5659952950718,1504.5518358496593,-2647.1938955590817,0.28750565546555801,-0.91661333409902312,-0.27777777777783486,5194.8939874239868,1509.8824604138035,-2645.5784607944856,11.631130305089547
15,265,0,5185.4052630194492,1512.070639150603,-2645.8605253378628,5184.0001220703089,1512.8849470521384,-2646.5460600431111,-0.79710581865573404,0.46193911499646251,-0.388888888889175,5184.702692544879,1512.4777931013707,-2646.2032926904867,1.7628035277800489
15,265,1,5184.0009191761274,1512.8854089912534,-2646.5464489319997,5188.3896690985212,1515.4287792786645,-2648.6876151874521,0.79710581865584917,0.46193911499655554,-0.38888888888882839,5186.1952941373238,1514.1570941349589,-2647.6170320597257,5.5058560854498593
15,265,2,5188.3904662043396,1515.4292412177795,-2648.6872262985635,5193.8333796040015,1518.5835207876894,-2646.0317588627813,0.79710581865583652,0.46193911499650936,0.38888888888890916,5191.1119229041706,1517.0063810027345,-2647.3594925806724,6.8283448348680462
15,265,3,5193.83417670982,1518.5830588485744,-2646.0313699738927,5198.0742320524678,1516.1258601094887,-2643.9627482521119,0.79710581865586516,-0.46193911499653811,0.38888888888881656,5195.9542043811434,1517.3544594790314,-2644.9970591130023,5.3193129988659056
15,265,4,5198.0750291582863,1516.1253981703737,-2643.9631371410005,5207.7587950064108,1510.5134579222645,-2648.6876151874521,0.79710581865578223,-0.46193911499655133,-0.38888888888897027,5202.9169120823481,1513.319428046319,-2646.3253761642263,12.148657833730201
15,266,0,5185.4052630194492,1512.070639150603,-2645.8605253378628,5190.187715394226,1513.1220478893642,-2648.6876151874521,0.84582603122281252,0.18595248023580968,-0.50000000000001665,5187.7964892068376,1512.5963435199837,-2647.2740702626575,5.654179699178524
15,266,1,5190.1885612202568,1513.1222338418445,-2648.687115187452,5198.1805462901748,1514.8792493401859,-2643.9627482521119,0.84582603122280997,0.18595248023584177,0.50000000000000899,5194.1845537552163,1514.0007415910152,-2646.3249317197819,9.4487338706802007
15,266,2,5198.1813921162056,1514.8794352926661,-2643.963248252112,5206.1733771861236,1516.6364507910073,-2648.6876151874521,0.84582603122281375,0.18595248023581853,-0.50000000000001132,5202.1773846511642,1515.7579430418368,-2646.325431719782,9.448733870680158
15,266,3,5206.1742230121545,1516.6366367434875,-2648.687115187452,5211.2337714356754,1517.7489642712499,-2645.6962233038062,0.84582603122279354,0.1859524802358421,0.50000000000003664,5208.7039972239145,1517.1928005073687,-2647.1916692456289,5.981783767291307
15,266,4,5211.2329256096446,1517.7491502237301,-2645.6957233038061,5208.3013347892802,1518.3936522418289,-2643.9627482521119,-0.84582603122273226,0.18595248023590544,0.50000000000011691,5209.7671301994624,1518.0714012327794,-2644.8292357779592,3.4659501033876126
15,267,0,5185.4052630194492,1512.070639150603,-2645.8605253378628,5184.0001220703089,1510.0719707441281,-2647.7467740909819,-0.45524072330160614,-0.6475330831119781,-0.61111111111100469,5184.702692544879,1511.0713049473657,-2646.8036497144221,3.0865888687409844
15,267,1,5184.0005773110324,1510.071323211045,-2647.747385202093,5184.7009916396582,1509.0750559035389,-2648.6876151874517,0.45524072330165982,-0.64753308311194635,-0.61111111111099814,5184.3507844753458,1509.5731895572919,-2648.2175001947726,1.5385581578599026
15,267,2,5184.7014468803818,1509.0744083704558,-2648.6870040763406,5187.8809897319334,1504.5518358496593,-2644.4188139400426,0.45524072330161602,-0.64753308311185009,0.61111111111113259,5186.291218306158,1506.8131221100575,-2646.5529090081918,6.9843111321237821
15,267,3,5187.8814449726569,1504.5524833827424,-2644.4182028289315,5188.2207310160811,1505.0350828658525,-2643.9627482521119,0.45524072330018006,0.6475330831120184,0.61111111111202421,5188.0510879943686,1504.7937831242975,-2644.1904755405217,0.74528930752194622
15,267,4,5188.2211862568047,1505.0357303989356,-2643.9633593632229,5191.7404703925049,1510.0415499359258,-2648.6876151874521,0.45524072330156551,0.64753308311183377,-0.61111111111118777,5189.9808283246548,1507.5386401674307,-2646.3254872753378,7.7306004396468193
15,268,0,5185.4052630194492,1512.070639150603,-2645.8605253378628,5185.0573254199753,1514.7556495919757,-2648.6876151874526,-0.088885843625793923,0.68592592058563551,-0.72222222222227372,5185.2312942197123,1513.4131443712895,-2647.2740702626579,3.914432099431767
15,268,1,5185.0572365341313,1514.7563355178963,-2648.6868929652305,5184.561289987706,1518.5835207876894,-2644.6571892210623,-0.088885843625874775,0.68592592058566881,0.7222222222222322,5184.8092632609187,1516.6699281527929,-2646.6720410931466,5.5795897996175317
15,268,2,5184.561201101862,1518.5828348617688,-2644.6564669988402,5184.4758232581116,1517.923979934108,-2643.9627482521119,-0.088885843625755426,-0.68592592058570467,0.72222222222221277,5184.5185121799868,1518.2534073979384,-2644.309607625476,0.96053364931617091
15,268,3,5184.4757343722677,1517.9232940081874,-2643.9634704743339,5184.0001220703089,1514.2530266995213,-2647.8279528218604,-0.088885843625797267,-0.68592592058570712,-0.72222222222220522,5184.2379282212878,1516.0881603538544,-2645.8957116480969,5.3508217119599211
15,268,4,5184.0002109561528,1514.2523407736007,-2647.8286750440825,5184.1059230443698,1513.436567884813,-2648.6876151874521,0.088885843626151595,-0.68592592058571444,-0.72222222222215482,5184.0530670002609,1513.8444543292069,-2648.2581451157675,1.189301736973454
15,269,0,5185.4052630194492,1512.070639150603,-2645.8605253378628,5186.8391934187048,1510.8621210920462,-2648.6876151874521,0.4226756357082842,-0.35623147325046495,-0.83333333333330739,5186.1222282190774,1511.4663801213246,-2647.2740702626575,3.3925078195073328
15,269,1,5186.8396160943403,1510.861764860573,-2648.6867818541186,5189.2356967813439,1508.8423455209002,-2643.9627482521119,0.42267563570842948,-0.35623147325038862,0.83333333333326631,5188.0376564378421,1509.8520551907366,-2646.3247650531152,5.668840322408597
15,269,2,5189.2361194569794,1508.8419892894269,-2643.9635815854454,5191.6322001439821,1506.8225699497539,-2648.6876151874517,0.42267563570832001,-0.35623147325047161,-0.83333333333328652,5190.4341598004812,1507.8322796195903,-2646.3255983864483,5.668840322407914
15,269,3,5191.6326228196176,1506.8222137182806,-2648.6867818541182,5194.0287035066212,1504.8027943786083,-2643.9627482521119,0.42267563570846983,-0.35623147325034238,0.83333333333326565,5192.8306631631194,1505.8125040484445,-2646.3247650531148,5.668840322408057
15,269,4,5194.0291261822567,1504.802438147135,-2643.9635815854454,5194.3264707274457,1504.5518358496593,-2644.5498162771505,0.42267563570839234,-0.35623147325017979,-0.83333333333337434,5194.1777984548517,1504.6771369983971,-2644.2566989312982,0.70348163004615516
15,270,0,5185.4052630194492,1512.070639150603,-2645.8605253378628,5184.4222626305927,1512.0299889983496,-2648.6876151874521,-0.32839043169322119,-0.013579975347136007,-0.94444444444441034,5184.913762825021,1512.0503140744763,-2647.2740702626575,2.9933892525064851
15,270,1,5184.4219342401611,1512.0299754183743,-2648.6866707430077,5184.0001220703098,1512.0125321608525,-2647.4735472108687,-0.32839043169236676,-0.013579975347132418,0.94444444444470754,5184.2110281552359,1512.0212537896134,-2648.0801089769384,1.2844837399115028
15,270,2,5184.0004504607414,1512.0125185808772,-2647.4726027664242,5185.2208532551194,1511.96205109382,-2643.9627482521119,0.32839043169305959,-0.013579975347086871,0.94444444444446729,5184.6106518579309,1511.9872848373486,-2645.7176755092678,3.7163165445659145
15,270,3,5185.221181645551,1511.9620375138447,-2643.9636926965563,5186.8637250002121,1511.8941131892907,-2648.6876151874517,0.32839043169289189,-0.013579975347045345,-0.94444444444452624,5186.0424533228816,1511.9280753515677,-2646.325653942004,5.0018002844769933
15,270,4,5186.8640533906437,1511.8940996093154,-2648.6866707430072,5188.5065967453056,1511.8261752847611,-2643.9627482521119,0.32839043169305387,-0.013579975347089983,0.94444444444446929,5187.6853250679742,1511.8601374470381,-2646.3247094975595,5.0018002844772953
16,271,0,5185.4052630194492,1512.070639150603,-2645.8605253378628,5185.9951268421046,1512.070639150603,-2644.1655372118112,0.328671099061492,0,0.94444444444430442,5185.7001949307769,1512.070639150603,-2645.013031274837,1.7946933099372673
16,271,1,5185.9954555132035,1512.070639150603,-2644.1664816562557,5187.5688312002976,1512.070639150603,-2648.6876151874521,0.32867109906102576,0,-0.94444444444446685,5186.7821433567506,1512.070639150603,-2646.4270484218541,4.7870825624432216
16,271,2,5187.5691598713966,1512.070639150603,-2648.6866707430077,5189.1425355584906,1512.0706391506028,-2644.1655372118116,0.32867109906105524,-4.7497337360984624E-14,0.94444444444445641,5188.3558477149436,1512.0706391506028,-2646.4261039774096,4.7870825624427926
16,271,3,5189.1428642295896,1512.0706391506028,-2644.1664816562561,5190.7162399166846,1512.0706391506026,-2648.6876151874521,0.32867109906122466,-4.7497337360981652E-14,-0.94444444444439746,5189.9295520731375,1512.0706391506028,-2646.4270484218541,4.7870825624430919
16,271,4,5190.7165685877835,1512.0706391506026,-2648.6866707430077,5192.2899442748785,1512.0706391506028,-2644.1655372118112,0.32867109906119518,4.7497337360977398E-14,0.94444444444440778,5191.5032564313315,1512.0706391506028,-2646.4261039774092,4.7870825624435209
16,272,0,5185.4052630194492,1512.070639150603,-2645.8605253378628,5184.5762185968506,1511.3111665479123,-2644.1655372118112,-0.40759598344498515,-0.37339130926537389,0.83333333333342974,5184.9907408081499,1511.6909028492578,-2645.013031274837,2.033985751261699
16,272,1,5184.5758110008674,1511.310793156603,-2644.1663705451447,5184.0001220703089,1510.7834149383636,-2645.3433712884066,-0.40759598344508779,-0.3733913092653427,-0.83333333333339354,5184.2879665355886,1511.0471040474833,-2644.7548709167759,1.4124008919142286
16,272,2,5184.0005296662921,1510.7830415470544,-2645.3442046217401,5185.6358425274011,1509.2849610088031,-2648.6876151874517,0.40759598344483799,-0.37339130926544595,-0.83333333333346937,5184.8181860968471,1510.0340012779288,-2647.0159099045959,4.0120926788532234
16,272,3,5185.6362501233843,1509.2845876174938,-2648.6867818541182,5187.8476595110369,1507.2587554696941,-2644.1655372118107,0.40759598344511744,-0.37339130926530245,0.83333333333339721,5186.7419548172111,1508.271671543594,-2646.4261595329644,5.4254935707685421
16,272,4,5187.8480671070201,1507.2583820783848,-2644.1663705451442,5190.0594764946718,1505.2325499305848,-2648.6876151874517,0.40759598344497128,-0.37339130926536407,-0.83333333333344117,5188.953771800846,1506.2454660044848,-2646.426992866298,5.4254935707682561
16,273,0,5185.4052630194492,1512.070639150603,-2645.8605253378628,5185.5471780509824,1513.6876877382485,-2644.1655372118112,0.060468971944612454,0.68901274673293411,0.72222222222214905,5185.4762205352163,1512.8791634444258,-2645.013031274837,2.3469066360717008
16,273,1,5185.5472385199546,1513.6883767509953,-2644.1662594340332,5185.9257947673177,1518.0018299386222,-2648.6876151874521,0.060468971944966018,0.68901274673282831,-0.72222222222222043,5185.7365166436357,1515.8451033448086,-2646.4269373107427,6.2603387355031108
16,273,2,5185.9258552362899,1518.002518951369,-2648.6868929652301,5185.9396440006603,1518.159634809424,-2648.5222043369154,0.060468971945708209,0.68901274673302226,0.7222222222219733,5185.9327496184751,1518.0810768803965,-2648.6045486510729,0.22803040843582659
16,273,3,5185.9397044696325,1518.1589457966772,-2648.5214821146933,5186.3044114836521,1514.0032974798519,-2644.1655372118116,0.060468971944754424,-0.68901274673287061,0.72222222222219778,5186.1220579766423,1516.0811216382644,-2646.3435096632525,6.0313083270671379
16,273,4,5186.3044719526242,1514.0026084671051,-2644.1662594340337,5186.6830281999873,1509.6891552794784,-2648.6876151874526,0.060468971944967531,-0.68901274673280921,-0.72222222222223842,5186.4937500763062,1511.8458818732918,-2646.4269373107431,6.2603387355029545
16,274,0,5185.4052630194492,1512.070639150603,-2645.8605253378628,5186.7410553284235,1510.3283346267488,-2644.1655372118112,0.48160663169514573,-0.62817056774715385,0.61111111111112582,5186.0731591739368,1511.1994868886759,-2645.013031274837,2.7736169335389351
16,274,1,5186.7415369350556,1510.327706456181,-2644.1661483229223,5190.3048307246072,1505.6800206987136,-2648.6876151874517,0.48160663169533169,-0.62817056774706193,-0.61111111111107363,5188.5231838298314,1508.0038635774472,-2646.426881755187,7.3987639601395205
16,274,2,5190.3053123312393,1505.6793925281459,-2648.6870040763406,5191.1697889588504,1504.5518358496593,-2647.5900688647753,0.4816066316946514,-0.62817056774729629,0.61111111111136895,5190.7375506450444,1505.1156141889026,-2648.1385364705579,1.7949848916515905
16,274,3,5191.1702705654825,1504.552464020227,-2647.5894577536642,5193.86860612079,1508.0719649286398,-2644.1655372118107,0.48160663169535922,0.62817056774699642,0.61111111111111938,5192.5194383431362,1506.3122144744334,-2645.8774974827375,5.6027790684874317
16,274,4,5193.8690877274221,1508.0725930992076,-2644.1661483229218,5197.4323815169737,1512.7202788566751,-2648.6876151874521,0.48160663169528628,0.62817056774703339,-0.61111111111113892,5195.6507346221979,1510.3964359779413,-2646.426881755187,7.3987639601402186
16,275,0,5185.4052630194492,1512.070639150603,-2645.8605253378628,5184.0001220703089,1512.3191887995404,-2645.0366730017945,-0.85278689373240846,0.150845993909176,0.49999999999978284,5184.702692544879,1512.1949139750718,-2645.4485991698284,1.6477046721372852
16,275,1,5184.0009748572029,1512.3193396455342,-2645.0361730017944,5185.4859084390273,1512.5820034876801,-2644.1655372118112,0.85278689373235661,0.15084599390917797,0.49999999999987049,5184.7434416481155,1512.4506715666071,-2644.6008551068026,1.7412715799669021
16,275,2,5185.4867612259213,1512.582154333674,-2644.1660372118113,5193.1986460991502,1513.9462781812213,-2648.6876151874521,0.85278689373223615,0.15084599390924672,-0.50000000000005518,5189.3427036625362,1513.2642162574475,-2646.4268261996317,9.0431559512807347
16,275,3,5193.1994988860442,1513.9464290272151,-2648.687115187452,5200.9113837592731,1515.3105528747624,-2644.1655372118112,0.85278689373223615,0.15084599390924672,0.50000000000005518,5197.0554413226582,1514.6284909509886,-2646.4263261996316,9.0431559512807347
16,275,4,5200.9122365461672,1515.3107037207562,-2644.1660372118113,5208.6241214193951,1516.6748275683033,-2648.6876151874521,0.85278689373221206,0.15084599390923512,-0.50000000000010003,5204.7681789827811,1515.9927656445298,-2646.4268261996317,9.0431559512799229
16,276,0,5185.4052630194492,1512.070639150603,-2645.8605253378628,5188.7933260267891,1514.2258475045958,-2644.1655372118112,0.77733881326895793,0.49447932361665431,0.38888888888887529,5187.0992945231192,1513.1482433275994,-2645.013031274837,4.3585408955614406
16,276,1,5188.7941033656025,1514.2263419839194,-2644.1659261006998,5194.9773774302384,1518.1596348094238,-2647.259308985545,0.77733881326898391,0.49447932361655866,-0.38888888888894529,5191.88574039792,1516.1929883966716,-2645.7126175431222,7.9544131324577814
16,276,2,5194.9781547690518,1518.1591403301002,-2647.2596978744336,5197.8323776107472,1516.3435173917869,-2648.6876151874521,0.77733881326903842,-0.49447932361654934,-0.38888888888884815,5196.4052661898995,1517.2513288609434,-2647.9736565309431,3.671787376333663
16,276,3,5197.8331549495606,1516.3430229124633,-2648.6872262985635,5206.8714291947063,1510.5936126693216,-2644.1655372118112,0.77733881326902599,-0.49447932361655555,0.38888888888886514,5202.3522920721334,1513.4683177908923,-2646.4263817551873,11.627200508792345
16,276,4,5206.8722065335196,1510.593118189998,-2644.1659261006998,5210.6095082371721,1508.2157527644872,-2646.0356321827412,0.77733881326899568,-0.49447932361660868,-0.38888888888885842,5208.7408573853463,1509.4044354772427,-2645.1007791417205,4.8078156395353417
16,277,0,5185.4052630194492,1512.070639150603,-2645.8605253378628,5184.0001220703089,1506.8435848584097,-2644.2954241876464,-0.24938767073476031,-0.92770970451878487,0.27777777777777629,5184.702692544879,1509.4571120045064,-2645.0779747627548,5.6343641407789917
16,277,1,5184.0003714579798,1506.8426571487053,-2644.2951464098687,5184.1167340276143,1506.4097941897064,-2644.1655372118116,0.24938767073608001,-0.92770970451880519,0.27777777777652374,5184.0585527427975,1506.6262256692057,-2644.2303418108404,0.46659311300765333
16,277,2,5184.1169834152852,1506.408866480002,-2644.1658149895893,5184.6161918865655,1504.551835849659,-2644.7218529821312,0.24938767073496004,-0.92770970451869084,-0.27777777777791196,5184.3665876509258,1505.4803511648306,-2644.4438339858602,2.0017367731497298
16,277,3,5184.6164412742364,1504.5527635593635,-2644.7221307599089,5188.1766358032264,1517.7965097509393,-2648.6876151874521,0.24938767073470106,0.92770970451877433,-0.27777777777786394,5186.396538538731,1511.1746366551515,-2646.7048729736807,14.275743939151409
16,277,4,5188.1768851908973,1517.7974374606438,-2648.6873374096745,5188.2742513742178,1518.159634809424,-2648.5788871324262,0.24938767073409041,0.92770970451910517,0.27777777777730822,5188.225568282558,1517.9785361350339,-2648.6331122710503,0.39042099809441938
16,278,0,5185.4052630194492,1512.070639150603,-2645.8605253378628,5184.0001220703089,1514.7761525433709,-2645.3452106266591,-0.45446045513254113,0.87503595180022675,0.16666666666671817,5184.702692544879,1513.423395846987,-2645.6028679822612,3.0918882672212473
16,278,1,5184.0005765307642,1514.7770275793227,-2645.3450439599924,5185.7573743150879,1518.159634809424,-2644.7007642929411,0.45446045513248456,0.87503595180025473,0.16666666666672567,5184.8789754229256,1516.4683311943734,-2645.0229041264665,3.8656780023061361
16,278,2,5185.7578287755432,1518.1587597734722,-2644.7005976262744,5187.2168115724235,1515.3495771792316,-2644.1655372118112,0.45446045513233085,-0.87503595180031668,0.16666666666681929,5186.4873201739829,1516.7541684763519,-2644.4330674190428,3.210362486776619
16,278,3,5187.2172660328788,1515.3487021432798,-2644.1657038784779,5192.8247485136962,1504.5518358496593,-2646.2221653437491,0.45446045513263078,-0.87503595180017946,-0.16666666666672186,5190.021007273288,1509.9502689964695,-2645.1939346111135,12.338768791623359
16,278,4,5192.8252029741516,1504.5527108856111,-2646.2223320104158,5199.5474452621484,1517.4959793532562,-2648.6876151874521,0.45446045513256,0.8750359518002141,-0.16666666666673252,5196.18632411815,1511.0243451194337,-2647.454973598934,14.791699062212114
16,280,0,5185.4052630194492,1512.070639150603,-2645.8605253378628,5184.0001220703089,1511.4906173931604,-2645.9451085690075,-0.92291799458136803,-0.38096713181693581,-0.055555555555525896,5184.702692544879,1511.7806282718816,-2645.9028169534349,1.5224981606060226
16,281,0,5185.4052630194492,1512.070639150603,-2645.8605253378628,5188.2546599143834,1518.1596348094242,-2646.9968720002357,0.41791778707511062,0.89306603645444849,-0.16666666666668509,5186.8299614669158,1515.1151369800136,-2646.4286986690495,6.8180799742369089
16,281,1,5188.2550778321702,1518.1587417433877,-2646.9970386669024,5192.4942098222655,1509.0999629082064,-2648.6876151874521,0.41791778707509697,-0.89306603645445692,-0.1666666666666751,5190.3746438272174,1513.6293523257971,-2647.8423269271771,10.143459123297758
16,281,2,5192.4946277400522,1509.0990698421699,-2648.6874485207854,5194.6225442544992,1504.5518358496593,-2647.8388300523302,0.41791778707516813,-0.89306603645441585,0.16666666666671748,5193.5585859972762,1506.8254528459147,-2648.2631392865578,5.0917108107299036
16,281,3,5194.622962172286,1504.5527289156958,-2647.8386633856635,5200.9904285946159,1518.159634809424,-2645.2993017299914,0.41791778707515537,0.89306603645442129,0.16666666666671953,5197.8066953834514,1511.3561818625599,-2646.5689825578274,15.236169934027828
16,281,4,5200.9908465124026,1518.1587417433875,-2645.2991350633247,5203.8333507456273,1512.0844753022834,-2644.1655372118112,0.41791778707511934,-0.89306603645443505,0.16666666666673585,5202.4120986290145,1515.1216085228355,-2644.7323361375679,6.8015871090782598
16,282,0,5185.4052630194492,1512.070639150603,-2645.8605253378628,5187.7636167449909,1504.5518358496593,-2648.1390831493059,0.28750565546547074,-0.91661333409907031,-0.27777777777776985,5186.5844398822201,1508.311237500131,-2646.9998042435845,8.2028081211953197
16,282,1,5187.7639042506462,1504.5527524629933,-2648.1393609270835,5188.3313585724054,1506.3618862589026,-2648.6876151874521,0.28750565546496593,0.91661333409919321,-0.2777777777778872,5188.0476314115258,1505.4573193609481,-2648.4134880572678,1.973715337326162
16,282,2,5188.3316460780607,1506.3628028722367,-2648.6873374096745,5192.0318496124682,1518.1596348094238,-2645.1123318556142,0.28750565546558843,0.91661333409903234,0.27777777777777357,5190.1817478452649,1512.2612188408302,-2646.8998346326443,12.87001999461701
16,282,3,5192.0321371181235,1518.1587181960897,-2645.1120540778365,5193.0118013452357,1515.035394266836,-2644.1655372118112,0.28750565546539758,-0.91661333409906554,0.27777777777786133,5192.5219692316796,1516.5970562314628,-2644.6387956448239,3.4074607176903311
16,282,4,5193.0120888508909,1515.0344776535019,-2644.1658149895889,5196.3000824799456,1504.5518358496593,-2647.3425579379918,0.28750565546554102,-0.91661333409906043,-0.27777777777773033,5194.6560856654178,1509.7931567515807,-2645.7541864637906,11.436274614252714
16,283,0,5185.4052630194492,1512.070639150603,-2645.8605253378628,5184.0001220703089,1512.8849470521384,-2646.5460600431102,-0.79710581865589403,0.46193911499655521,-0.38888888888873713,5184.702692544879,1512.4777931013707,-2646.2032926904867,1.7628035277796954
16,283,1,5184.0009191761274,1512.8854089912534,-2646.5464489319988,5188.3896690985221,1515.4287792786654,-2648.6876151874517,0.79710581865582308,0.46193911499660983,-0.38888888888881767,5186.1952941373247,1514.1570941349594,-2647.6170320597253,5.5058560854511809
16,283,2,5188.3904662043406,1515.4292412177804,-2648.687226298563,5193.1019369338446,1518.159634809424,-2646.3886122699769,0.79710581865575114,0.46193911499660395,0.38888888888897188,5190.7462015690926,1516.7944380136023,-2647.5379192842702,5.9107217877916796
16,283,3,5193.1027340396631,1518.159172870309,-2646.3882233810882,5197.6585753845748,1515.5189696881489,-2644.1655372118112,0.79710581865581409,-0.46193911499660556,0.38888888888884077,5195.3806547121185,1516.8390712792288,-2645.2768802964497,5.7154787209988092
16,283,4,5197.6593724903933,1515.5185077490339,-2644.1659261006998,5206.9274816706302,1510.1474490361145,-2648.6876151874521,0.7971058186558353,-0.46193911499656531,-0.3888888888888456,5202.2934270805117,1512.8329783925742,-2646.426770644076,11.627200508792932
16,284,0,5185.4052630194492,1512.070639150603,-2645.8605253378628,5190.187715394226,1513.1220478893642,-2648.6876151874521,0.84582603122281252,0.18595248023580968,-0.50000000000001665,5187.7964892068376,1512.5963435199837,-2647.2740702626575,5.654179699178524
16,284,1,5190.1885612202568,1513.1222338418445,-2648.687115187452,5197.8374979282589,1514.8038311201447,-2644.1655372118112,0.8458260312228344,0.18595248023581262,0.49999999999997857,5194.0130295742583,1513.9630324809946,-2646.4263261996316,9.043155951282122
16,284,2,5197.8383437542898,1514.8040170726249,-2644.1660372118113,5205.4872804622919,1516.4856143509251,-2648.6876151874521,0.8458260312228344,0.18595248023581262,-0.49999999999997857,5201.6628121082904,1515.644815711775,-2646.4268261996317,9.043155951282122
16,284,3,5205.4881262883227,1516.4858003034053,-2648.687115187452,5210.6095082371721,1517.6117217582544,-2645.6596711506177,0.8458260312228072,0.18595248023583591,0.50000000000001554,5208.0488172627474,1517.0487610308298,-2647.1733931690351,6.0548880736685469
16,284,4,5210.6086624111413,1517.6119077107346,-2645.6591711506176,5208.1172633317101,1518.1596348094238,-2644.1864102119234,-0.84582603122280975,0.18595248023581001,0.50000000000002154,5209.3629628714261,1517.8857712600793,-2644.9227906812703,2.9455218773881477
16,285,0,5185.4052630194492,1512.070639150603,-2645.8605253378628,5184.0001220703089,1510.071970744129,-2647.7467740909819,-0.45524072330169291,-0.64753308311180691,-0.61111111111112115,5184.702692544879,1511.0713049473661,-2646.8036497144221,3.086588868740396
16,285,1,5184.0005773110324,1510.0713232110459,-2647.747385202093,5184.7009916396582,1509.0750559035394,-2648.6876151874526,0.45524072330140825,-0.64753308311188407,-0.6111111111112516,5184.3507844753458,1509.5731895572926,-2648.2175001947726,1.5385581578607528
16,285,2,5184.7014468803818,1509.0744083704562,-2648.6870040763415,5187.8809897319334,1504.5518358496593,-2644.418813940043,0.45524072330157878,-0.64753308311186231,0.61111111111114769,5186.291218306158,1506.8131221100577,-2646.5529090081923,6.9843111321243541
16,285,3,5187.8814449726569,1504.5524833827424,-2644.418202828932,5188.0696655371339,1504.8202077671888,-2644.1655372118112,0.45524072330152909,0.64753308311190239,0.61111111111114214,5187.9755552548959,1504.6863455749656,-2644.2918700203718,0.41345282801580618
16,285,4,5188.0701207778575,1504.8208553002719,-2644.1661483229223,5191.4383394346105,1509.6117997385979,-2648.6876151874521,0.45524072330173826,0.64753308311180768,-0.61111111111108674,5189.754230106234,1507.2163275194348,-2646.4268817551874,7.3987639601401058
16,286,0,5185.4052630194492,1512.070639150603,-2645.8605253378628,5185.0573254199753,1514.755649591976,-2648.6876151874521,-0.08888584362579785,0.68592592058572388,-0.72222222222218935,5185.2312942197123,1513.4131443712895,-2647.2740702626575,3.9144320994315942
16,286,1,5185.0572365341313,1514.7563355178966,-2648.6868929652301,5184.6162193345181,1518.159634809424,-2645.1035054543527,-0.088885843625910205,0.68592592058574464,0.72222222222215593,5184.8367279343247,1516.4579851636604,-2646.8951992097914,4.9616134765999336
16,286,2,5184.6161304486741,1518.1589488835034,-2645.1027832321306,5184.5007810442421,1517.2688054906228,-2644.1655372118112,-0.088885843625663097,-0.68592592058558899,0.72222222222233423,5184.5584557464581,1517.7138771870632,-2644.6341602219709,1.2977252589036319
16,286,3,5184.5006921583981,1517.2681195647021,-2644.1662594340332,5184.0001220703089,1513.405254742991,-2648.2335307412582,-0.08888584362582129,-0.68592592058571888,-0.72222222222219112,5184.2504071143539,1515.3366871538465,-2646.1998950876459,5.631606425388604
16,286,4,5184.0002109561528,1513.4045688170704,-2648.2342529634802,5184.0560074721079,1512.9739909543734,-2648.6876151874517,0.088885843624806019,-0.68592592058610014,-0.72222222222195398,5184.0281092141304,1513.189279885722,-2648.460934075466,0.62773231011455299
16,287,0,5185.4052630194492,1512.070639150603,-2645.8605253378628,5186.8391934187048,1510.8621210920467,-2648.6876151874521,0.4226756357083043,-0.35623147325034782,-0.83333333333334703,5186.1222282190774,1511.4663801213248,-2647.2740702626575,3.3925078195071716
16,287,1,5186.8396160943403,1510.8617648605734,-2648.6867818541186,5189.1328400383954,1508.9290332927478,-2644.1655372118112,0.42267563570816219,-0.35623147325042503,0.83333333333338611,5187.9862280663674,1509.8953990766606,-2646.4261595329649,5.4254935707686149
16,287,2,5189.1332627140309,1508.9286770612746,-2644.1663705451447,5191.4264866580879,1506.9959454934492,-2648.6876151874526,0.42267563570841443,-0.35623147325031312,-0.83333333333330617,5190.279874686059,1507.962311277362,-2646.4269928662989,5.4254935707696808
16,287,3,5191.4269093337234,1506.995589261976,-2648.6867818541191,5193.7201332777795,1505.0628576941499,-2644.1655372118112,0.42267563570825784,-0.35623147325044818,0.83333333333332804,5192.5735213057515,1506.0292234780629,-2646.4261595329654,5.4254935707695386
16,287,4,5193.720555953415,1505.0625014626767,-2644.1663705451447,5194.3264707274438,1504.5518358496593,-2645.3609721159478,0.42267563570831868,-0.35623147325044491,-0.83333333333329851,5194.0235133404294,1504.807168656168,-2644.7636713305465,1.4335218849637985
16,288,0,5185.4052630194492,1512.070639150603,-2645.8605253378628,5184.4222626305937,1512.0299889983496,-2648.6876151874521,-0.32839043169295012,-0.013579975347137362,-0.9444444444445047,5184.913762825021,1512.0503140744763,-2647.2740702626575,2.9933892525061863
16,288,1,5184.421934240162,1512.0299754183743,-2648.6866707430077,5184.0001220703089,1512.0125321608525,-2647.4735472108655,-0.32839043169286164,-0.01357997534709432,0.94444444444453624,5184.2110281552359,1512.0212537896134,-2648.0801089769366,1.2844837399151063
16,288,2,5184.0004504607405,1512.0125185808772,-2647.472602766421,5185.1503420096869,1511.964966955192,-2644.1655372118112,0.32839043169321253,-0.013579975347044712,0.94444444444441467,5184.5753962352137,1511.9887427680346,-2645.8190699891161,3.5015988225281709
16,288,3,5185.1506704001185,1511.9649533752167,-2644.1664816562557,5186.7227025093489,1511.8999449120347,-2648.6876151874521,0.32839043169293003,-0.013579975347002048,-0.94444444444451359,5185.9366864547337,1511.9324491436257,-2646.4270484218541,4.7870825624429845
16,288,4,5186.7230308997805,1511.8999313320594,-2648.6866707430077,5188.2950630090118,1511.8349228688771,-2644.1655372118112,0.32839043169309934,-0.013579975347048691,0.94444444444445419,5187.5090469543957,1511.8674271004684,-2646.4261039774092,4.7870825624432856
17,289,0,5185.4052630194492,1512.070639150603,-2645.8605253378628,5185.9921716568851,1512.070639150603,-2644.1740290088378,0.32867109906093817,0,0.94444444444449727,5185.6987173381676,1512.070639150603,-2645.0172771733505,1.7857019954381101
17,289,1,5185.9925003279841,1512.070639150603,-2644.1749734532823,5187.5629208298596,1512.0706391506028,-2648.6876151874517,0.32867109906101716,-4.7586716880108446E-14,-0.94444444444446973,5186.7777105789219,1512.0706391506028,-2646.4312943203668,4.7780912479439346
17,289,2,5187.5632495009586,1512.0706391506028,-2648.6866707430072,5189.1336700028342,1512.0706391506023,-2644.1740290088378,0.32867109906101716,-9.5173433760216893E-14,0.94444444444446973,5188.3484597518964,1512.0706391506026,-2646.4303498759227,4.7780912479439346
17,289,3,5189.1339986739331,1512.0706391506023,-2644.1749734532823,5190.7044191758096,1512.0706391506021,-2648.6876151874517,0.32867109906118697,-4.7586716880105468E-14,-0.94444444444441056,5189.9192089248718,1512.0706391506023,-2646.4312943203668,4.7780912479442339
17,289,4,5190.7047478469085,1512.0706391506021,-2648.6866707430072,5192.2751683487841,1512.0706391506019,-2644.1740290088378,0.32867109906101716,-4.7586716880108446E-14,0.94444444444446973,5191.4899580978463,1512.0706391506019,-2646.4303498759227,4.7780912479439346
17,290,0,5185.4052630194492,1512.070639150603,-2645.8605253378628,5184.5803720636823,1511.3149714637639,-2644.1740290088378,-0.40759598344524983,-0.37339130926540337,0.8333333333332873,5184.9928175415662,1511.6928053071833,-2645.0172771733505,2.0237955948300832
17,290,1,5184.579964467699,1511.3145980724546,-2644.1748623421713,5184.0001220703089,1510.7834149383639,-2645.3603548824585,-0.40759598344506065,-0.37339130926546193,-0.83333333333335335,5184.2900432690039,1511.0490065054091,-2644.7676086123147,1.4225910483446227
17,290,2,5184.0005296662921,1510.7830415470546,-2645.361188215792,5185.6275355937396,1509.2925708405062,-2648.6876151874521,0.40759598344532216,-0.37339130926531405,-0.83333333333329185,5184.8140326300163,1510.0378061937804,-2647.0244017016221,3.991712365992333
17,290,3,5185.6279431897228,1509.2921974491969,-2648.6867818541186,5187.8351991105428,1507.2701702172485,-2644.1740290088378,0.40759598344507009,-0.37339130926537495,0.83333333333338777,5186.7315711501324,1508.2811838332227,-2646.430405431478,5.4153034143366412
17,290,4,5187.8356067065261,1507.2697968259392,-2644.1748623421713,5190.0428626273469,1505.2477695939911,-2648.6876151874526,0.40759598344518794,-0.37339130926528713,-0.83333333333336934,5188.9392346669365,1506.2587832099653,-2646.431238764812,5.4153034143373064
17,291,0,5185.4052630194492,1512.070639150603,-2645.8605253378628,5185.5464670645015,1513.6795864140104,-2644.1740290088378,0.06046897194456971,0.68901274673287038,0.72222222222221355,5185.4758650419753,1512.8751127823066,-2645.0172771733505,2.3351487632653796
17,291,1,5185.5465275334736,1513.6802754267571,-2644.1747512310599,5185.9233256251855,1517.9736953375548,-2648.6751081310053,0.060468971944987904,0.68901274673281943,-0.72222222222222709,5185.7349265793291,1515.826985382156,-2646.4249296810326,6.2312633999244591
17,291,2,5185.9233860941576,1517.973006324808,-2648.6758303532274,5185.9243727943567,1517.961763384963,-2648.6876151874521,0.060468971971593781,-0.68901274674150115,-0.72222222221171661,5185.9238794442572,1517.9673848548855,-2648.6817227703395,0.016317462772936407
17,291,3,5185.9244332633289,1517.9610743722162,-2648.6868929652301,5186.3022785242101,1513.6557225088268,-2644.1740290088374,0.060468971944797958,-0.68901274673283142,0.72222222222223142,5186.113355893769,1515.8083984405216,-2646.4304609870337,6.2485808626975334
17,291,4,5186.3023389931823,1513.65503349608,-2644.1747512310594,5186.6801842540635,1509.3496816326899,-2648.6876151874521,0.060468971944793413,-0.68901274673288881,-0.72222222222217713,5186.4912616236234,1511.502357564385,-2646.4311832092558,6.2485808626980033
17,292,0,5185.4052630194492,1512.070639150603,-2645.8605253378628,5186.734363082629,1510.3370634763187,-2644.1740290088374,0.48160663169496981,-0.62817056774714408,0.61111111111127459,5186.0698130510391,1511.2038513134607,-2645.0172771733501,2.7597212656772396
17,292,1,5186.7348446892611,1510.3364353057509,-2644.1746401199484,5190.2914462330182,1505.6974783978535,-2648.6876151874521,0.4816066316952482,-0.6281705677470345,-0.61111111111116767,5188.5131454611401,1508.0169568518022,-2646.4311276537001,7.384868292278103
17,292,2,5190.2919278396503,1505.6968502272857,-2648.6870040763411,5191.1697889588504,1504.5518358496593,-2647.573085270722,0.48160663169497142,-0.62817056774703639,0.61111111111138383,5190.7308583992508,1505.1243430384725,-2648.1300446735313,1.8227762273758148
17,292,3,5191.1702705654825,1504.552464020227,-2647.5724741596109,5193.8485293834065,1508.0457783799297,-2644.1740290088378,0.48160663169520745,0.62817056774708147,0.61111111111115146,5192.509399974444,1506.2991212000784,-2645.8732515842244,5.561092064901092
17,292,4,5193.8490109900386,1508.0464065504975,-2644.1746401199489,5197.4056125337956,1512.6853634583949,-2648.6876151874521,0.48160663169526624,0.62817056774705804,-0.61111111111112904,5195.6273117619166,1510.3658850044462,-2646.4311276537005,7.384868292277825
17,293,0,5185.4052630194492,1512.070639150603,-2645.8605253378628,5184.0001220703089,1512.3191887995406,-2645.036673001794,-0.8527868937322729,0.15084599390929004,0.49999999999997941,5184.702692544879,1512.1949139750718,-2645.4485991698284,1.647704672137547
17,293,1,5184.0009748572029,1512.3193396455345,-2645.0361730017939,5185.4714250526076,1512.5794415805551,-2644.1740290088374,0.85278689373196126,0.15084599390929085,0.50000000000051081,5184.7361999549048,1512.4493906130447,-2644.6051010053156,1.7242879859114173
17,293,2,5185.4722778395017,1512.579592426549,-2644.1745290088375,5193.1696793263163,1513.9411543669717,-2648.6876151874521,0.8527868937322941,0.15084599390926071,-0.4999999999999522,5189.3209785829094,1513.2603733967603,-2646.4310720981448,9.0261723572302337
17,293,3,5193.1705321132104,1513.9413052129655,-2648.687115187452,5200.8679336000232,1515.302867153388,-2644.1740290088378,0.85278689373226391,0.15084599390926581,0.50000000000000222,5197.0192328566172,1514.6220861831766,-2646.4305720981447,9.02617235722842
17,293,4,5200.8687863869172,1515.3030179993818,-2644.1745290088379,5208.5661878737292,1516.6645799398043,-2648.6876151874521,0.85278689373223626,0.15084599390927875,-0.50000000000004519,5204.7174871303232,1515.983798969593,-2646.4310720981448,9.0261723572276455
17,294,0,5185.4052630194492,1512.070639150603,-2645.8605253378628,5188.7763520179878,1514.21505002961,-2644.1740290088378,0.77733881326907284,0.49447932361654096,0.38888888888879064,5187.0908075187181,1513.1428445901065,-2645.0172771733505,4.336704846065321
17,294,1,5188.7771293568012,1514.2155445089336,-2644.1744178977265,5194.6850740689079,1517.9736953375548,-2647.1300583668362,0.77733881326904886,0.49447932361655184,-0.38888888888882411,5191.7311017128541,1516.0946199232442,-2645.6522381322811,7.6002183491406665
17,294,2,5194.6858514077212,1517.9732008582312,-2647.1304472557249,5197.7984295931456,1515.9932333980191,-2648.6876151874521,0.77733881326899379,-0.49447932361660973,-0.38888888888886058,5196.2421405004334,1516.983217128125,-2647.9090312215885,4.0041461101560403
17,294,3,5197.7992069319589,1515.9927389186955,-2648.6872262985635,5206.8205071683014,1510.2541261505401,-2644.1740290088378,0.77733881326902199,-0.49447932361654362,0.3888888888888884,5202.3098570501297,1513.1234325346177,-2646.4306276537009,11.605364459294588
17,294,4,5206.8212845071148,1510.2536316712165,-2644.1744178977265,5209.9928972737716,1508.2361112427241,-2645.7611197885326,0.7773388132689999,-0.49447932361659769,-0.38888888888886375,5208.4070908904432,1509.2448714569703,-2644.9677688431293,4.080090576358872
17,295,0,5185.4052630194492,1512.070639150603,-2645.8605253378628,5184.0001220703089,1506.8435848584077,-2644.2954241876455,-0.24938767073466511,-0.92770970451879387,0.27777777777783169,5184.702692544879,1509.4571120045052,-2645.0779747627539,5.6343641407811429
17,295,1,5184.0003714579798,1506.8426571487032,-2644.2951464098678,5184.1091101294833,1506.4381547107444,-2644.1740290088378,0.24938767073753296,-0.92770970451828672,0.27777777777695062,5184.054740793732,1506.6404059297238,-2644.234587709353,0.43602264370931842
17,295,2,5184.1093595171542,1506.4372270010399,-2644.1743067866155,5184.6161918865646,1504.5518358496593,-2644.7388365761831,0.24938767073455079,-0.92770970451892421,-0.27777777777749924,5184.3627757018594,1505.4945314253496,-2644.4565716813995,2.0323072424453499
17,295,3,5184.6164412742355,1504.5527635593637,-2644.7391143539608,5188.1613880069663,1517.7397887088764,-2648.6876151874521,0.24938767073467941,0.92770970451882195,-0.27777777777772522,5186.3889146406009,1511.1462761341199,-2646.7133647707064,14.214603000571657
17,295,4,5188.1616373946372,1517.7407164185809,-2648.6873374096745,5188.2242669754751,1517.9736953375548,-2648.6175781239126,0.24938767073498519,0.9277097045188204,0.27777777777745544,5188.1929521850561,1517.8572058780678,-2648.6524577667933,0.25113342874294214
17,296,0,5185.4052630194492,1512.070639150603,-2645.8605253378628,5184.0001220703089,1514.7761525433702,-2645.3452106266595,-0.45446045513263994,0.87503595180019644,0.16666666666660732,5184.702692544879,1513.4233958469868,-2645.6028679822612,3.091888267220575
17,296,1,5184.0005765307642,1514.7770275793221,-2645.3450439599928,5185.6608044120594,1517.9736953375548,-2644.7361798800548,0.45446045513266076,0.8750359518001708,0.16666666666668489,5184.8306904714118,1516.3753614584384,-2645.0406119200238,3.6531844796277797
17,296,2,5185.6612588725147,1517.972820301603,-2644.7360132133881,5187.1936564567777,1515.0222820016518,-2644.1740290088378,0.45446045513257277,-0.87503595180020965,0.16666666666672045,5186.4274576646458,1516.4975511516272,-2644.4550211111127,3.3719052273007071
17,296,3,5187.194110917233,1515.0214069657,-2644.1741956755045,5192.6316087076375,1504.551835849659,-2646.1683177635741,0.4544604551325262,-0.87503595180024907,-0.16666666666664209,5189.9128598124353,1509.7866214076794,-2645.1712567195391,11.964732528419463
17,296,4,5192.6320631680928,1504.5527108856108,-2646.1684844302408,5199.5011350308587,1517.7786907646894,-2648.6876151874521,0.45446045513252642,0.87503595180025451,-0.16666666666661209,5196.0665990994758,1511.16570082515,-2647.4280498088465,15.114784543272838
17,298,0,5185.4052630194492,1512.070639150603,-2645.8605253378628,5184.0001220703089,1511.4906173931606,-2645.945108569008,-0.92291799458140533,-0.38096713181680186,-0.055555555555826822,5184.702692544879,1511.7806282718818,-2645.9028169534354,1.5224981606059611
17,299,0,5185.4052630194492,1512.070639150603,-2645.8605253378628,5188.1676479696425,1517.9736953375548,-2646.9621714173968,0.41791778707506866,0.8930660364544788,-0.16666666666662816,5186.7864554945463,1515.0221672440789,-2646.41134837763,6.6098764772056517
17,299,1,5188.1680658874293,1517.9728022715183,-2646.9623380840635,5192.4942098222664,1508.7280839644659,-2648.6876151874521,0.41791778707513921,-0.89306603645443583,-0.16666666666668264,5190.3311378548478,1513.3504431179922,-2647.8249766357576,10.351662620330815
17,299,2,5192.4946277400531,1508.7271908984294,-2648.6874485207854,5194.4485203650192,1504.5518358496593,-2647.9082312180076,0.41791778707533545,-0.89306603645434257,0.16666666666669114,5193.4715740525362,1506.6395133740443,-2648.2978398693967,4.6753038166664238
17,299,3,5194.448938282806,1504.5527289156958,-2647.9080645513409,5200.7293927603941,1517.9736953375545,-2645.4034034785082,0.4179177870750897,0.89306603645446125,0.16666666666666977,5197.5891655216001,1511.2632121266251,-2646.6557340149247,15.027966436996115
17,299,4,5200.7298106781809,1517.972802271518,-2645.4032368118415,5203.8120575075045,1511.3862198278707,-2644.1740290088378,0.41791778707529892,-0.89306603645438165,0.16666666666657198,5202.2709340928432,1514.6795110496944,-2644.7886329103394,7.3752468180260671
17,300,0,5185.4052630194492,1512.070639150603,-2645.8605253378628,5187.7636167449928,1504.5518358496595,-2648.1390831493059,0.28750565546568146,-0.91661333409900747,-0.27777777777775919,5186.584439882221,1508.3112375001313,-2646.9998042435845,8.2028081211956341
17,300,1,5187.763904250648,1504.5527524629936,-2648.1393609270835,5188.331358572409,1506.361886258903,-2648.6876151874521,0.287505655465781,0.91661333409896872,-0.27777777777778423,5188.0476314115285,1505.4573193609483,-2648.4134880572678,1.9737153373268934
17,300,2,5188.3316460780643,1506.3628028722371,-2648.6873374096745,5191.9735276922593,1517.9736953375545,-2645.1686804285355,0.28750565546556206,0.91661333409903833,0.27777777777778084,5190.1525868851622,1512.1682491048959,-2646.9280089191052,12.667165132100168
17,300,3,5191.9738151979145,1517.9727787242205,-2645.1684026507578,5193.0030121624277,1514.6915366228827,-2644.1740290088378,0.2875056554657654,-0.91661333409898038,0.27777777777776153,5192.4884136801711,1516.3321576735516,-2644.6712158297978,3.5797451109121812
17,300,4,5193.0032996680829,1514.6906200095486,-2644.1743067866155,5196.1834386395267,1504.5518358496593,-2647.2468443862031,0.28750565546560536,-0.91661333409902634,-0.27777777777777596,5194.5933691538048,1509.6212279296039,-2645.7105755864095,11.061135358515349
17,301,0,5185.4052630194492,1512.070639150603,-2645.8605253378628,5184.0001220703089,1512.8849470521386,-2646.5460600431106,-0.79710581865576646,0.46193911499661028,-0.38888888888893286,5184.702692544879,1512.4777931013709,-2646.2032926904867,1.7628035277799772
17,301,1,5184.0009191761274,1512.8854089912536,-2646.5464489319993,5188.3896690985221,1515.4287792786647,-2648.6876151874521,0.7971058186558837,0.46193911499647983,-0.38888888888884726,5186.1952941373247,1514.1570941349592,-2647.6170320597257,5.5058560854507608
17,301,2,5188.3904662043406,1515.4292412177797,-2648.6872262985635,5192.7810863495743,1517.973695337555,-2646.5451476060598,0.7971058186557729,0.4619391149966125,0.38888888888891709,5190.5857762769574,1516.7014682776673,-2647.6161869523116,5.5082023521519039
17,301,3,5192.7818834553927,1517.97323339844,-2646.5447587171711,5197.6411697424664,1515.1571776697906,-2644.1740290088378,0.79710581865586139,-0.46193911499653456,0.38888888888882794,5195.2115265989296,1516.5652055341152,-2645.3593938630047,6.096162107143801
17,301,4,5197.6419668482849,1515.1567157306756,-2644.1744178977265,5206.8926703864099,1509.7957439431364,-2648.6876151874521,0.79710581865580643,-0.46193911499657742,-0.38888888888888978,5202.267318617347,1512.476229836906,-2646.4310165425895,11.605364459294547
17,302,0,5185.4052630194492,1512.070639150603,-2645.8605253378628,5190.187715394226,1513.1220478893642,-2648.6876151874521,0.84582603122281252,0.18595248023580968,-0.50000000000001665,5187.7964892068376,1512.5963435199837,-2647.2740702626575,5.654179699178524
17,302,1,5190.1885612202568,1513.1222338418445,-2648.687115187452,5197.8231327623043,1514.8006729787069,-2644.1740290088378,0.84582603122281963,0.18595248023579589,0.50000000000000966,5194.0058469912801,1513.9614534102757,-2646.4305720981447,9.0261723572282868
17,302,2,5197.8239785883352,1514.8008589311871,-2644.1745290088379,5205.4585501303827,1516.4792980680493,-2648.6876151874521,0.84582603122282363,0.18595248023577157,-0.50000000000001199,5201.6412643593594,1515.6400784996181,-2646.4310720981448,9.0261723572282442
17,302,3,5205.4593959564136,1516.4794840205295,-2648.687115187452,5209.9928972737707,1517.4761615676798,-2646.0071897949906,0.84582603122278555,0.18595248023583461,0.50000000000005307,5207.7261466150921,1516.9778227941047,-2647.3471524912211,5.3598507849222869
17,302,4,5209.9920514477399,1517.4763475201601,-2646.0066897949905,5207.72980826609,1517.9736953375548,-2644.6693916402032,-0.84582603122275146,0.18595248023577646,0.50000000000013212,5208.8609298569154,1517.7250214288574,-2645.3380407175969,2.6745963095738472
17,303,0,5185.4052630194492,1512.070639150603,-2645.8605253378628,5184.0001220703089,1510.071970744129,-2647.7467740909819,-0.45524072330169291,-0.64753308311180691,-0.61111111111112115,5184.702692544879,1511.0713049473661,-2646.8036497144221,3.086588868740396
17,303,1,5184.0005773110324,1510.0713232110459,-2647.747385202093,5184.7009916396582,1509.0750559035394,-2648.6876151874517,0.45524072330157267,-0.64753308311211799,-0.61111111111088123,5184.3507844753458,1509.5731895572926,-2648.2175001947726,1.538558157860197
17,303,2,5184.7014468803818,1509.0744083704562,-2648.6870040763406,5187.8809897319343,1504.5518358496593,-2644.4188139400421,0.45524072330168197,-0.64753308311182389,0.61111111111111138,5186.291218306158,1506.8131221100577,-2646.5529090081914,6.9843111321247688
17,303,3,5187.8814449726578,1504.5524833827424,-2644.418202828931,5188.0633396632466,1504.8112098625356,-2644.1740290088378,0.45524072330244353,0.64753308311185753,0.61111111111050842,5187.9723923179517,1504.6818466226391,-2644.2961159188844,0.39955716015296489
17,303,4,5188.0637949039701,1504.8118573956187,-2644.1746401199489,5191.4256876868349,1509.5938039292923,-2648.6876151874521,0.45524072330172666,0.64753308311181001,-0.61111111111109295,5189.7447412954025,1507.2028306624557,-2646.4311276537005,7.384868292278262
17,304,0,5185.4052630194492,1512.070639150603,-2645.8605253378628,5185.0573254199753,1514.7556495919757,-2648.6876151874521,-0.088885843625801375,0.68592592058569302,-0.7222222222222181,5185.2312942197123,1513.4131443712895,-2647.2740702626575,3.9144320994314388
17,304,1,5185.0572365341313,1514.7563355178963,-2648.6868929652301,5184.6403143370899,1517.9736953375548,-2645.2992840574657,-0.088885843625847685,0.68592592058562996,0.72222222222227239,5184.8487754356102,1516.3650154277257,-2646.9930885113481,4.6905354107503658
17,304,2,5184.6402254512459,1517.9730094116342,-2645.2985618352436,5184.5018261526848,1516.9049915766141,-2644.1740290088374,-0.088885843626513694,-0.68592592058547608,0.72222222222233645,5184.5710258019653,1517.4390004941242,-2644.7362954220407,1.5570454519468917
17,304,3,5184.5017372668408,1516.9043056506935,-2644.1747512310594,5184.0001220703089,1513.0333757992598,-2648.2505143353042,-0.088885843625798669,-0.68592592058574997,-0.72222222222216459,5184.2509296685748,1514.9688407249766,-2646.212632783182,5.643364298185479
17,304,4,5184.0002109561528,1513.0326898733392,-2648.2512365575262,5184.0539172552217,1512.6182420700927,-2648.6876151874517,0.088885843624922911,-0.6859259205860645,-0.72222222222197341,5184.0270641056868,1512.8254659717159,-2648.469425872489,0.60421656451237948
17,305,0,5185.4052630194492,1512.070639150603,-2645.8605253378628,5186.8391934187039,1510.8621210920467,-2648.6876151874521,0.42267563570808414,-0.35623147325038829,-0.83333333333344162,5186.1222282190765,1511.4663801213248,-2647.2740702626575,3.3925078195067866
17,305,1,5186.8396160943394,1510.8617648605734,-2648.6867818541186,5189.1285329075481,1508.932663347186,-2644.1740290088383,0.42267563570840072,-0.35623147325044607,0.83333333333325621,5187.9840745009442,1509.8972141038798,-2646.4304054314784,5.4153034143369503
17,305,2,5189.1289555831836,1508.9323071157128,-2644.1748623421718,5191.4178723963923,1507.0032056023258,-2648.6876151874517,0.42267563570844296,-0.35623147325039767,-0.83333333333325554,5190.2734139897875,1507.9677563590194,-2646.4312387648115,5.4153034143364085
17,305,3,5191.4182950720278,1507.0028493708526,-2648.6867818541182,5193.7072118852357,1505.0737478574656,-2644.1740290088378,0.42267563570827543,-0.356231473250398,0.83333333333334025,5192.5627534786317,1506.038298614159,-2646.430405431478,5.4153034143364041
17,305,4,5193.7076345608712,1505.0733916259924,-2644.1748623421713,5194.3264707274448,1504.5518358496593,-2645.3949393040562,0.42267563570850425,-0.35623147325023596,-0.83333333333329362,5194.017052644158,1504.8126137378258,-2644.7849008231137,1.4640923542618809
17,306,0,5185.4052630194492,1512.070639150603,-2645.8605253378628,5184.4222626305927,1512.0299889983496,-2648.6876151874526,-0.32839043169317406,-0.013579975347134059,-0.94444444444442677,5184.913762825021,1512.0503140744763,-2647.2740702626579,2.9933892525069146
17,306,1,5184.4219342401611,1512.0299754183743,-2648.6866707430081,5184.0001220703089,1512.0125321608525,-2647.4735472108691,-0.32839043169299847,-0.01357997534712926,0.94444444444448794,5184.211028155235,1512.0212537896134,-2648.0801089769384,1.2844837399118014
17,306,2,5184.0004504607405,1512.0125185808772,-2647.4726027664246,5185.1473893480388,1511.965089057021,-2644.1740290088378,0.32839043169330401,-0.013579975347097576,0.94444444444438203,5184.5739199043892,1511.9888038189492,-2645.823315887631,3.4926075080333514
17,306,3,5185.1477177384704,1511.9650754770457,-2644.1749734532823,5186.7167971860517,1511.9001891156925,-2648.6876151874521,0.32839043169306242,-0.013579975347098802,-0.94444444444446607,5185.9322574622611,1511.9326322963691,-2646.4312943203672,4.7780912479444346
17,306,4,5186.7171255764833,1511.9001755357172,-2648.6866707430077,5188.2862050240656,1511.8352891743639,-2644.1740290088374,0.32839043169320276,-0.013579975347096731,0.94444444444441722,5187.5016653002749,1511.8677323550405,-2646.4303498759227,4.7780912479451629
18,307,0,5185.4052630194492,1512.070639150603,-2645.8605253378628,5186.0042200819526,1512.070639150603,-2644.1394075646303,0.3286710990611838,0,0.94444444444441178,5185.7047415507004,1512.070639150603,-2644.9999664512466,1.8223599951873481
18,307,1,5186.0045487530515,1512.070639150603,-2644.1403520090748,5187.5870176799936,1512.070639150603,-2648.6876151874517,0.32867109906094111,0,-0.94444444444449627,5186.795783216523,1512.070639150603,-2646.4139835982633,4.8147492476928733
18,307,2,5187.5873463510925,1512.070639150603,-2648.6866707430072,5189.1698152780355,1512.070639150603,-2644.1394075646303,0.32867109906110958,0,0.94444444444443754,5188.378580814564,1512.070639150603,-2646.4130391538188,4.8147492476931726
18,307,3,5189.1701439491344,1512.070639150603,-2644.1403520090748,5190.7526128760783,1512.070639150603,-2648.6876151874521,0.32867109906124875,0,-0.94444444444438913,5189.9613784126068,1512.070639150603,-2646.4139835982633,4.8147492476939009
18,307,4,5190.7529415471772,1512.070639150603,-2648.6866707430077,5192.3354104741202,1512.0706391506033,-2644.1394075646303,0.32867109906108027,4.7224406453181413E-14,0.94444444444444786,5191.5441760106487,1512.0706391506033,-2646.4130391538192,4.8147492476936016
18,308,0,5185.4052630194492,1512.070639150603,-2645.8605253378628,5184.5634381897626,1511.2994586481063,-2644.1394075646303,-0.40759598344511133,-0.37339130926542469,0.83333333333334547,5184.9843506046054,1511.6850488993546,-2644.9999664512466,2.065341327878893
18,308,1,5184.5630305937793,1511.2990852567971,-2644.1402408979638,5184.0001220703089,1510.7834149383634,-2645.2911119940441,-0.40759598344510017,-0.37339130926561265,-0.83333333333326653,5184.2815763320441,1511.0412500975804,-2644.7156764460042,1.3810453152963615
18,308,2,5184.0005296662921,1510.7830415470542,-2645.2919453273776,5185.661403341579,1509.2615452091907,-2648.6876151874521,0.40759598344521814,-0.37339130926537223,-0.83333333333331649,5184.830966503936,1510.0222933781224,-2646.9897802574151,4.0748038320895743
18,308,3,5185.6618109375622,1509.2611718178814,-2648.6867818541186,5187.8860007323037,1507.223631770275,-2644.1394075646303,0.40759598344528425,-0.3733913092654042,0.83333333333326975,5186.7739058349325,1508.2424017940782,-2646.4130947093745,5.4568491473863618
18,308,4,5187.886408328287,1507.2232583789657,-2644.1402408979638,5190.1105981230294,1505.1857183313598,-2648.6876151874526,0.40759598344540759,-0.37339130926528119,-0.83333333333326454,5188.9985032256582,1506.2044883551628,-2646.413928042708,5.4568491473869427
18,309,0,5185.4052630194492,1512.070639150603,-2645.8605253378628,5185.5493657888483,1513.7126158828294,-2644.1394075646303,0.060468971945077402,0.68901274673285928,0.72222222222218158,5185.4773144041483,1512.8916275167162,-2644.9999664512466,2.3830861475527376
18,309,1,5185.5494262578204,1513.7133048955761,-2644.1401297868524,5185.9300860775702,1518.0507272055754,-2648.6866099416793,0.060468971944924316,0.68901274673286983,-0.72222222222218435,5185.7397561676953,1515.8820160505757,-2646.4133698642659,6.2951263682221859
18,310,0,5185.4052630194492,1512.070639150603,-2645.8605253378628,5186.7616476742969,1510.3014755580691,-2644.1394075646303,0.48160663169563533,-0.6281705677468522,0.6111111111110501,5186.0834553468731,1511.1860573543361,-2644.9999664512466,2.8163745380169947
18,310,1,5186.762129280929,1510.3008473875013,-2644.1400186757414,5190.3460154163522,1505.6263025613534,-2648.6876151874521,0.48160663169527324,-0.62817056774707281,-0.6111111111111085,5188.5540723486411,1507.9635749744275,-2646.4138169315966,7.4415215646175534
18,310,2,5190.3464970229843,1505.6256743907857,-2648.6870040763411,5191.1697889588531,1504.5518358496595,-2647.6423281591374,0.48160663169525775,-0.6281705677470899,0.61111111111110317,5190.7581429909187,1505.0887551202227,-2648.1646661177392,1.7094696826969473
18,310,3,5191.1702705654852,1504.5524640202273,-2647.6417170480263,5193.9303831584084,1508.1525421346807,-2644.1394075646303,0.48160663169537082,0.62817056774698754,0.61111111111111949,5192.5503268619468,1506.352503077454,-2645.8905623063283,5.7310518819205631
18,310,4,5193.9308647650405,1508.1531703052485,-2644.1400186757414,5197.5147509004637,1512.8277151313957,-2648.6876151874521,0.48160663169530099,0.62817056774701741,-0.6111111111111438,5195.7228078327516,1510.4904427183221,-2646.4138169315966,7.4415215646171244
18,311,0,5185.4052630194492,1512.070639150603,-2645.8605253378628,5184.0001220703089,1512.3191887995406,-2645.036673001794,-0.8527868937322729,0.15084599390929004,0.49999999999997941,5184.702692544879,1512.1949139750718,-2645.4485991698284,1.647704672137547
18,311,1,5184.0009748572029,1512.3193396455345,-2645.0361730017939,5185.5304744803343,1512.5898865928796,-2644.1394075646303,0.85278689373240057,0.15084599390934053,0.49999999999974681,5184.7657246687686,1512.4546131192069,-2644.5877902832121,1.7935308743280971
18,311,2,5185.5313272672283,1512.5900374388734,-2644.1399075646304,5193.287778181767,1513.9620443916201,-2648.6876151874521,0.85278689373230265,0.15084599390926043,-0.49999999999993738,5189.4095527244972,1513.2760409152468,-2646.4137613760413,9.0954152456445172
18,311,3,5193.288630968661,1513.962195237614,-2648.687115187452,5201.0450818832005,1515.3342021903607,-2644.1394075646303,0.85278689373233008,0.15084599390924758,0.49999999999989481,5197.1668564259307,1514.6481987139873,-2646.4132613760412,9.0954152456452952
18,311,4,5201.0459346700945,1515.3343530363545,-2644.1399075646304,5208.8023855846322,1516.7063599891012,-2648.6876151874521,0.85278689373227545,0.15084599390927331,-0.49999999999998007,5204.9241601273634,1516.0203565127279,-2646.4137613760413,9.0954152456437427
18,312,0,5185.4052630194492,1512.070639150603,-2645.8605253378628,5188.8455558268961,1514.2590718281317,-2644.1394075646303,0.77733881326898813,0.494479323616549,0.38888888888894879,5187.1254094231726,1513.1648554893673,-2644.9999664512466,4.4257314168827246
18,312,1,5188.8463331657094,1514.2595663074553,-2644.139796453519,5194.806170863073,1518.0507272055754,-2647.1213980672846,0.77733881326904319,0.49447932361653579,-0.38888888888885598,5191.8262520143908,1516.1551467565155,-2645.6305972604018,7.6669755782551343
18,312,2,5194.8069482018864,1518.0502327262518,-2647.1217869561733,5197.9368372109629,1516.059253537017,-2648.6876151874521,0.77733881326900223,-0.49447932361656211,-0.38888888888890472,5196.3718927064247,1517.0547431316345,-2647.9047010718127,4.0264154518596813
18,312,3,5197.9376145497763,1516.0587590576934,-2648.6872262985635,5207.0281185950289,1510.2761244910155,-2644.1394075646303,0.77733881326902943,-0.49447932361653096,0.38888888888888928,5202.4828665724026,1513.1674417743543,-2646.4133169315969,11.694391030113744
18,312,4,5207.0288959338423,1510.2756300116919,-2644.139796453519,5210.4291369799885,1508.1126749862497,-2645.8408770374531,0.77733881326902199,-0.49447932361652225,-0.38888888888891521,5208.7290164569149,1509.1941524989707,-2644.9903367454863,4.3742072158301744
18,313,0,5185.4052630194492,1512.070639150603,-2645.8605253378628,5184.0001220703089,1506.8435848584074,-2644.2954241876459,-0.24938767073466134,-0.92770970451882018,0.27777777777774676,5184.702692544879,1509.4571120045052,-2645.0779747627544,5.6343641407812282
18,313,1,5184.0003714579798,1506.842657148703,-2644.2951464098683,5184.1401931102646,1506.3225275715502,-2644.1394075646308,0.24938767073497167,-0.9277097045190823,0.27777777777659318,5184.0702822841222,1506.5825923601265,-2644.2172769872495,0.560659842857266
18,313,2,5184.1404424979355,1506.3215998618457,-2644.1396853424085,5184.6161918865637,1504.5518358496593,-2644.6695936877686,0.24938767073468915,-0.92770970451882562,-0.2777777777777039,5184.3783171922496,1505.4367178557525,-2644.4046395150885,1.9076700432969647
18,313,3,5184.6164412742346,1504.5527635593637,-2644.6698714655463,5188.2235539685316,1517.9710429872612,-2648.6876151874521,0.24938767073481899,0.92770970451879364,-0.27777777777769447,5186.4199976213831,1511.2619032733123,-2646.678743326499,14.46387739886538
18,313,4,5188.2238033562026,1517.9719706969656,-2648.6873374096745,5188.2449747443443,1518.0507272055754,-2648.6637558864454,0.24938767073292714,0.92770970452009704,0.27777777777504004,5188.2343890502734,1518.0113489512705,-2648.6755466480599,0.084893483625382904
18,314,0,5185.4052630194492,1512.070639150603,-2645.8605253378628,5184.0001220703089,1514.7761525433712,-2645.3452106266591,-0.45446045513251188,0.87503595180024396,0.16666666666670743,5184.702692544879,1513.4233958469872,-2645.6028679822612,3.0918882672214463
18,314,1,5184.0005765307642,1514.777027579323,-2645.3450439599924,5185.7008118400145,1518.0507272055754,-2644.7215077461342,0.45446045513260896,0.87503595180020766,0.16666666666663335,5184.8506941853893,1516.4138773924492,-2645.0332758530631,3.741217283149874
18,314,2,5185.7012663004698,1518.0498521696236,-2644.7213410794675,5187.2880609205276,1514.9945756873856,-2644.1394075646299,0.45446045513256861,-0.87503595180018012,0.16666666666688781,5186.4946636104987,1516.5222139285047,-2644.4303743220489,3.4916010890209748
18,314,3,5187.288515380983,1514.9937006514338,-2644.1395742312966,5192.7116235635485,1504.5518358496593,-2646.1284191429995,0.45446045513254646,-0.87503595180024651,-0.16666666666659941,5190.0000694722657,1509.7727682505465,-2645.1339966871483,11.933069470222376
18,314,4,5192.7120780240039,1504.5527108856111,-2646.1285858096662,5199.6899439583603,1517.9881671292635,-2648.6876151874521,0.45446045513256639,0.87503595180022031,-0.16666666666668326,5196.2010109911826,1511.2704390074373,-2647.4081004985592,15.354176266713985
18,316,0,5185.4052630194492,1512.070639150603,-2645.8605253378628,5184.0001220703089,1511.4906173931604,-2645.9451085690075,-0.92291799458136803,-0.38096713181693581,-0.055555555555525896,5184.702692544879,1511.7806282718816,-2645.9028169534349,1.5224981606060226
18,317,0,5185.4052630194492,1512.070639150603,-2645.8605253378628,5188.2036956822449,1518.0507272055754,-2646.9765473360253,0.41791778707501209,0.89306603645450899,-0.1666666666666079,5186.804479350847,1515.0606831780892,-2646.4185363369443,6.6961319889775002
18,317,1,5188.2041136000316,1518.0498341395389,-2646.976714002692,5192.4942098222655,1508.8821477005081,-2648.6876151874521,0.41791778707513666,-0.89306603645443083,-0.1666666666667157,5190.3491617111486,1513.4659909200236,-2647.8321645950718,10.265407108557774
18,317,2,5192.4946277400522,1508.8812546344716,-2648.6874485207854,5194.520615790223,1504.5518358496593,-2647.8794793807497,0.41791778707508659,-0.89306603645444094,0.16666666666678737,5193.5076217651376,1506.7165452420654,-2648.2834639507673,4.8478148402110852
18,317,3,5194.5210337080098,1504.5527289156958,-2647.879312714083,5200.8375358982021,1518.0507272055754,-2645.3602757226213,0.41791778707515614,0.8930660364544285,0.16666666666667918,5197.6792848031055,1511.3017280606355,-2646.6197942183521,15.114221948769002
18,317,4,5200.8379538159888,1518.0498341395389,-2645.3601090559546,5203.89887101159,1511.5088318842327,-2644.1394075646303,0.41791778707510241,-0.89306603645445759,0.16666666666665747,5202.368412413789,1514.7793330118857,-2644.7497583102922,7.3242089479458121
18,318,0,5185.4052630194492,1512.070639150603,-2645.8605253378628,5187.7636167449928,1504.551835849659,-2648.1390831493059,0.28750565546566681,-0.91661333409901624,-0.27777777777774504,5186.584439882221,1508.311237500131,-2646.9998042435845,8.2028081211960515
18,318,1,5187.763904250648,1504.5527524629931,-2648.1393609270835,5188.331358572409,1506.3618862589026,-2648.6876151874521,0.287505655465781,0.91661333409896872,-0.27777777777778423,5188.0476314115285,1505.4573193609478,-2648.4134880572678,1.9737153373268934
18,318,2,5188.3316460780643,1506.3628028722367,-2648.6873374096745,5191.9976895682466,1518.0507272055754,-2645.1453360800288,0.28750565546553541,0.91661333409904389,0.27777777777778984,5190.1646678231555,1512.206765038906,-2646.9163367448518,12.751204786723966
18,318,3,5191.9979770739019,1518.0498105922413,-2645.1450583022511,5193.0388460620634,1514.731356240261,-2644.1394075646303,0.28750565546566714,-0.91661333409904278,0.277777777777658,5192.5184115679822,1516.390583416251,-2644.6422329334409,3.6203426554361768
18,318,4,5193.0391335677186,1514.7304396269269,-2644.139685342408,5196.2317623915005,1504.5518358496593,-2647.2242901948002,0.28750565546555135,-0.91661333409905899,-0.27777777777772372,5194.63544797961,1509.6411377382931,-2645.6819877686039,11.104577468614094
18,319,0,5185.4052630194492,1512.070639150603,-2645.8605253378628,5184.0001220703089,1512.8849470521386,-2646.5460600431106,-0.79710581865576646,0.46193911499661028,-0.38888888888893286,5184.702692544879,1512.4777931013709,-2646.2032926904867,1.7628035277799772
18,319,1,5184.0009191761274,1512.8854089912536,-2646.5464489319993,5188.3896690985212,1515.4287792786647,-2648.6876151874521,0.79710581865582364,0.46193911499654072,-0.3888888888888985,5186.1952941373238,1514.1570941349592,-2647.6170320597257,5.505856085450036
18,319,2,5188.3904662043396,1515.4292412177797,-2648.6872262985635,5192.9140098198495,1518.0507272055754,-2646.4802974199838,0.79710581865588692,0.46193911499653184,0.38888888888877954,5190.652238012095,1516.7399842116774,-2647.5837618592736,5.6749599734921867
18,319,3,5192.914806925668,1518.0502652664604,-2646.4799085310951,5197.712133340081,1515.2701165504959,-2644.1394075646303,0.79710581865577901,-0.46193911499659385,0.38888888888892675,5195.3134701328745,1516.6601909084782,-2645.3096580478627,6.0184310566231538
18,319,4,5197.7129304458995,1515.2696546113809,-2644.139796453519,5207.0345975816399,1509.8675579685062,-2648.6876151874521,0.79710581865581842,-0.46193911499656948,-0.38888888888887463,5202.3737640137697,1512.5686062899435,-2646.4137058204856,11.694391030114184
18,320,0,5185.4052630194492,1512.070639150603,-2645.8605253378628,5190.187715394226,1513.1220478893642,-2648.6876151874521,0.84582603122281252,0.18595248023580968,-0.50000000000001665,5187.7964892068376,1512.5963435199837,-2647.2740702626575,5.654179699178524
18,320,1,5190.1885612202568,1513.1222338418445,-2648.687115187452,5197.8817001998041,1514.8135488655466,-2644.1394075646303,0.84582603122285593,0.18595248023580679,0.49999999999994416,5194.03513071003,1513.9678913536954,-2646.4132613760412,9.0954152456443964
18,320,2,5197.8825460258349,1514.8137348180269,-2644.1399075646304,5205.5756850053822,1516.5050498417293,-2648.6876151874521,0.84582603122285216,0.18595248023583097,-0.49999999999994188,5201.729115515609,1515.6593923298781,-2646.4137613760413,9.0954152456444373
18,320,3,5205.576530831413,1516.5052357942095,-2648.687115187452,5210.4291369799885,1517.5720676433436,-2645.8185547687331,0.84582603122279965,0.18595248023582248,0.50000000000003364,5208.0028339057008,1517.0386517187767,-2647.2528349780923,5.7371208374375557
18,320,4,5210.4282911539576,1517.5722535958239,-2645.818054768733,5208.2518994550264,1518.0507272055754,-2644.5315066970302,-0.84582603122278632,0.18595248023584893,0.50000000000004641,5209.340095304492,1517.8114904006998,-2645.1747807328816,2.5730961434053254
18,321,0,5185.4052630194492,1512.070639150603,-2645.8605253378628,5184.0001220703089,1510.0719707441281,-2647.7467740909819,-0.45524072330160614,-0.6475330831119781,-0.61111111111100469,5184.702692544879,1511.0713049473657,-2646.8036497144221,3.0865888687409844
18,321,1,5184.0005773110324,1510.071323211045,-2647.747385202093,5184.7009916396573,1509.0750559035387,-2648.6876151874521,0.45524072330106546,-0.64753308311208946,-0.61111111111128935,5184.3507844753449,1509.5731895572917,-2648.2175001947726,1.5385581578599135
18,321,2,5184.7014468803809,1509.0744083704556,-2648.6870040763411,5187.8809897319315,1504.5518358496593,-2644.4188139400435,0.45524072330154058,-0.6475330831118955,0.61111111111114091,5186.2912183061562,1506.8131221100575,-2646.5529090081923,6.9843111321229427
18,321,3,5187.8814449726551,1504.5524833827424,-2644.4182028289324,5188.0891305399209,1504.847894730643,-2644.1394075646303,0.45524072330060988,0.64753308311207003,0.61111111111164929,5187.985287756288,1504.7001890566926,-2644.2788051967814,0.45621043249388105
18,321,4,5188.0895857806445,1504.8485422637261,-2644.1400186757414,5191.4772694401854,1509.6671736655069,-2648.6876151874521,0.45524072330158277,0.64753308311191415,-0.61111111111108962,5189.7834276104149,1507.2578579646165,-2646.4138169315966,7.4415215646177835
18,322,0,5185.4052630194492,1512.070639150603,-2645.8605253378628,5185.0573254199744,1514.7556495919757,-2648.6876151874521,-0.088885843626031899,0.68592592058567892,-0.72222222222220323,5185.2312942197113,1513.4131443712895,-2647.2740702626575,3.9144320994315192
18,322,1,5185.0572365341304,1514.7563355178963,-2648.6868929652301,5184.6303321475116,1518.0507272055754,-2645.2181759884543,-0.088885843625924096,0.68592592058565971,0.72222222222223464,5184.843784340821,1516.403531361736,-2646.9525344768422,4.8028388909202491
18,322,2,5184.6302432616676,1518.0500412796548,-2645.2174537662322,5184.4975651978411,1517.0261738182071,-2644.1394075646308,-0.088885843625736496,-0.68592592058590585,0.72222222222202415,5184.5639042297544,1517.5381075489308,-2644.6784306654317,1.4926793560639
18,322,3,5184.4974763119972,1517.0254878922865,-2644.1401297868529,5184.0001220703089,1513.1874395353025,-2648.1812714468888,-0.08888584362582734,-0.68592592058569113,-0.72222222222221688,5184.248799191153,1515.1064637137945,-2646.1607006168706,5.5954269138959294
18,322,4,5184.0002109561528,1513.1867536093819,-2648.1819936691109,5184.0624391649098,1512.7065428172393,-2648.6876151874521,0.088885843626317323,-0.68592592058576185,-0.72222222222208921,5184.0313250605313,1512.9466482133107,-2648.4348044282815,0.70009133308806348
18,323,0,5185.4052630194492,1512.070639150603,-2645.8605253378628,5186.8391934187048,1510.8621210920467,-2648.6876151874521,0.4226756357083043,-0.35623147325034782,-0.83333333333334703,5186.1222282190774,1511.4663801213248,-2647.2740702626575,3.3925078195071716
18,323,1,5186.8396160943403,1510.8617648605734,-2648.6867818541186,5189.1460932766768,1508.9178634494947,-2644.1394075646299,0.42267563570838834,-0.35623147325039112,0.83333333333328596,5187.9928546855081,1509.8898141550339,-2646.4130947093745,5.4568491473868024
18,323,2,5189.1465159523123,1508.9175072180215,-2644.1402408979634,5191.4529931346478,1506.9736058069427,-2648.6876151874521,0.42267563570825145,-0.35623147325041621,-0.83333333333334469,5190.29975454348,1507.9455565124822,-2646.413928042708,5.4568491473864178
18,323,3,5191.4534158102833,1506.9732495754695,-2648.6867818541186,5193.7598929926189,1505.029348164391,-2644.1394075646303,0.42267563570828709,-0.35623147325040455,0.83333333333333171,5192.6066544014511,1506.0012988699302,-2646.4130947093745,5.4568491473859577
18,323,4,5193.7603156682544,1505.0289919329177,-2644.1402408979638,5194.3264707274448,1504.5518358496593,-2645.2564535272245,0.42267563570850258,-0.3562314732502419,-0.83333333333329185,5194.0433931978496,1504.7904138912886,-2644.6983472125939,1.33945515511284
18,324,0,5185.4052630194492,1512.070639150603,-2645.8605253378628,5184.4222626305937,1512.0299889983496,-2648.6876151874521,-0.32839043169295012,-0.013579975347137362,-0.9444444444445047,5184.913762825021,1512.0503140744763,-2647.2740702626575,2.9933892525061863
18,324,1,5184.421934240162,1512.0299754183743,-2648.6866707430077,5184.000122070308,1512.0125321608525,-2647.4735472108659,-0.3283904316936031,-0.013579975347095702,0.94444444444427833,5184.211028155235,1512.0212537896134,-2648.0801089769366,1.2844837399149756
18,324,2,5184.0004504607396,1512.0125185808772,-2647.4726027664215,5185.1594274843983,1511.964591242288,-2644.1394075646303,0.32839043169302123,-0.013579975347172559,0.9444444444444795,5184.5799389725689,1511.9885549115825,-2645.8060051655257,3.5292655077786952
18,324,3,5185.1597558748299,1511.9645776623126,-2644.1403520090748,5186.7408734587743,1511.8991934862265,-2648.6876151874521,0.32839043169315768,-0.01357997534709553,-0.94444444444443287,5185.9503146668021,1511.9318855742695,-2646.4139835982633,4.814749247693678
18,324,4,5186.7412018492059,1511.8991799062512,-2648.6866707430077,5188.3223194331513,1511.8337957301649,-2644.1394075646303,0.3283904316933261,-0.013579975347141908,0.94444444444437403,5187.5317606411791,1511.866487818208,-2646.4130391538192,4.8147492476939782
19,325,0,5185.4052630194492,1512.070639150603,-2645.8605253378628,5186.0138768939232,1512.070639150603,-2644.1116584791671,0.3286710990609768,0,0.94444444444448383,5185.7095699566862,1512.070639150603,-2644.9860919085149,1.8517413797953612
19,325,1,5186.0142055650222,1512.070639150603,-2644.1126029236116,5187.6063313039358,1512.0706391506033,-2648.6876151874521,0.32867109906100173,4.6937973539990788E-14,-0.94444444444447506,5186.8102684344794,1512.0706391506033,-2646.4001090555321,4.8441306323016153
19,325,2,5187.6066599750347,1512.0706391506033,-2648.6866707430077,5189.1987857139502,1512.0706391506035,-2644.1116584791666,0.32867109906130754,4.6937973539980829E-14,0.94444444444436859,5188.402722844492,1512.0706391506033,-2646.3991646110871,4.844130632302643
19,325,3,5189.1991143850491,1512.0706391506035,-2644.1126029236111,5190.7912401239628,1512.0706391506037,-2648.6876151874521,0.32867109906097264,4.6937973539986629E-14,-0.94444444444448528,5189.9951772545064,1512.0706391506037,-2646.4001090555316,4.8441306323020443
19,325,4,5190.7915687950617,1512.0706391506037,-2648.6866707430077,5192.3836945339763,1512.0706391506039,-2644.1116584791666,0.32867109906114006,4.6937973539983732E-14,0.94444444444442699,5191.587631664519,1512.0706391506037,-2646.3991646110871,4.8441306323023436
19,326,0,5185.4052630194492,1512.070639150603,-2645.8605253378628,5184.5498656908267,1511.2870251272839,-2644.1116584791662,-0.40759598344535336,-0.37339130926522579,0.83333333333331627,5184.9775643551384,1511.6788321389436,-2644.9860919085145,2.0986402304359646
19,326,1,5184.5494580948434,1511.2866517359746,-2644.1124918124997,5184.0001220703089,1510.783414938365,-2645.2356138231144,-0.40759598344524661,-0.37339130926522585,-0.83333333333336845,5184.2747900825761,1511.0350333371698,-2644.674052817807,1.3477464127375585
19,326,2,5184.0005296662921,1510.7830415470557,-2645.2364471564479,5185.6885483394499,1509.2366781675457,-2648.6876151874521,0.40759598344510822,-0.37339130926543307,-0.83333333333334303,5184.844539002871,1510.0098598573009,-2646.96203117195,4.1414016372050781
19,326,3,5185.6889559354331,1509.2363047762365,-2648.6867818541186,5187.9267182291096,1507.1863312078081,-2644.1116584791666,0.40759598344527836,-0.37339130926530806,0.83333333333331594,5186.8078370822714,1508.2113179920223,-2646.3992201666424,5.4901480499425146
19,326,4,5187.9271258250928,1507.1859578164988,-2644.1124918125001,5190.1648881187693,1505.1359842480701,-2648.6876151874521,0.40759598344527204,-0.37339130926534364,-0.83333333333330295,5189.0460069719311,1506.1609710322846,-2646.4000534999759,5.4901480499425999
19,327,0,5185.4052630194492,1512.070639150603,-2645.8605253378628,5185.5516891162379,1513.7390890001136,-2644.1116584791666,0.060468971945011205,0.68901274673271118,0.72222222222232835,5185.4784760678431,1512.9048640753583,-2644.9860919085149,2.4215079581943089
19,327,1,5185.55174958521,1513.7397780128604,-2644.1123807013887,5185.9348168978277,1518.1046324623535,-2648.6876151874526,0.06046897194496062,0.68901274673280877,-0.72222222222223942,5185.7432832415188,1515.9222052376069,-2646.3999979444206,6.3349400576267749
19,327,2,5185.9348773667998,1518.1053214751003,-2648.6868929652305,5185.9567718023682,1518.354797275734,-2648.4253927709615,0.060468971943544024,0.68901274673262181,0.72222222222253663,5185.9458245845835,1518.2300593754171,-2648.5561428680958,0.36207719206467659
19,327,3,5185.9568322713403,1518.3541082629872,-2648.4246705487394,5186.3179446794165,1514.2394186268737,-2644.1116584791666,0.06046897194485306,-0.68901274673289248,0.7222222222221687,5186.1373884753784,1516.2967634449305,-2646.2681645139528,5.971862865562751
19,327,4,5186.3180051483887,1514.2387296141269,-2644.1123807013887,5186.7010724610063,1509.8738751646342,-2648.6876151874521,0.060468971944966754,-0.68901274673280699,-0.72222222222224097,5186.5095388046975,1512.0563023893806,-2646.3999979444206,6.3349400576261328
19,328,0,5185.4052630194492,1512.070639150603,-2645.8605253378628,5186.783516272887,1510.2729518437172,-2644.1116584791666,0.48160663169558293,-0.62817056774698254,0.61111111111095728,5186.0943896461686,1511.17179549716,-2644.9860919085149,2.8617821324125972
19,328,1,5186.7839978795191,1510.2723236731495,-2644.1122695902777,5190.3897526135324,1505.5692551326508,-2648.6876151874521,0.48160663169530132,-0.6281705677470294,-0.61111111111113103,5188.5868752465258,1507.9207894029,-2646.3999423888649,7.4869291590124414
19,328,2,5190.3902342201645,1505.568626962083,-2648.6870040763411,5191.1697889588531,1504.5518358496593,-2647.6978263300653,0.48160663169524953,-0.62817056774726032,0.61111111111093441,5190.7800115895088,1505.060231405871,-2648.1924152032034,1.6186544939063225
19,328,3,5191.1702705654852,1504.552464020227,-2647.6972152189542,5193.9959889541788,1508.2381132777357,-2644.1116584791666,0.48160663169530088,0.62817056774709834,0.61111111111106042,5192.5831297598324,1506.3952886489815,-2645.9044368490604,5.8672746651073613
19,328,4,5193.9964705608108,1508.2387414483035,-2644.1122695902777,5197.6022252948251,1512.9418099888035,-2648.6876151874521,0.48160663169533946,0.62817056774710289,-0.61111111111102523,5195.7993479278175,1510.5902757185536,-2646.3999423888649,7.4869291590137372
19,329,0,5185.4052630194492,1512.070639150603,-2645.8605253378628,5184.000122070308,1512.3191887995406,-2645.0366730017936,-0.85278689373230598,0.15084599390919823,0.49999999999995109,5184.702692544879,1512.1949139750718,-2645.4485991698284,1.6477046721385498
19,329,1,5184.000974857202,1512.3193396455345,-2645.0361730017935,5185.577802593124,1512.5982582696324,-2644.1116584791666,0.85278689373220817,0.15084599390908129,0.50000000000015288,5184.789388725163,1512.4587989575834,-2644.5739157404801,1.8490290452531355
19,329,2,5185.5786553800181,1512.5984091156263,-2644.1121584791667,5193.38243440735,1513.9787877451265,-2648.6876151874521,0.8527868937323152,0.15084599390923931,-0.49999999999992295,5189.4805448936841,1513.2885984303764,-2646.3998868333092,9.1509134165722124
19,329,3,5193.3832871942441,1513.9789385911204,-2648.687115187452,5201.1870662215742,1515.3593172206206,-2644.1116584791666,0.85278689373226091,0.15084599390926487,0.50000000000000766,5197.2851767079092,1514.6691279058705,-2646.3993868333091,9.1509134165706616
19,329,4,5201.1879190084683,1515.3594680666145,-2644.1121584791667,5208.9916980358003,1516.7398466961149,-2648.6876151874521,0.85278689373231187,0.15084599390926356,-0.49999999999992101,5205.0898085221343,1516.0496573813648,-2646.3998868333092,9.1509134165722479
19,330,0,5185.4052630194492,1512.070639150603,-2645.8605253378628,5188.9010226756027,1514.2943552970178,-2644.1116584791666,0.77733881326895427,0.49447932361662034,0.38888888888892592,5187.1531428475264,1513.1824972238105,-2644.9860919085149,4.4970862080753768
19,330,1,5188.901800014416,1514.2948497763414,-2644.1120473680553,5195.2841796618195,1518.354797275734,-2647.3050392619089,0.77733881326900589,0.49447932361658198,-0.38888888888887141,5192.0929898381182,1516.3248235260376,-2645.7085433149823,8.210550584195234
19,330,2,5195.2849570006329,1518.3543027964104,-2647.3054281507975,5198.0477709083752,1516.5968267395624,-2648.6876151874521,0.77733881326898646,-0.49447932361655078,-0.38888888888895029,5196.666363954504,1517.4755647679863,-2647.9965216691248,3.5541952371113026
19,330,3,5198.0485482471886,1516.5963322602388,-2648.6872262985635,5207.1945191411469,1510.7784142246744,-2644.1116584791666,0.77733881326897081,-0.49447932361661723,0.38888888888889683,5202.6215336941677,1513.6873732424565,-2646.3994423888653,11.765745821305915
19,330,4,5207.1952964799602,1510.7779197453508,-2644.1120473680553,5210.536224930981,1508.6526945378705,-2645.7834549074664,0.77733881326900778,-0.49447932361657282,-0.38888888888887929,5208.8657607054702,1509.7153071416105,-2644.9477511377609,4.2979051013429874
19,331,0,5185.4052630194492,1512.070639150603,-2645.8605253378628,5184.0001220703089,1506.8435848584079,-2644.2954241876459,-0.24938767073468002,-0.92770970451880896,0.27777777777776758,5184.702692544879,1509.4571120045055,-2645.0779747627544,5.6343641407808063
19,331,1,5184.0003714579798,1506.8426571487034,-2644.2951464098683,5184.1651061175035,1506.229852426397,-2644.1116584791671,0.24938767073395535,-0.92770970451919232,0.27777777777713858,5184.0827387877416,1506.5362547875502,-2644.2034024445175,0.6605565505257539
19,331,2,5184.1653555051744,1506.2289247166925,-2644.1119362569448,5184.6161918865637,1504.551835849659,-2644.6140955168412,0.2493876707349576,-0.92770970451882395,-0.27777777777746876,5184.390773695869,1505.3903802831758,-2644.3630158868928,1.8077733356291095
19,331,3,5184.6164412742346,1504.5527635593635,-2644.6143732946189,5188.2733799830066,1518.1563932775634,-2648.6876151874517,0.24938767073463244,0.92770970451881307,-0.27777777777779672,5186.4449106286211,1511.3545784184635,-2646.6509942410353,14.663670814197122
19,331,4,5188.2736293706776,1518.1573209872679,-2648.687337409674,5188.3267151057589,1518.354797275734,-2648.628208433975,0.24938767073749935,0.92770970451772217,0.2777777777788657,5188.3001722382178,1518.2560591315009,-2648.6577729218243,0.21286431251545154
19,332,0,5185.4052630194492,1512.070639150603,-2645.8605253378628,5184.0001220703089,1514.7761525433709,-2645.3452106266595,-0.45446045513255223,0.87503595180024818,0.16666666666657515,5184.702692544879,1513.423395846987,-2645.6028679822612,3.0918882672211718
19,332,1,5184.0005765307642,1514.7770275793227,-2645.3450439599928,5185.8587342913061,1518.354797275734,-2644.6635920171607,0.45446045513259825,0.87503595180018812,0.16666666666676483,5184.9296554110351,1516.5659124275285,-2645.004317988577,4.0887116569905197
19,332,2,5185.8591887517614,1518.3539222397822,-2644.663425350494,5187.3637260925834,1515.457027143241,-2644.1116584791662,0.45446045513249428,-0.87503595180021954,0.16666666666688382,5186.611457422172,1516.9054746915117,-2644.3875419148299,3.3106012279624859
19,332,3,5187.3641805530388,1515.4561521072892,-2644.1118251458329,5193.0274684661326,1504.5518358496595,-2646.18875243002,0.4544604551326345,-0.87503595180018479,-0.16666666666668403,5190.1958245095857,1510.0039939784742,-2645.1502887879265,12.461563705121604
19,332,4,5193.027922926588,1504.5527108856113,-2646.1889190966867,5199.841274302471,1517.6714043578631,-2648.6876151874521,0.45446045513262273,0.87503595180018912,-0.16666666666669311,5196.434598614529,1511.1120576217372,-2647.4382671420694,14.992176544590061
19,334,0,5185.4052630194492,1512.070639150603,-2645.8605253378628,5184.0001220703089,1511.4906173931604,-2645.9451085690075,-0.92291799458136803,-0.38096713181693581,-0.055555555555525896,5184.702692544879,1511.7806282718816,-2645.9028169534349,1.5224981606060226
19,335,0,5185.4052630194492,1512.070639150603,-2645.8605253378628,5188.3459878371932,1518.354797275734,-2647.0332938060042,0.41791778707525368,0.89306603645438842,-0.16666666666664876,5186.8756254283217,1515.2127182131685,-2646.4469095719332,7.0366108088490655
19,335,1,5188.34640575498,1518.3539042096975,-2647.0334604726709,5192.4942098222682,1509.4902878408218,-2648.6876151874521,0.41791778707506827,-0.89306603645448057,-0.16666666666662014,5190.4203077886241,1513.9220960252596,-2647.8605378300617,9.9249282886903956
19,335,2,5192.494627740055,1509.4893947747853,-2648.6874485207854,5194.805200100117,1504.5518358496595,-2647.7659864407947,0.41791778707515753,-0.89306603645445071,0.16666666666655602,5193.649913920086,1507.0206153122224,-2648.2267174807903,5.5287724799482341
19,335,3,5194.8056180179037,1504.552728915696,-2647.765819774128,5201.2644123630416,1518.354797275734,-2645.1900363126897,0.41791778707513294,0.89306603645446003,0.16666666666656763,5198.0350151904731,1511.453763095715,-2646.4779280434086,15.454700768638848
19,335,4,5201.2648302808284,1518.3539042096975,-2645.189869646023,5203.9684520299443,1512.5764215702225,-2644.1116584791666,0.41791778707521771,-0.89306603645441884,0.16666666666657512,5202.6166411553859,1515.4651628899601,-2644.650764062595,6.4692670011417315
19,336,0,5185.4052630194492,1512.070639150603,-2645.8605253378628,5187.7636167449919,1504.5518358496593,-2648.1390831493054,0.28750565546557688,-0.91661333409905532,-0.27777777777770979,5186.584439882221,1508.311237500131,-2646.9998042435841,8.2028081211954547
19,336,1,5187.7639042506471,1504.5527524629933,-2648.1393609270831,5188.331358572409,1506.3618862589053,-2648.6876151874526,0.2875056554658329,0.91661333409893231,-0.27777777777785001,5188.0476314115276,1505.4573193609494,-2648.4134880572678,1.9737153373297003
19,336,2,5188.3316460780643,1506.3628028722394,-2648.6873374096749,5192.0930644243344,1518.354797275734,-2645.0531882732785,0.28750565546556078,0.91661333409905765,0.27777777777771828,5190.2123552511994,1512.3588000739867,-2646.8702628414767,13.082936891030005
19,336,3,5192.0933519299897,1518.3538806623999,-2645.0529104955008,5193.0675669304819,1515.2479297262892,-2644.1116584791666,0.28750565546559026,-0.91661333409904555,0.27777777777772766,5192.5804594302354,1516.8009051943445,-2644.5822844873337,3.3885072588035401
19,336,4,5193.0678544361372,1515.2470131129551,-2644.1119362569443,5196.422512103677,1504.5518358496593,-2647.3530876373757,0.28750565546560142,-0.9166133340990501,-0.27777777777770191,5194.7451832699071,1509.8994244813071,-2645.7325119471598,11.668144969556037
19,337,0,5185.4052630194492,1512.070639150603,-2645.8605253378628,5184.0001220703089,1512.8849470521386,-2646.5460600431111,-0.79710581865568653,0.46193911499656393,-0.3888888888891518,5184.702692544879,1512.4777931013709,-2646.2032926904867,1.7628035277801541
19,337,1,5184.0009191761274,1512.8854089912536,-2646.5464489319997,5188.3896690985193,1515.4287792786643,-2648.6876151874526,0.7971058186557336,0.4619391149965974,-0.38888888888901574,5186.1952941373238,1514.1570941349589,-2647.6170320597262,5.505856085448376
19,337,2,5188.3904662043378,1515.4292412177792,-2648.6872262985639,5193.4387023915178,1518.354797275734,-2646.2243124473121,0.7971058186558353,0.46193911499656132,0.38888888888884982,5190.9145842979278,1516.8920192467567,-2647.455769372938,6.3332070460768719
19,337,3,5193.4394994973363,1518.354335336619,-2646.2239235584234,5197.7690106593282,1515.8452951217187,-2644.1116584791666,0.79710581865579477,-0.461939114996606,0.38888888888887968,5195.6042550783322,1517.0998152291688,-2645.167791018795,5.4315387752317932
19,337,4,5197.7698077651467,1515.8448331826037,-2644.1120473680553,5207.1483522201352,1510.409774970635,-2648.6876151874521,0.79710581865581609,-0.46193911499656237,-0.3888888888888879,5202.4590799926409,1513.1273040766193,-2646.3998312777539,11.765745821306185
19,338,0,5185.4052630194492,1512.070639150603,-2645.8605253378628,5190.187715394226,1513.1220478893642,-2648.6876151874521,0.84582603122281252,0.18595248023580968,-0.50000000000001665,5187.7964892068376,1512.5963435199837,-2647.2740702626575,5.654179699178524
19,338,1,5190.1885612202568,1513.1222338418445,-2648.687115187452,5197.9286419974587,1514.823868888079,-2644.1116584791666,0.8458260312228264,0.18595248023580987,0.49999999999999262,5194.0586016088582,1513.9730513649617,-2646.3993868333091,9.1509134165709369
19,338,2,5197.9294878234896,1514.8240548405593,-2644.1121584791667,5205.6695686006915,1516.5256898867938,-2648.6876151874521,0.8458260312228264,0.18595248023580987,-0.49999999999999262,5201.7995282120901,1515.6748723636765,-2646.3998868333092,9.1509134165709369
19,338,3,5205.6704144267223,1516.525875839274,-2648.687115187452,5210.536224930981,1517.5956106289636,-2645.8107491708938,0.84582603122280198,0.18595248023576352,0.50000000000005151,5208.1033196788521,1517.0607432341189,-2647.2489321791727,5.7527320331158514
19,338,4,5210.5353791049502,1517.5957965814439,-2645.8102491708937,5207.6619546580396,1518.2275108855083,-2644.1116584791666,-0.84582603122277078,0.18595248023588942,0.50000000000005784,5209.0986668814949,1517.9116537334762,-2644.9609538250302,3.3971813834537605
19,339,0,5185.4052630194492,1512.070639150603,-2645.8605253378628,5184.0001220703089,1510.0719707441281,-2647.7467740909819,-0.45524072330160614,-0.6475330831119781,-0.61111111111100469,5184.702692544879,1511.0713049473657,-2646.8036497144221,3.0865888687409844
19,339,1,5184.0005773110324,1510.071323211045,-2647.747385202093,5184.7009916396573,1509.0750559035389,-2648.6876151874521,0.45524072330110893,-0.64753308311200364,-0.61111111111134775,5184.3507844753449,1509.5731895572919,-2648.2175001947726,1.5385581578597662
19,339,2,5184.7014468803809,1509.0744083704558,-2648.6870040763411,5187.8809897319325,1504.5518358496593,-2644.4188139400435,0.45524072330163418,-0.64753308311187596,0.61111111111109184,5186.2912183061562,1506.8131221100575,-2646.5529090081923,6.9843111321235041
19,339,3,5187.881444972656,1504.5524833827424,-2644.4182028289324,5188.109801926038,1504.8772976502385,-2644.1116584791666,0.45524072330122795,0.64753308311190083,0.6111111111113684,5187.9956234493475,1504.7148905164904,-2644.2649306540497,0.50161802688923474
19,339,4,5188.1102571667616,1504.8779451833216,-2644.1122695902777,5191.5186122124187,1509.7259795046971,-2648.6876151874521,0.45524072330164517,0.64753308311185087,-0.61111111111111027,5189.8144346895897,1507.3019623440093,-2646.3999423888649,7.4869291590126954
19,340,0,5185.4052630194492,1512.070639150603,-2645.8605253378628,5185.0573254199744,1514.755649591976,-2648.6876151874521,-0.088885843626028346,0.68592592058570967,-0.72222222222217436,5185.2312942197113,1513.4131443712895,-2647.2740702626575,3.9144320994316755
19,340,1,5185.0572365341304,1514.7563355178966,-2648.6868929652301,5184.5909291684202,1518.354797275734,-2644.8980158148984,-0.08888584362582809,0.68592592058564095,0.72222222222226429,5184.8240828512753,1516.5555663968153,-2646.7924543900644,5.2461375927666642
19,340,2,5184.5908402825762,1518.3541113498134,-2644.8972935926763,5184.4941500427885,1517.6079594426894,-2644.1116584791666,-0.088885843626188246,-0.68592592058555257,0.72222222222230414,5184.5424951626828,1517.9810353962514,-2644.5044760359215,1.08780246485942
19,340,3,5184.4940611569446,1517.6072735167688,-2644.1123807013887,5184.0001220703089,1513.7955796756257,-2648.1257732759545,-0.088885843625953351,-0.68592592058571644,-0.72222222222217713,5184.2470916136263,1515.7014265961973,-2646.1190769886716,5.5570051032453582
19,340,4,5184.0002109561528,1513.7948937497051,-2648.1264954981766,5184.0692694750151,1513.261973925886,-2648.6876151874521,0.08888584362536503,-0.6859259205855972,-0.72222222222236276,5184.034740215584,1513.5284338377955,-2648.4070553428146,0.77693495438134996
19,341,0,5185.4052630194492,1512.070639150603,-2645.8605253378628,5186.8391934187048,1510.8621210920467,-2648.6876151874521,0.4226756357083043,-0.35623147325034782,-0.83333333333334703,5186.1222282190774,1511.4663801213248,-2647.2740702626575,3.3925078195071716
19,341,1,5186.8396160943403,1510.8617648605734,-2648.6867818541186,5189.1601679114819,1508.9060013323799,-2644.1116584791666,0.42267563570824357,-0.35623147325036758,0.83333333333336945,5187.9998920029111,1509.8838830964767,-2646.3992201666424,5.490148049942162
19,341,2,5189.1605905871174,1508.9056451009067,-2644.1124918125001,5191.4811424042591,1506.9498815727129,-2648.6876151874521,0.42267563570823735,-0.35623147325040377,-0.83333333333335713,5190.3208664956883,1507.9277633368097,-2646.4000534999759,5.4901480499422419
19,341,3,5191.4815650798946,1506.9495253412397,-2648.6867818541186,5193.8021168970372,1504.9937618130464,-2644.1116584791666,0.4226756357083859,-0.35623147325030652,0.83333333333332349,5192.6418409884664,1505.9716435771429,-2646.3992201666424,5.4901480499424649
19,341,4,5193.8025395726727,1504.9934055815731,-2644.1124918125001,5194.3264707274438,1504.5518358496593,-2645.1454571853728,0.42267563570753536,-0.35623147325038806,-0.83333333333371995,5194.0645051500578,1504.7726207156161,-2644.6289744989363,1.2395584474466592
19,342,0,5185.4052630194492,1512.070639150603,-2645.8605253378628,5184.4222626305927,1512.0299889983496,-2648.6876151874521,-0.32839043169322119,-0.013579975347136007,-0.94444444444441034,5184.913762825021,1512.0503140744763,-2647.2740702626575,2.9933892525064851
19,342,1,5184.4219342401611,1512.0299754183743,-2648.6866707430077,5184.0001220703089,1512.0125321608525,-2647.4735472108678,-0.32839043169277887,-0.013579975347120177,0.94444444444456443,5184.211028155235,1512.0212537896134,-2648.0801089769375,1.2844837399126605
19,342,2,5184.0004504607405,1512.0125185808772,-2647.4726027664233,5185.1690760499741,1511.9641922438095,-2644.1116584791666,0.32839043169275439,-0.013579975347104771,0.94444444444457321,5184.5847632553578,1511.9883554123435,-2645.792130622795,3.5586468923889019
19,342,3,5185.1694044404057,1511.9641786638342,-2644.1126029236111,5186.760170589926,1511.898395489269,-2648.6876151874521,0.32839043169324422,-0.01357997534719097,-0.94444444444440168,5185.9647875151659,1511.9312870765516,-2646.4001090555316,4.8441306323024733
19,342,4,5186.7604989803576,1511.8983819092937,-2648.6866707430077,5188.3512651298761,1511.8325987347287,-2644.1116584791666,0.32839043169290943,-0.013579975347145714,0.94444444444451869,5187.5558820551169,1511.8654903220113,-2646.3991646110871,4.8441306323018729
20,343,0,5185.4052630194492,1512.070639150603,-2645.8605253378628,5186.0323907924903,1512.0706391506028,-2644.058458338674,0.32867109906129449,-1.191641624212215E-13,0.94444444444437337,5185.7188269059698,1512.0706391506028,-2644.9594918382681,1.908070940317707
20,343,1,5186.0327194635893,1512.0706391506028,-2644.0594027831185,5187.6433591010691,1512.0706391506028,-2648.6876151874521,0.32867109906095965,0,-0.94444444444448983,5186.8380392823292,1512.0706391506028,-2646.3735089852853,4.9004601928236617
20,343,2,5187.6436877721681,1512.0706391506028,-2648.6866707430077,5189.2543274096497,1512.0706391506028,-2644.0584583386744,0.32867109906131958,0,0.94444444444436471,5188.4490075909089,1512.0706391506028,-2646.3725645408413,4.9004601928238296
20,343,3,5189.2546560807486,1512.0706391506028,-2644.0594027831189,5190.8652957182285,1512.0706391506026,-2648.6876151874521,0.3286710990609884,-4.6398433309635454E-14,-0.94444444444447972,5190.0599758994886,1512.0706391506028,-2646.3735089852853,4.9004601928232328
20,343,4,5190.8656243893274,1512.0706391506026,-2648.6866707430077,5192.4762640268073,1512.0706391506021,-2644.058458338674,0.32867109906095965,-9.279686661926278E-14,0.94444444444448983,5191.6709442080673,1512.0706391506023,-2646.3725645408408,4.9004601928236617
20,344,0,5185.4052630194492,1512.070639150603,-2645.8605253378628,5184.5238446945277,1511.2631877631495,-2644.058458338674,-0.40759598344489467,-0.37339130926553099,0.83333333333340376,5184.9645538569885,1511.6669134568763,-2644.9594918382681,2.1624803990263892
20,344,1,5184.5234370985445,1511.2628143718402,-2644.0592916720075,5184.0001220703089,1510.783414938363,-2645.1292135421327,-0.40759598344504944,-0.37339130926542202,-0.83333333333337689,5184.2617795844271,1511.0231146551016,-2644.5942526070703,1.2839062441501721
20,344,2,5184.0005296662921,1510.7830415470537,-2645.1300468754662,5185.7405903320496,1509.1890034392773,-2648.6876151874521,0.40759598344530434,-0.37339130926541186,-0.83333333333325665,5184.8705599991708,1509.9860224931654,-2646.9088310314592,4.2690819743835453
20,344,3,5185.7409979280328,1509.188630047968,-2648.6867818541186,5188.0047812180092,1507.1148191154052,-2644.058458338674,0.40759598344520936,-0.37339130926537556,0.83333333333331938,5186.872889573021,1508.1517245816867,-2646.3726200963965,5.5539882185336884
20,344,4,5188.0051888139924,1507.114445724096,-2644.0592916720075,5190.2689721039687,1505.0406347915334,-2648.6876151874521,0.40759598344521564,-0.37339130926534037,-0.83333333333333215,5189.1370804589806,1506.0775402578147,-2646.37345342973,5.5539882185336031
20,345,0,5185.4052630194492,1512.070639150603,-2645.8605253378628,5185.5561433655039,1513.7898428730905,-2644.0584583386744,0.060468971945185211,0.68901274673289337,0.72222222222213994,5185.4807031924765,1512.9302410118466,-2644.9594918382686,2.4951696911841603
20,345,1,5185.556203834476,1513.7905318858373,-2644.0591805608965,5185.9437253963588,1518.2061402083064,-2648.6876151874521,0.060468971944896567,0.68901274673284529,-0.72222222222221,5185.7499646154174,1515.9983360470719,-2646.3733978741743,6.4086017906156174
20,345,2,5185.9437858653309,1518.2068292210531,-2648.6868929652301,5185.9657783242819,1518.4574219475621,-2648.4242220107812,0.060468971946396943,0.68901274673346069,0.72222222222149723,5185.9547820948064,1518.3321255843075,-2648.5555574880054,0.36369824462181111
20,345,3,5185.9658387932541,1518.4567329348154,-2648.4234997885592,5186.3313074272146,1514.2924063516004,-2644.058458338674,0.060468971944907003,-0.68901274673288904,0.72222222222216748,5186.1485731102348,1516.3745696432079,-2646.2409790636166,6.0439035459953665
20,345,4,5186.3313678961867,1514.2917173388537,-2644.059180560896,5186.7188894580695,1509.876109016383,-2648.6876151874526,0.060468971944880025,-0.68901274673290513,-0.72222222222215426,5186.5251286771281,1512.0839131776183,-2646.3733978741743,6.4086017906173707
20,346,0,5185.4052630194492,1512.070639150603,-2645.8605253378628,5186.8254424300158,1510.2182665960599,-2644.058458338674,0.48160663169526458,-0.62817056774703472,0.61111111111115457,5186.1153527247325,1511.1444528733314,-2644.9594918382681,2.9488369077632974
20,346,1,5186.8259240366478,1510.2176384254922,-2644.0590694497851,5190.4736049277908,1505.4598846373353,-2648.6876151874521,0.4816066316952366,-0.62817056774708557,-0.61111111111112448,5188.6497644822193,1507.8387615314136,-2646.3733423186186,7.5739839343641506
20,346,2,5190.4740865344229,1505.4592564667676,-2648.6870040763411,5191.1697889588513,1504.551835849659,-2647.8042266110501,0.48160663169510853,-0.62817056774724567,0.61111111111106076,5190.8219377466376,1505.0055461582133,-2648.2456153436956,1.4445449432034565
20,346,3,5191.1702705654834,1504.5524640202268,-2647.803615499939,5194.1217674255668,1508.4021690207073,-2644.0584583386744,0.48160663169535306,0.62817056774704616,0.61111111111107319,5192.6460189955251,1506.477316520467,-2645.9310369193067,6.1284389911606594
20,346,4,5194.1222490321989,1508.4027971912751,-2644.0590694497855,5197.7699299233418,1513.160550979431,-2648.6876151874521,0.4816066316952905,0.62817056774703584,-0.61111111111113281,5195.9460894777703,1510.7816740853532,-2646.3733423186186,7.5739839343633024
20,347,0,5185.4052630194492,1512.070639150603,-2645.8605253378628,5184.0001220703089,1512.3191887995404,-2645.036673001794,-0.85278689373229077,0.15084599390915518,0.49999999999998984,5184.702692544879,1512.1949139750718,-2645.4485991698284,1.6477046721375126
20,347,1,5184.0009748572029,1512.3193396455342,-2645.0361730017939,5185.6685393582402,1512.6143083257703,-2644.058458338674,0.85278689373228678,0.15084599390927217,0.49999999999996092,5184.8347571077211,1512.4668239856524,-2644.5473156702337,1.9554293262400897
20,347,2,5185.6693921451342,1512.6144591717641,-2644.0589583386741,5193.5639079375815,1514.0108878574017,-2648.6876151874517,0.85278689373238203,0.15084599390921324,-0.49999999999981692,5189.6166500413583,1513.3126735145829,-2646.3732867630629,9.2573136975586099
20,347,3,5193.5647607244755,1514.0110387033956,-2648.6871151874516,5201.4592765169218,1515.4074673890329,-2644.058458338674,0.85278689373235816,0.15084599390920184,0.49999999999986061,5197.5120186206987,1514.7092530462141,-2646.3727867630628,9.2573136975577999
20,347,4,5201.4601293038158,1515.4076182350268,-2644.0589583386741,5209.3546450962631,1516.8040469206644,-2648.6876151874521,0.85278689373236083,0.1508459939092095,-0.49999999999985367,5205.407387200039,1516.1058325778456,-2646.3732867630633,9.2573136975588373
20,348,0,5185.4052630194492,1512.070639150603,-2645.8605253378628,5189.0073629060853,1514.3620002471271,-2644.058458338674,0.77733881326904819,0.49447932361649316,0.38888888888889994,5187.2063129627677,1513.2163196988649,-2644.9594918382681,4.633886569342522
20,348,1,5189.0081402448986,1514.3624947264507,-2644.0588472275626,5195.4455092398257,1518.4574219475621,-2647.2793493214654,0.77733881326902343,0.49447932361656738,-0.38888888888885503,5192.2268247423617,1516.4099583370064,-2645.669098274514,8.2812910986077242
20,348,2,5195.446286578639,1518.4569274682385,-2647.279738210354,5198.2604513693404,1516.666786182999,-2648.6876151874521,0.77733881326894427,-0.49447932361666069,-0.38888888888889467,5196.8533689739897,1517.5618568256186,-2647.9836766989029,3.6202550839665206
20,348,3,5198.2612287081538,1516.6662917036754,-2648.6872262985635,5207.5135398325938,1510.7807287180021,-2644.058458338674,0.77733881326899168,-0.49447932361656827,0.38888888888891748,5202.8873842703742,1513.7235102108389,-2646.3728423186185,11.902546182572127
20,348,4,5207.5143171714071,1510.7802342386785,-2644.0588472275626,5211.3858423038055,1508.3174868547133,-2645.9957029220727,0.777338813269003,-0.4944793236165767,-0.38888888888888362,5209.4500797376058,1509.5488605466958,-2645.0272750748177,4.980486071597432
20,349,0,5185.4052630194492,1512.070639150603,-2645.8605253378628,5184.0001220703089,1506.8435848584102,-2644.2954241876464,-0.24938767073477899,-0.92770970451877366,0.27777777777779711,5184.702692544879,1509.4571120045066,-2645.0779747627548,5.6343641407785698
20,349,1,5184.0003714579798,1506.8426571487057,-2644.2951464098687,5184.2128689703359,1506.0521769945781,-2644.058458338674,0.24938767073344287,-0.92770970451904289,0.27777777777809742,5184.1066202141574,1506.4474170716419,-2644.1768023742716,0.8520770563001151
20,349,2,5184.2131183580068,1506.0512492848736,-2644.0587361164517,5184.6161918865628,1504.5518358496593,-2644.5076952358559,0.24938767073446744,-0.92770970451894819,-0.27777777777749402,5184.4146551222848,1505.3015425672666,-2644.2832156761538,1.6162528298567989
20,349,3,5184.6164412742337,1504.5527635593637,-2644.5079730136335,5188.3543027527794,1518.4574219475621,-2648.671349864193,0.24938767073465534,0.92770970451881163,-0.27777777777778095,5186.485372013507,1511.505092753463,-2646.589661438913,14.988156662013727
20,349,4,5188.3545521404503,1518.4564942378577,-2648.6716276419706,5188.3689056886715,1518.4030997539185,-2648.6876151874521,0.24938767072299159,-0.92770970451965618,-0.27777777778543222,5188.3617289145604,1518.429796995888,-2648.6796214147116,0.057555163731791426
20,350,0,5185.4052630194492,1512.070639150603,-2645.8605253378628,5184.0001220703089,1514.7761525433702,-2645.3452106266595,-0.45446045513263994,0.87503595180019644,0.16666666666660732,5184.702692544879,1513.4233958469868,-2645.6028679822612,3.091888267220575
20,350,1,5184.0005765307642,1514.7770275793221,-2645.3450439599928,5185.9120336500018,1518.4574219475621,-2644.6440452637548,0.45446045513250377,0.87503595180025495,0.16666666666667082,5184.9563050903835,1516.6172247634422,-2644.9945446118736,4.2059921774279108
20,350,2,5185.9124881104572,1518.4565469116103,-2644.6438785970881,5187.508790252954,1515.3829642734624,-2644.058458338674,0.45446045513262417,-0.87503595180019889,0.16666666666663763,5186.7106391817051,1516.9197555925364,-2644.3511684678811,3.512521550485574
20,350,3,5187.5092447134093,1515.3820892375106,-2644.0586250053407,5193.1340671835242,1504.5518358496593,-2646.1214456558459,0.45446045513259042,-0.8750359518002202,-0.16666666666661764,5190.3216559484663,1509.9669625435849,-2645.0900353305933,12.376923903035278
20,350,4,5193.1345216439795,1504.5527108856111,-2646.1216123225126,5200.1314026232103,1518.0247794410775,-2648.6876151874521,0.45446045513254879,0.87503595180023175,-0.1666666666666701,5196.6329621335954,1511.2887451633442,-2647.4046137549822,15.396017189636634
20,352,0,5185.4052630194492,1512.070639150603,-2645.8605253378628,5184.0001220703089,1511.4906173931606,-2645.9451085690075,-0.92291799458142065,-0.38096713181680819,-0.05555555555552906,5184.702692544879,1511.7806282718818,-2645.9028169534349,1.5224981606059358
20,353,0,5185.4052630194492,1512.070639150603,-2645.8605253378628,5188.394011918278,1518.4574219475621,-2647.0524459305652,0.41791778707512695,0.89306603645444393,-0.16666666666667002,5186.8996374688631,1515.2640305490827,-2646.456485634214,7.1515235562145261
20,353,1,5188.3944298360648,1518.4565288815256,-2647.0526125972319,5192.4942098222664,1509.6955371844822,-2648.6876151874521,0.4179177870751612,-0.89306603645442606,-0.16666666666667931,5190.4443198291656,1514.076033033004,-2647.870113892342,9.810015541320519
20,353,2,5192.4946277400531,1509.6946441184457,-2648.6874485207854,5194.9012482622884,1504.5518358496593,-2647.7276821916707,0.41791778707506594,-0.89306603645445493,0.16666666666676402,5193.6979380011708,1507.1232399840524,-2648.2075653562279,5.7585979746848368
20,353,3,5194.9016661800752,1504.5527289156958,-2647.727515525004,5201.4084846062988,1518.4574219475621,-2645.1325799390038,0.41791778707511429,0.89306603645445737,0.16666666666662855,5198.155075393187,1511.5050754316289,-2646.4300477320039,15.569613516005044
20,353,4,5201.4089025240855,1518.4565288815256,-2645.1324132723371,5204.1018517398543,1512.7018528259027,-2644.058458338674,0.41791778707506316,-0.89306603645447125,0.16666666666668326,5202.7553771319699,1515.5791908537142,-2644.5954358055055,6.4437296019780614
20,354,0,5185.4052630194492,1512.070639150603,-2645.8605253378628,5187.7636167449928,1504.5518358496593,-2648.1390831493059,0.28750565546567419,-0.91661333409901202,-0.27777777777775214,5186.584439882221,1508.311237500131,-2646.9998042435845,8.2028081211958419
20,354,1,5187.763904250648,1504.5527524629933,-2648.1393609270835,5188.331358572409,1506.3618862589033,-2648.6876151874521,0.28750565546572021,0.91661333409900547,-0.27777777777772555,5188.0476314115285,1505.4573193609483,-2648.4134880572678,1.9737153373273104
20,354,2,5188.3316460780643,1506.3628028722374,-2648.6873374096745,5192.1252537591872,1518.4574219475621,-2645.0220880784341,0.28750565546558182,0.91661333409903178,0.2777777777777819,5190.2284499186262,1512.4101124098997,-2646.8547127440543,13.194897592465153
20,354,3,5192.1255412648425,1518.456505334228,-2645.0218103006564,5193.1226301590286,1515.2776288206073,-2644.058458338674,0.28750565546570578,-0.91661333409899515,0.27777777777777451,5192.6240857119355,1516.8670670774177,-2644.5401343196654,3.4680670631367727
20,354,4,5193.1229176646839,1515.2767122072732,-2644.0587361164517,5196.4868907733817,1504.5518358496593,-2647.3088877460787,0.28750565546556534,-0.91661333409902845,-0.27777777777781049,5194.8049042190323,1509.9142740284663,-2645.6838119312652,11.700545866655816
20,355,0,5185.4052630194492,1512.070639150603,-2645.8605253378628,5184.0001220703089,1512.8849470521388,-2646.5460600431106,-0.79710581865571895,0.4619391149967117,-0.38888888888890966,5184.702692544879,1512.4777931013709,-2646.2032926904867,1.7628035277800824
20,355,1,5184.0009191761274,1512.8854089912538,-2646.5464489319993,5188.3896690985202,1515.4287792786649,-2648.6876151874521,0.79710581865576335,0.46193911499660151,-0.38888888888894968,5186.1952941373238,1514.1570941349594,-2647.6170320597257,5.5058560854493113
20,355,2,5188.3904662043387,1515.4292412177799,-2648.6872262985635,5193.6157878999666,1518.4574219475621,-2646.1379166576839,0.79710581865576124,0.46193911499656082,0.38888888888900192,5191.0031270521522,1516.9433315826709,-2647.4125714781239,6.5553676479740242
20,355,3,5193.6165850057851,1518.4569600084471,-2646.1375277687953,5197.878055023285,1515.9873510275618,-2644.058458338674,0.79710581865579133,-0.46193911499656465,0.38888888888893619,5195.747320014535,1517.2221555180045,-2645.0979930537346,5.3461785345969988
20,355,4,5197.8788521291035,1515.9868890884468,-2644.0588472275626,5207.3664409480498,1510.4886374386647,-2648.6876151874521,0.79710581865579011,-0.46193911499654017,-0.38888888888896778,5202.6226465385771,1513.2377632635557,-2646.3732312075072,11.902546182570589
20,356,0,5185.4052630194492,1512.070639150603,-2645.8605253378628,5190.187715394226,1513.122047889364,-2648.6876151874517,0.84582603122285294,0.18595248023577834,-0.49999999999996009,5187.7964892068376,1512.5963435199835,-2647.274070262657,5.654179699178254
20,356,1,5190.1885612202568,1513.1222338418443,-2648.6871151874516,5198.0186381248441,1514.8436542842253,-2644.058458338674,0.84582603122281075,0.18595248023578811,0.50000000000002787,5194.1035996725504,1513.9829440630347,-2646.3727867630628,9.2573136975547055
20,356,2,5198.0194839508749,1514.8438402367055,-2644.0589583386741,5205.8495608554631,1516.565260679087,-2648.6876151874521,0.84582603122281019,0.18595248023581551,-0.50000000000001854,5201.9345224031695,1515.7045504578964,-2646.3732867630633,9.2573136975557855
20,356,3,5205.850406681494,1516.5654466315673,-2648.687115187452,5211.3858423038055,1517.7823966250153,-2645.414908245376,0.84582603122279776,0.18595248023585459,0.50000000000002476,5208.6181244926502,1517.1739216282913,-2647.051011716414,6.5444138841518393
20,356,4,5211.3849964777746,1517.7825825774955,-2645.4144082453759,5209.0912010215297,1518.286867073949,-2644.058458338674,-0.84582603122278655,0.18595248023583141,0.50000000000005218,5210.2380987496526,1518.0347248257222,-2644.7364332920251,2.7118998134034777
20,357,0,5185.4052630194492,1512.070639150603,-2645.8605253378628,5184.0001220703089,1510.0719707441285,-2647.7467740909819,-0.45524072330164955,-0.64753308311189262,-0.61111111111106298,5184.702692544879,1511.0713049473657,-2646.8036497144221,3.0865888687406899
20,357,1,5184.0005773110324,1510.0713232110454,-2647.747385202093,5184.7009916396582,1509.0750559035396,-2648.6876151874526,0.45524072330153892,-0.64753308311162661,-0.61111111111142702,5184.3507844753458,1509.5731895572926,-2648.2175001947726,1.5385581578603111
20,357,2,5184.7014468803818,1509.0744083704565,-2648.6870040763415,5187.8809897319334,1504.5518358496593,-2644.418813940043,0.45524072330156912,-0.64753308311188107,0.6111111111111347,5186.291218306158,1506.813122110058,-2646.5529090081923,6.9843111321245024
20,357,3,5187.8814449726569,1504.5524833827424,-2644.418202828932,5188.1494328049357,1504.9336684973207,-2644.058458338674,0.45524072330036258,0.64753308311197044,0.61111111111193894,5188.0154388887968,1504.7430759400315,-2644.238330583803,0.588672802239535
20,357,4,5188.1498880456593,1504.9343160304038,-2644.0590694497851,5191.5978739702132,1509.8387211988631,-2648.6876151874521,0.45524072330149445,0.64753308311195512,-0.61111111111111205,5189.8738810079358,1507.3865186146336,-2646.3733423186186,7.5739839343643043
20,358,0,5185.4052630194492,1512.070639150603,-2645.8605253378628,5185.0573254199753,1514.755649591976,-2648.6876151874521,-0.08888584362579785,0.68592592058572388,-0.72222222222218935,5185.2312942197123,1513.4131443712895,-2647.2740702626575,3.9144320994315942
20,358,1,5185.0572365341313,1514.7563355178966,-2648.6868929652301,5184.5776305303925,1518.4574219475621,-2644.7899606790334,-0.08888584362583804,0.68592592058568658,0.72222222222221999,5184.8174335322619,1516.6068787327295,-2646.7384268221317,5.3957523962723926
20,358,2,5184.5775416445485,1518.4567360216415,-2644.7892384568113,5184.4876025575104,1517.7626822943323,-2644.058458338674,-0.088885843625450003,-0.68592592058557811,0.72222222222237076,5184.5325721010295,1518.1097091579868,-2644.4238483977424,1.0118493943437705
20,358,3,5184.4875136716664,1517.7619963684117,-2644.059180560896,5184.0001220703089,1514.0008290192625,-2648.0193729949901,-0.088885843625788719,-0.68592592058565516,-0.72222222222225585,5184.2438178709872,1515.8814126938371,-2646.0392767779431,5.4833433702838787
20,358,4,5184.0002109561528,1514.0001430933419,-2648.0200952172122,5184.0823644455722,1513.3661702855163,-2648.6876151874521,0.088885843625705854,-0.6859259205857543,-0.72222222222217181,5184.0412877008621,1513.6831566894291,-2648.3538552023319,0.92425842033228478
20,359,0,5185.4052630194492,1512.070639150603,-2645.8605253378628,5186.8391934187048,1510.8621210920467,-2648.6876151874521,0.4226756357083043,-0.35623147325034782,-0.83333333333334703,5186.1222282190774,1511.4663801213248,-2647.2740702626575,3.3925078195071716
20,359,1,5186.8396160943403,1510.8617648605734,-2648.6867818541186,5189.1871515953253,1508.8832594550699,-2644.0584583386735,0.42267563570826222,-0.3562314732503592,0.83333333333336357,5188.0133838448328,1509.8725121578218,-2646.3726200963961,5.5539882185339398
20,359,2,5189.1875742709608,1508.8829032235967,-2644.059291672007,5191.5351097719458,1506.9043978180928,-2648.6876151874517,0.42267563570827887,-0.35623147325045512,-0.8333333333333145,5190.3613420214533,1507.8936505208449,-2646.3734534297291,5.5539882185337213
20,359,3,5191.5355324475813,1506.9040415866195,-2648.6867818541182,5193.8830679485663,1504.9255361811167,-2644.058458338674,0.42267563570833838,-0.35623147325030058,0.83333333333335002,5192.7093001980738,1505.9147888838681,-2646.3726200963961,5.5539882185329388
20,359,4,5193.8834906242018,1504.9251799496435,-2644.0592916720075,5194.3264707274438,1504.5518358496593,-2644.9326566234017,0.42267563570748379,-0.35623147325032617,-0.83333333333377257,5194.1049806758228,1504.7385078996513,-2644.4959741477046,1.0480379416725487
20,360,0,5185.4052630194492,1512.070639150603,-2645.8605253378628,5184.4222626305927,1512.0299889983494,-2648.6876151874521,-0.32839043169322085,-0.013579975347211951,-0.94444444444440934,5184.913762825021,1512.0503140744763,-2647.2740702626575,2.9933892525064882
20,360,1,5184.4219342401611,1512.0299754183741,-2648.6866707430077,5184.0001220703089,1512.0125321608521,-2647.4735472108682,-0.32839043169288784,-0.013579975347301701,0.9444444444445238,5184.211028155235,1512.0212537896132,-2648.0801089769379,1.2844837399122342
20,360,2,5184.0004504607405,1512.0125185808768,-2647.4726027664237,5185.1875741386721,1511.9634272897658,-2644.0584583386744,0.328390431693041,-0.013579975347113542,0.94444444444447329,5184.5940122997063,1511.9879729353213,-2645.7655305525491,3.6149764529109198
20,360,3,5185.1879025291037,1511.9634137097905,-2644.0594027831189,5186.79716676732,1511.8968655811823,-2648.6876151874521,0.32839043169314791,-0.013579975347152905,-0.94444444444443576,5185.9925346482123,1511.9301396454864,-2646.3735089852853,4.900460192823461
20,360,4,5186.7974951577517,1511.896852001207,-2648.6866707430077,5188.406759395968,1511.830303872599,-2644.058458338674,0.32839043169311927,-0.013579975347105323,0.9444444444444462,5187.6021272768594,1511.8635779369029,-2646.3725645408408,4.9004601928238882
21,361,0,5185.4052630194492,1512.070639150603,-2645.8605253378628,5186.0067152020511,1512.070639150603,-2644.132237775982,0.32867109906127612,0,0.94444444444437969,5185.7059891107501,1512.070639150603,-2644.9963815569226,1.8299515361091379
21,361,1,5186.00704387315,1512.070639150603,-2644.1331822204265,5187.5920079201915,1512.0706391506028,-2648.6876151874521,0.32867109906111541,-4.7150063715948291E-14,-0.94444444444443543,5186.7995258966712,1512.0706391506028,-2646.4103987039393,4.8223407886153922
21,361,2,5187.5923365912904,1512.0706391506028,-2648.6866707430077,5189.177300638331,1512.0706391506028,-2644.132237775982,0.32867109906094721,0,0.94444444444449405,5188.3848186148107,1512.0706391506028,-2646.4094542594949,4.8223407886150929
21,361,3,5189.1776293094299,1512.0706391506028,-2644.1331822204265,5190.7625933564714,1512.0706391506023,-2648.6876151874521,0.32867109906111541,-9.4300127431896583E-14,-0.94444444444443543,5189.9701113329502,1512.0706391506026,-2646.4103987039393,4.8223407886153922
21,361,4,5190.7629220275703,1512.0706391506023,-2648.6866707430077,5192.3478860746118,1512.0706391506021,-2644.132237775982,0.32867109906111541,-4.7150063715948291E-14,0.94444444444443543,5191.5554040510906,1512.0706391506023,-2646.4094542594949,4.8223407886153922
21,362,0,5185.4052630194492,1512.070639150603,-2645.8605253378628,5184.5599313372968,1511.2962460839817,-2644.132237775982,-0.40759598344492287,-0.37339130926544734,0.83333333333342752,5184.982597178373,1511.6834426172923,-2644.9963815569226,2.0739450742566463
21,362,1,5184.5595237413136,1511.2958726926724,-2644.1330711093156,5184.0001220703089,1510.7834149383643,-2645.2767724167466,-0.40759598344571091,-0.37339130926521558,-0.83333333333314585,5184.2798229058117,1511.0396438155185,-2644.7049217630311,1.3724415689175107
21,362,2,5184.0005296662921,1510.7830415470551,-2645.2776057500801,5185.6684170465105,1509.2551200809417,-2648.6876151874521,0.40759598344492576,-0.37339130926546965,-0.83333333333341586,5184.8344733564008,1510.0190808139982,-2646.9826104687663,4.0920113248460925
21,362,3,5185.6688246424937,1509.2547466896324,-2648.6867818541186,5187.896521289701,1507.2139940779014,-2644.132237775982,0.40759598344521253,-0.37339130926541292,0.83333333333330117,5186.7826729660974,1508.2343703837669,-2646.4095098150501,5.4654528937641151
21,362,4,5187.8969288856842,1507.2136206865921,-2644.1330711093156,5190.1246255328915,1505.1728680748615,-2648.6876151874526,0.40759598344519693,-0.37339130926531539,-0.83333333333335247,5189.0107772092879,1506.1932443807268,-2646.4103431483841,5.4654528937643247
21,363,0,5185.4052630194492,1512.070639150603,-2645.8605253378628,5185.5499660884998,1513.7194559877414,-2644.132237775982,0.060468971944908405,0.689012746732791,0.72222222222226085,5185.4776145539745,1512.8950475691722,-2644.9963815569226,2.3930135472193497
21,363,1,5185.5500265574719,1513.7201450004882,-2644.1329599982041,5185.9313708423515,1518.0653664376084,-2648.6876151874521,0.060468971944929041,0.68901274673281865,-0.72222222222223276,5185.7406986999122,1515.8927557190482,-2646.4102875928284,6.3064456466510181
21,363,2,5185.9314313113236,1518.0660554503552,-2648.6868929652301,5185.9459005580538,1518.2309250539197,-2648.5140768714382,0.060468971946199324,0.68901274673300905,0.72222222222194465,5185.9386659346892,1518.1484902521374,-2648.6004849183341,0.23928382217346444
21,363,3,5185.945961027026,1518.2302360411729,-2648.5133546492161,5186.312775596205,1514.0505732203637,-2644.1322377759825,0.060468971945144584,-0.68901274673284174,0.72222222222219257,5186.1293683116155,1516.1404046307684,-2646.3227962125993,6.0661618244775726
21,363,4,5186.3128360651772,1514.049884207617,-2644.1329599982046,5186.6941803500558,1509.7046627704972,-2648.6876151874521,0.060468971944791505,-0.68901274673282265,-0.72222222222224042,5186.5035082076165,1511.8772734890572,-2646.4102875928284,6.3064456466503209
21,364,0,5185.4052630194492,1512.070639150603,-2645.8605253378628,5186.7672980669959,1510.2941056213681,-2644.132237775982,0.48160663169539303,-0.62817056774704749,0.61111111111104011,5186.0862805432225,1511.1823723859857,-2644.9963815569226,2.8281069194415291
21,364,1,5186.767779673628,1510.2934774508003,-2644.1328488870931,5190.357316201751,1505.6115626879516,-2648.6876151874517,0.48160663169530282,-0.62817056774711466,-0.61111111111104233,5188.5625479376895,1507.9525200693761,-2646.4102320372722,7.4532539460421052
21,364,2,5190.3577978083831,1505.6109345173838,-2648.6870040763406,5191.1697889588522,1504.5518358496593,-2647.656667736434,0.48160663169523427,-0.62817056774703106,0.6111111111111821,5190.7637933836177,1505.0813851835214,-2648.1718359063871,1.6860049198470097
21,364,3,5191.1702705654843,1504.552464020227,-2647.6560566253229,5193.9473343365071,1508.1746519447825,-2644.132237775982,0.48160663169543905,0.62817056774701152,0.61111111111104088,5192.5588024509962,1506.3635579825047,-2645.8941472006527,5.7662490261947665
21,364,4,5193.9478159431392,1508.1752801153502,-2644.1328488870931,5197.5373524712622,1512.8571948781985,-2648.6876151874521,0.48160663169530327,0.62817056774705426,-0.61111111111110383,5195.7425842072007,1510.5162374967745,-2646.4102320372726,7.4532539460420981
21,365,0,5185.4052630194492,1512.070639150603,-2645.8605253378628,5184.0001220703089,1512.3191887995404,-2645.036673001794,-0.85278689373229077,0.15084599390915518,0.49999999999998984,5184.702692544879,1512.1949139750718,-2645.4485991698284,1.6477046721375126
21,365,1,5184.0009748572029,1512.3193396455342,-2645.0361730017939,5185.5427030839128,1512.5920496606684,-2644.1322377759816,0.8527868937320664,0.1508459939091871,0.50000000000036271,5184.7718389705578,1512.4556946531013,-2644.5842053888878,1.8078704516233828
21,365,2,5185.5435558708068,1512.5922005066623,-2644.1327377759817,5193.3122353889266,1513.966370527198,-2648.6876151874521,0.85278689373231831,0.15084599390919159,-0.49999999999993167,5189.4278956298667,1513.27928551693,-2646.4101764817169,9.109754822942131
21,365,3,5193.3130881758207,1513.9665213731919,-2648.687115187452,5201.0817676939387,1515.3406913937276,-2644.1322377759825,0.85278689373230654,0.15084599390922482,0.49999999999994199,5197.1974279348797,1514.6536063834596,-2646.4096764817173,9.1097548229401237
21,365,4,5201.0826204808327,1515.3408422397215,-2644.1327377759826,5208.8512999989507,1516.715012260257,-2648.6876151874521,0.85278689373230987,0.15084599390920045,-0.49999999999994393,5204.9669602398917,1516.0279272499893,-2646.4101764817174,9.10975482294009
21,366,0,5185.4052630194492,1512.070639150603,-2645.8605253378628,5188.8598873111814,1514.2681883453245,-2644.132237775982,0.77733881326904741,0.49447932361656727,0.38888888888880746,5187.1325751653148,1513.1694137479637,-2644.9963815569226,4.4441680162656745
21,366,1,5188.8606646499948,1514.2686828246481,-2644.1326266648707,5195.0894481911537,1518.2309250539197,-2647.2487771376145,0.77733881326901932,0.49447932361658797,-0.3888888888888371,5191.9750564205742,1516.249803939284,-2645.6907019012424,8.0129583584851538
21,366,2,5195.090225529967,1518.2304305745961,-2647.2491660265032,5197.9655001795327,1516.4014161993202,-2648.6876151874521,0.77733881326904708,-0.49447932361652114,-0.38888888888886658,5196.5278628547494,1517.3159233869583,-2647.9683906069777,3.6988692710117945
21,366,3,5197.966277518346,1516.4009217199966,-2648.6872262985635,5207.0711130478821,1510.6091706361265,-2644.132237775982,0.77733881326900545,-0.49447932361656827,0.38888888888889017,5202.5186952831136,1513.5050461780615,-2646.409732037273,11.712827629495054
21,366,4,5207.0718903866955,1510.6086761568029,-2644.1326266648707,5210.7834606466895,1508.2476789694899,-2645.9894597597886,0.77733881326899956,-0.49447932361658842,-0.38888888888887568,5208.927675516692,1509.4281775631464,-2645.0610432123294,4.7747136726461239
21,367,0,5185.4052630194492,1512.070639150603,-2645.8605253378628,5184.0001220703089,1506.8435848584079,-2644.2954241876459,-0.24938767073468002,-0.92770970451880896,0.27777777777776758,5184.702692544879,1509.4571120045055,-2645.0779747627544,5.6343641407808063
21,367,1,5184.0003714579798,1506.8426571487034,-2644.2951464098683,5184.1466301150722,1506.2985822345215,-2644.1322377759825,0.2493876707373307,-0.92770970451833656,0.27777777777696633,5184.073500786526,1506.5706196916126,-2644.2136920929252,0.58647108199046094
21,367,2,5184.1468795027431,1506.2976545248171,-2644.1325155537602,5184.6161918865664,1504.5518358496593,-2644.655254110472,0.24938767073525389,-0.92770970451875279,-0.27777777777744012,5184.3815356946543,1505.4247451872382,-2644.3938848321159,1.8818588041648721
21,367,3,5184.6164412742373,1504.5527635593637,-2644.6555318882497,5188.2364279781441,1518.0189336613155,-2648.6876151874521,0.24938767073471915,0.9277097045187841,-0.27777777777781526,5186.4264346261907,1511.2858486103396,-2646.6715735378511,14.515499877126826
21,367,4,5188.236677365815,1518.0198613710199,-2648.6873374096745,5188.2934156752217,1518.2309250539199,-2648.6241400533031,0.24938767073226251,0.92770970451929391,0.27777777777831897,5188.2650465205188,1518.12539321247,-2648.6557387314888,0.22751048293640691
21,368,0,5185.4052630194492,1512.070639150603,-2645.8605253378628,5184.000122070308,1514.7761525433712,-2645.3452106266591,-0.45446045513274519,0.87503595180012683,0.16666666666668511,5184.702692544879,1513.4233958469872,-2645.6028679822612,3.0918882672218602
21,368,1,5184.0005765307633,1514.777027579323,-2645.3450439599924,5185.7943997617485,1518.2309250539197,-2644.6871857566639,0.45446045513259387,0.87503595180022686,0.16666666666657334,5184.8974881462564,1516.5039763166214,-2645.0161148583284,3.9471492199731348
21,368,2,5185.7948542222039,1518.2300500179679,-2644.6870190899972,5187.3076112330027,1515.3173284470663,-2644.132237775982,0.45446045513269351,-0.87503595180016225,0.16666666666664115,5186.5512327276028,1516.773689232517,-2644.4096284329898,3.3286878840913787
21,368,3,5187.308065693458,1515.3164534111145,-2644.1324044426487,5192.8987994070185,1504.5518358496593,-2646.1827235446444,0.45446045513256783,-0.87503595180022653,-0.16666666666664567,5190.1034325502387,1509.934144630387,-2645.1575639936464,12.301914611975647
21,368,4,5192.8992538674738,1504.5527108856111,-2646.1828902113111,5199.7290445833078,1517.7030573065842,-2648.6876151874521,0.45446045513255001,0.87503595180023419,-0.16666666666665422,5196.3141492253908,1511.1278840960977,-2647.4352526993816,15.028349856847155
21,370,0,5185.4052630194492,1512.070639150603,-2645.8605253378628,5184.0001220703089,1511.4906173931608,-2645.9451085690075,-0.92291799458147306,-0.38096713181668046,-0.05555555555553221,5184.702692544879,1511.7806282718821,-2645.9028169534349,1.5224981606058492
21,371,0,5185.4052630194492,1512.070639150603,-2645.8605253378628,5188.2880207858125,1518.2309250539197,-2647.0101763998332,0.41791778707514249,0.89306603645443383,-0.16666666666668406,5186.8466419026308,1515.1507821022615,-2646.4353508688482,6.8979063718217812
21,371,1,5188.2884387035992,1518.2300319878832,-2647.0103430664999,5192.4942098222664,1509.2425433971978,-2648.6876151874521,0.41791778707516641,-0.89306603645442406,-0.16666666666667615,5190.3913242629333,1513.7362876925404,-2647.8489791269758,10.063632725712861
21,371,2,5192.4946277400531,1509.2416503311613,-2648.6874485207854,5194.6892659973582,1504.5518358496593,-2647.8122212531352,0.41791778707521759,-0.89306603645439553,0.16666666666670082,5193.5919468687061,1506.8967430904104,-2648.2498348869603,5.2513636059000568
21,371,3,5194.689683915145,1504.5527289156958,-2647.8120545864685,5201.0905112089031,1518.2309250539195,-2645.2593885311994,0.41791778707512256,0.89306603645444149,0.16666666666669416,5197.8900975620236,1511.3918269848077,-2646.5357215588338,15.315996331612244
21,371,4,5201.0909291266898,1518.230031987883,-2645.2592218645327,5203.9168493048264,1512.1912047092276,-2644.132237775982,0.41791778707519672,-0.89306603645441462,0.16666666666665131,5202.5038892157581,1515.2106183485553,-2644.6957298202574,6.7619045313046495
21,372,0,5185.4052630194492,1512.070639150603,-2645.8605253378628,5187.7636167449928,1504.5518358496593,-2648.1390831493054,0.28750565546567852,-0.9166133340990259,-0.27777777777770091,5186.584439882221,1508.311237500131,-2646.9998042435841,8.2028081211957176
21,372,1,5187.763904250648,1504.5527524629933,-2648.1393609270831,5188.331358572409,1506.3618862589028,-2648.6876151874517,0.287505655465781,0.91661333409896872,-0.27777777777778423,5188.0476314115285,1505.4573193609481,-2648.4134880572674,1.9737153373268934
21,372,2,5188.3316460780643,1506.3628028722369,-2648.687337409674,5192.0542105663317,1518.2309250539197,-2645.0907274942579,0.28750565546551088,0.91661333409904799,0.27777777777780166,5190.192928322198,1512.2968639630783,-2646.8890324519662,12.947795695496984
21,372,3,5192.0544980719869,1518.2300084405856,-2645.0904497164802,5193.0462669392864,1515.0680930109941,-2644.132237775982,0.28750565546543955,-0.91661333409904855,0.27777777777787399,5192.5503825056367,1516.6490507257899,-2644.6113437462309,3.4495629857920775
21,372,4,5193.0465544449416,1515.06717639766,-2644.1325155537597,5196.3448043876706,1504.551835849659,-2647.3191677890468,0.28750565546557044,-0.91661333409902745,-0.27777777777780854,5194.6956794163061,1509.8095061236595,-2645.725841671403,11.471948047032132
21,373,0,5185.4052630194492,1512.070639150603,-2645.8605253378628,5184.0001220703089,1512.8849470521384,-2646.5460600431106,-0.79710581865581387,0.46193911499650875,-0.38888888888895601,5184.702692544879,1512.4777931013707,-2646.2032926904867,1.7628035277798724
21,373,1,5184.0009191761274,1512.8854089912534,-2646.5464489319993,5188.3896690985202,1515.4287792786643,-2648.6876151874517,0.7971058186558041,0.46193911499658385,-0.38888888888888701,5186.1952941373238,1514.1570941349587,-2647.6170320597257,5.5058560854490297
21,373,2,5188.3904662043387,1515.4292412177792,-2648.687226298563,5193.2249528613902,1518.2309250539197,-2646.3285957373409,0.79710581865573893,0.46193911499661394,0.38888888888898487,5190.8077095328645,1516.8300831358495,-2647.5079110179522,6.0650500145695423
21,373,3,5193.2257499672087,1518.2304631148047,-2646.3282068484523,5197.7268292607178,1515.6219956607852,-2644.132237775982,0.79710581865573615,-0.46193911499659895,0.38888888888900847,5195.4762896139637,1516.926229387795,-2645.2302223122169,5.6467776149217226
21,373,4,5197.7276263665362,1515.6215337216702,-2644.1326266648707,5207.0639894229171,1510.2109204923954,-2648.6876151874521,0.79710581865579055,-0.46193911499653506,-0.38888888888897288,5202.3958078947271,1512.9162271070327,-2646.4101209261617,11.712827629492564
21,374,0,5185.4052630194492,1512.070639150603,-2645.8605253378628,5190.187715394226,1513.1220478893642,-2648.6876151874521,0.84582603122281252,0.18595248023580968,-0.50000000000001665,5187.7964892068376,1512.5963435199837,-2647.2740702626575,5.654179699178524
21,374,1,5190.1885612202568,1513.1222338418445,-2648.687115187452,5197.8938289875568,1514.8162153455103,-2644.132237775982,0.84582603122281486,0.18595248023581026,0.50000000000001221,5194.0411951039068,1513.9692245936774,-2646.4096764817168,9.1097548229397542
21,374,2,5197.8946748135877,1514.8164012979905,-2644.1327377759822,5205.5999425808877,1516.5103828016565,-2648.6876151874521,0.84582603122281108,0.18595248023583438,-0.50000000000000999,5201.7473086972377,1515.6633920498234,-2646.4101764817169,9.1097548229397951
21,374,3,5205.6007884069186,1516.5105687541368,-2648.687115187452,5210.7834606466895,1517.6499647075118,-2645.6234401239885,0.84582603122280953,0.18595248023577854,0.5000000000000332,5208.192124526804,1517.0802667308244,-2647.1552776557201,6.127350126926606
21,374,4,5210.7826148206586,1517.6501506599921,-2645.6229401239884,5208.2608651191613,1518.2045502578023,-2644.132237775982,-0.84582603122280164,0.18595248023582858,0.50000000000002776,5209.5217399699104,1517.9273504588973,-2644.8775889499852,2.9814046960125942
21,375,0,5185.4052630194492,1512.070639150603,-2645.8605253378628,5184.0001220703089,1510.0719707441283,-2647.7467740909824,-0.45524072330158682,-0.64753308311187696,-0.61111111111112604,5184.702692544879,1511.0713049473657,-2646.8036497144226,3.0865888687411154
21,375,1,5184.0005773110324,1510.0713232110452,-2647.7473852020935,5184.7009916396592,1509.0750559035398,-2648.6876151874526,0.45524072330217691,-0.64753308311139768,-0.61111111111119432,5184.3507844753458,1509.5731895572926,-2648.217500194773,1.5385581578601528
21,375,2,5184.7014468803827,1509.0744083704567,-2648.6870040763415,5187.8809897319352,1504.551835849659,-2644.4188139400426,0.45524072330163506,-0.64753308311185487,0.6111111111111136,5186.291218306159,1506.813122110058,-2646.5529090081918,6.9843111321254883
21,375,3,5187.8814449726588,1504.5524833827421,-2644.4182028289315,5188.0944715977294,1504.8554918357579,-2644.1322377759825,0.45524072330044912,0.64753308311265034,0.61111111111115413,5187.9879582851936,1504.7039876092499,-2644.275220302457,0.46794281391650505
21,375,4,5188.0949268384529,1504.856139368841,-2644.1328488870936,5191.4879515557996,1509.6823678757369,-2648.6876151874521,0.45524072330163401,0.64753308311186664,-0.61111111111110195,5189.7914391971262,1507.2692536222889,-2646.4102320372731,7.4532539460413769
21,376,0,5185.4052630194492,1512.070639150603,-2645.8605253378628,5185.0573254199744,1514.7556495919757,-2648.6876151874521,-0.088885843626031899,0.68592592058567892,-0.72222222222220323,5185.2312942197113,1513.4131443712895,-2647.2740702626575,3.9144320994315192
21,376,1,5185.0572365341304,1514.7563355178963,-2648.6868929652301,5184.60698117434,1518.2309250539197,-2645.028442831323,-0.088885843625811048,0.68592592058566226,0.7222222222222463,5184.8321088542352,1516.493630285908,-2646.8576678982763,5.06554633925579
21,376,2,5184.6068922884961,1518.2302391279991,-2645.0277206091009,5184.4966827925482,1517.3797600541402,-2644.132237775982,-0.088885843624971539,-0.68592592058580459,0.72222222222221444,5184.5517875405221,1517.8049995910696,-2644.5799791925415,1.2398993073953808
21,376,3,5184.4965939067042,1517.3790741282196,-2644.1329599982041,5184.000122070308,1513.5478352319799,-2648.1669318696031,-0.088885843625995054,-0.68592592058572022,-0.72222222222216859,5184.2483579885065,1515.4634546800999,-2646.1499459339038,5.5854995142451696
21,376,4,5184.0002109561519,1513.5471493060593,-2648.1676540918252,5184.0642039754966,1513.0533195924165,-2648.6876151874521,0.088885843626678396,-0.68592592058539403,-0.72222222222239429,5184.0322074658243,1513.3002344492379,-2648.4276346396387,0.7199461324063996
21,377,0,5185.4052630194492,1512.070639150603,-2645.8605253378628,5186.8391934187048,1510.8621210920467,-2648.6876151874521,0.4226756357083043,-0.35623147325034782,-0.83333333333334703,5186.1222282190774,1511.4663801213248,-2647.2740702626575,3.3925078195071716
21,377,1,5186.8396160943403,1510.8617648605734,-2648.6867818541186,5189.1497298706454,1508.9147985242473,-2644.132237775982,0.42267563570825289,-0.35623147325039645,0.83333333333335247,5187.9946729824933,1509.8882816924104,-2646.4095098150501,5.4654528937637785
21,377,2,5189.1501525462809,1508.9144422927741,-2644.1330711093156,5191.460266322586,1506.9674759564477,-2648.6876151874517,0.42267563570827593,-0.35623147325045745,-0.83333333333331472,5190.305209434433,1507.9409591246108,-2646.4103431483836,5.465452893763481
21,377,3,5191.4606889982215,1506.9671197249745,-2648.6867818541182,5193.7708027745266,1505.0201533886486,-2644.1322377759816,0.42267563570825917,-0.35623147325036014,0.83333333333336479,5192.6157458863745,1505.9936365568115,-2646.4095098150501,5.4654528937636977
21,377,4,5193.7712254501621,1505.0197971571754,-2644.1330711093151,5194.3264707274429,1504.5518358496593,-2645.2277743726322,0.42267563570794697,-0.3562314732504383,-0.83333333333348969,5194.0488480888025,1504.7858165034172,-2644.6804227409739,1.3136439159802913
21,378,0,5185.4052630194492,1512.070639150603,-2645.8605253378628,5184.4222626305927,1512.0299889983496,-2648.6876151874521,-0.32839043169322119,-0.013579975347136007,-0.94444444444441034,5184.913762825021,1512.0503140744763,-2647.2740702626575,2.9933892525064851
21,378,1,5184.4219342401611,1512.0299754183743,-2648.6866707430077,5184.0001220703089,1512.0125321608525,-2647.47354721087,-0.32839043169332793,-0.013579975347142883,0.94444444444437325,5184.211028155235,1512.0212537896134,-2648.0801089769388,1.2844837399105129
21,378,2,5184.0004504607405,1512.0125185808772,-2647.4726027664256,5185.1619204738017,1511.9644881493496,-2644.132237775982,0.32839043169317339,-0.013579975347105587,0.94444444444442743,5184.5811854672711,1511.9885033651135,-2645.802420271204,3.5368570487049507
21,378,3,5185.1622488642333,1511.9644745693743,-2644.1331822204265,5186.7458594375794,1511.8989873003495,-2648.6876151874521,0.32839043169336385,-0.013579975347105403,-0.94444444444436115,5185.9540541509068,1511.9317309348619,-2646.4103987039393,4.8223407886157714
21,378,4,5186.746187828011,1511.8989737203742,-2648.6866707430077,5188.329798401357,1511.8334864513495,-2644.132237775982,0.32839043169336385,-0.013579975347105403,0.94444444444436115,5187.5379931146836,1511.8662300858618,-2646.4094542594949,4.8223407886157714
22,379,0,5185.4052630194492,1512.070639150603,-2645.8605253378628,5186.1151744616782,1512.070639150603,-2643.8205774398698,0.32867109906108699,0,0.94444444444444553,5185.7602187405637,1512.070639150603,-2644.8405513888665,2.1599448331690438
22,379,1,5186.1155031327771,1512.070639150603,-2643.8215218843143,5187.8089264394457,1512.070639150603,-2648.6876151874517,0.32867109906107383,0,-0.94444444444444997,5186.9622147861119,1512.070639150603,-2646.2545685358828,5.1523340856748687
22,379,2,5187.8092551105447,1512.070639150603,-2648.6866707430072,5189.5026784172132,1512.070639150603,-2643.8205774398702,0.32867109906110126,0,0.94444444444444042,5188.6559667638794,1512.070639150603,-2646.2536240914387,5.1523340856744388
22,379,3,5189.5030070883122,1512.070639150603,-2643.8215218843147,5191.1964303949817,1512.070639150603,-2648.6876151874526,0.32867109906120395,0,-0.9444444444444049,5190.3497187416469,1512.070639150603,-2646.2545685358837,5.1523340856755961
22,379,4,5191.1967590660806,1512.070639150603,-2648.6866707430081,5192.8901823727492,1512.0706391506033,-2643.8205774398702,0.32867109906104647,4.4130227516764573E-14,0.94444444444445952,5192.0434707194145,1512.0706391506033,-2646.2536240914392,5.1523340856752977
22,380,0,5185.4052630194492,1512.070639150603,-2645.8605253378628,5184.4074935358576,1511.1566005708457,-2643.8205774398698,-0.40759598344531728,-0.37339130926520975,0.83333333333334081,5184.9063782776539,1511.6136198607244,-2644.8405513888665,2.4479374775915637
22,380,1,5184.4070859398744,1511.1562271795365,-2643.8214107732033,5184.0001220703089,1510.7834149383648,-2644.653451744522,-0.40759598344510822,-0.37339130926531922,-0.83333333333339421,5184.2036040050916,1510.9698210589506,-2644.2374312588627,0.99844916558242391
22,380,2,5184.0005296662921,1510.7830415470555,-2644.6542850778555,5185.9732926493889,1508.9758290546697,-2648.6876151874526,0.40759598344527814,-0.37339130926527753,-0.8333333333333296,5184.986911157841,1509.8794353008625,-2646.6709501326541,4.8399961315164761
22,380,3,5185.9737002453721,1508.9754556633604,-2648.6867818541191,5188.3538346940195,1506.7950575384932,-2643.8205774398702,0.40759598344548331,-0.37339130926532532,0.83333333333320803,5187.1637674696958,1507.8852566009268,-2646.2536796469949,5.8394452970994877
22,380,4,5188.3542422900027,1506.7946841471839,-2643.8214107732038,5190.7343767386474,1504.6142860223172,-2648.6876151874521,0.40759598344513198,-0.37339130926535369,-0.83333333333336712,5189.5443095143255,1505.7044850847506,-2646.2545129803279,5.8394452970978268
22,381,0,5185.4052630194492,1512.070639150603,-2645.8605253378628,5185.5760602455894,1514.0167854489855,-2643.8205774398707,0.060468971944706441,0.68901274673282797,0.7222222222222423,5185.4906616325188,1513.0437122997942,-2644.8405513888665,2.8245432433735687
22,381,1,5185.5761207145615,1514.0174744617323,-2643.8212996620928,5185.9835591565306,1518.6600253600968,-2648.6876151874521,0.060468971944841646,0.68901274673284996,-0.72222222222220989,5185.7798399355461,1516.3387499109144,-2646.2544574247722,6.7379753428053943
22,381,2,5185.9836196255028,1518.6607143728436,-2648.6868929652301,5186.0101310212067,1518.9627980528885,-2648.3702492634502,0.060468971944953522,0.6890127467330085,0.72222222222204957,5185.9968753233552,1518.8117562128659,-2648.5285711143401,0.43842974092607467
22,381,3,5186.0101914901788,1518.9621090401417,-2648.3695270412281,5186.3910580674728,1514.6223308345682,-2643.8205774398702,0.060468971944936514,-0.68901274673284063,0.722222222222211,5186.2006247788258,1516.792219937355,-2646.0950522405492,6.298545601880253
22,381,4,5186.391118536445,1514.6216418218214,-2643.8212996620923,5186.7985569784141,1509.9790909234559,-2648.6876151874517,0.060468971944836032,-0.68901274673292101,-0.72222222222214294,5186.5948377574296,1512.3003663726386,-2646.2544574247722,6.7379753428060196
22,382,0,5185.4052630194492,1512.070639150603,-2645.8605253378628,5187.0129124601535,1509.9737451390927,-2643.8205774398702,0.48160663169526513,-0.62817056774705382,0.61111111111113448,5186.2090877398014,1511.0221921448478,-2644.8405513888665,3.3380965603512909
22,382,1,5187.0133940667856,1509.9731169685249,-2643.8211885509813,5190.8485449880664,1504.9708417234008,-2648.6876151874521,0.48160663169523815,-0.62817056774709101,-0.61111111111111738,5188.930969527426,1507.4719793459628,-2646.254401869217,7.963243586952145
22,382,2,5190.8490265946984,1504.970213552833,-2648.6870040763411,5191.1697889588513,1504.5518358496593,-2648.2799884086576,0.48160663169502355,-0.6281705677470939,0.61111111111128358,5191.0094077767753,1504.7610247012462,-2648.4834962424993,0.66602563802732684
22,382,3,5191.1702705654834,1504.552464020227,-2648.2793772975465,5194.6841775159801,1509.1357333916101,-2643.8205774398702,0.48160663169529305,0.62817056774710323,0.61111111111106176,5192.9272240407317,1506.8440987059184,-2646.0499773687084,7.2962179489253458
22,382,4,5194.6846591226122,1509.1363615621779,-2643.8211885509813,5198.5198100438938,1514.138636807302,-2648.6876151874521,0.4816066316953258,0.62817056774705637,-0.61111111111108374,5196.6022345832534,1511.6374991847399,-2646.254401869217,7.9632435869525837
22,383,0,5185.4052630194492,1512.070639150603,-2645.8605253378628,5184.0001220703089,1512.3191887995404,-2645.0366730017936,-0.8527868937321732,0.15084599390913439,0.50000000000019684,5184.702692544879,1512.1949139750718,-2645.4485991698284,1.6477046721377402
22,383,1,5184.0009748572029,1512.3193396455342,-2645.0361730017935,5186.0742627837762,1512.6860750869942,-2643.8205774398707,0.85278689373222227,0.15084599390930636,0.50000000000006095,5185.03761882049,1512.5027073662641,-2644.4283752208321,2.4311911238452688
22,383,2,5186.0751155706703,1512.686225932988,-2643.8210774398708,5194.3753547886536,1514.1544213798493,-2648.6876151874521,0.85278689373232441,0.15084599390919479,-0.49999999999992079,5190.2252351796615,1513.4203236564185,-2646.2543463136617,9.7330754951642078
22,383,3,5194.3762075755476,1514.1545722258431,-2648.687115187452,5202.6764467935309,1515.6227676727044,-2643.8205774398702,0.85278689373230432,0.15084599390919123,0.49999999999995576,5198.5263271845397,1514.8886699492737,-2646.2538463136611,9.7330754951644369
22,383,4,5202.6772995804249,1515.6229185186983,-2643.8210774398704,5210.9775387984091,1517.0911139655595,-2648.6876151874521,0.85278689373232974,0.15084599390917919,-0.49999999999991585,5206.827419189417,1516.3570162421288,-2646.2543463136612,9.7330754951652132
22,384,0,5185.4052630194492,1512.070639150603,-2645.8605253378628,5189.4828561918521,1514.6644701538353,-2643.8205774398702,0.77733881326908505,0.49447932361652042,0.38888888888879153,5187.4440596056502,1513.367554652219,-2644.8405513888665,5.2455803091249704
22,384,1,5189.4836335306654,1514.6649646331589,-2643.8209663287589,5196.2399781755448,1518.9627980528885,-2647.2010463106762,0.7773388132689818,0.49447932361656877,-0.38888888888893636,5192.8618058531047,1516.8138813430237,-2645.5110063197176,8.6916342392149382
22,384,2,5196.2407555143582,1518.9623035735649,-2647.2014351995649,5199.2114379408704,1517.0725985802378,-2648.6876151874521,0.77733881326897258,-0.49447932361654962,-0.38888888888897971,5197.7260967276143,1518.0174510769014,-2647.9445251935085,3.821605683137689
22,384,3,5199.2122152796837,1517.0721041009142,-2648.6872262985635,5208.9400196898914,1510.8840712085328,-2643.8205774398702,0.77733881326903864,-0.49447932361654801,0.3888888888888492,5204.0761174847876,1513.9780876547234,-2646.2539018692169,12.514239922355284
22,384,4,5208.9407970287048,1510.8835767292092,-2643.8209663287589,5212.3270177823551,1508.7295402662157,-2645.5150328078043,0.77733881326896614,-0.49447932361655639,-0.38888888888898365,5210.6339074055304,1509.8065584977126,-2644.6679995682816,4.3561709461157641
22,385,0,5185.4052630194492,1512.070639150603,-2645.8605253378628,5184.0001220703089,1506.8435848584088,-2644.2954241876464,-0.24938767073472301,-0.92770970451880752,0.27777777777773477,5184.702692544879,1509.4571120045059,-2645.0779747627548,5.6343641407798346
22,385,1,5184.0003714579798,1506.8426571487043,-2644.2951464098687,5184.4264373980914,1505.2577130885513,-2643.8205774398698,0.24938767073474469,-0.92770970451877199,0.2777777777778333,5184.2134044280356,1506.0501851186277,-2644.057861924869,1.708448291995796
22,385,2,5184.4266867857623,1505.2567853788469,-2643.8208552176475,5184.6161918865637,1504.551835849659,-2644.0319334382475,0.24938767073416374,-0.92770970451896484,-0.2777777777777104,5184.521439336163,1504.9043106142531,-2643.9263943279475,0.75988159416029033
22,385,3,5184.6164412742346,1504.5527635593635,-2644.0322112160252,5188.4901583648734,1518.9627980528883,-2648.3469093805638,0.24938767073464627,0.92770970451882329,-0.2777777777777507,5186.553299819554,1511.757780806126,-2646.1895602982945,15.532913392340621
22,385,4,5188.4904077525443,1518.9618703431838,-2648.3471871583415,5188.7960425441825,1517.8249241525186,-2648.6876151874526,0.24938767073513593,-0.92770970451853041,-0.27777777777828944,5188.6432251483639,1518.3933972478512,-2648.5174011728968,1.2255409047976336
22,386,0,5185.4052630194492,1512.070639150603,-2645.8605253378628,5184.0001220703089,1514.7761525433707,-2645.3452106266595,-0.45446045513258143,0.87503595180023086,0.16666666666658586,5184.702692544879,1513.4233958469868,-2645.6028679822612,3.0918882672209729
22,386,1,5184.0005765307642,1514.7770275793225,-2645.3450439599928,5186.1745068139535,1518.9627980528885,-2644.5477871034877,0.45446045513267996,0.8750359518001577,0.16666666666670146,5185.0875416723593,1516.8699128161056,-2644.9464155317401,4.7835411390296052
22,386,2,5186.1749612744088,1518.9619230169367,-2644.547620436821,5188.1574350221799,1515.1447904519177,-2643.8205774398702,0.45446045513256628,-0.87503595180022209,0.16666666666667382,5187.1661981482939,1517.0533567344273,-2644.1840989383454,4.3622579817045279
22,386,3,5188.1578894826353,1515.1439154159659,-2643.8207441065369,5193.6590135114275,1504.5518358496593,-2645.8382001787741,0.45446045513265099,-0.87503595180016891,-0.16666666666672195,5190.9084514970309,1509.8478756328127,-2644.8294721426555,12.104736433418644
22,388,0,5185.4052630194492,1512.070639150603,-2645.8605253378628,5184.0001220703089,1511.4906173931606,-2645.9451085690075,-0.92291799458142065,-0.38096713181680819,-0.05555555555552906,5184.702692544879,1511.7806282718818,-2645.9028169534349,1.5224981606059358
22,389,0,5185.4052630194492,1512.070639150603,-2645.8605253378628,5188.6305069309165,1518.9627980528885,-2647.1467607375889,0.41791778707508159,0.89306603645446725,-0.16666666666665755,5187.0178849751828,1515.5167186017457,-2646.5036430377259,7.7174123983572498
22,389,1,5188.6309248487032,1518.961904986852,-2647.1469274042556,5192.4942098222664,1510.7062893951343,-2648.6876151874521,0.41791778707517357,-0.89306603645442029,-0.16666666666667929,5190.5625673354843,1514.8340971909931,-2647.9172712958539,9.2441266991784055
22,389,2,5192.4946277400531,1510.7053963290978,-2648.6874485207854,5195.3742382875671,1504.5518358496593,-2647.5390525776243,0.41791778707523847,-0.89306603645440674,0.16666666666658869,5193.9344330138101,1507.6286160893785,-2648.1132505492051,6.8903756589702825
22,390,0,5185.4052630194492,1512.070639150603,-2645.8605253378628,5187.7636167449909,1504.551835849659,-2648.1390831493059,0.28750565546546336,-0.91661333409907464,-0.27777777777776275,5186.5844398822201,1508.311237500131,-2646.9998042435845,8.2028081211955293
22,390,1,5187.7639042506462,1504.5527524629931,-2648.1393609270835,5188.3313585724063,1506.3618862589026,-2648.6876151874521,0.28750565546535828,0.91661333409909018,-0.27777777777782103,5188.0476314115258,1505.4573193609478,-2648.4134880572678,1.9737153373266318
22,390,2,5188.3316460780616,1506.3628028722367,-2648.6873374096745,5192.2837704237509,1518.9627980528885,-2644.8689348934904,0.28750565546556733,0.91661333409904988,0.27777777777773721,5190.3077082509062,1512.6628004625627,-2646.7781361515827,13.74624905826459
22,390,3,5192.2840579294061,1518.9618814395544,-2644.8686571157127,5193.3688417324656,1515.5034197376831,-2643.8205774398702,0.2875056554655484,-0.91661333409904,0.27777777777778973,5192.8264498309363,1517.2326505886188,-2644.3446172777913,3.7730868330327412
22,390,4,5193.3691292381209,1515.502503124349,-2643.8208552176479,5196.8039241025117,1504.5518358496593,-2647.1394323183581,0.28750565546561363,-0.91661333409903656,-0.27777777777773327,5195.0865266703167,1510.0271694870041,-2645.480143768003,11.946877562558534
22,391,0,5185.4052630194492,1512.070639150603,-2645.8605253378628,5184.0001220703089,1512.8849470521386,-2646.5460600431111,-0.79710581865568653,0.46193911499656393,-0.3888888888891518,5184.702692544879,1512.4777931013709,-2646.2032926904867,1.7628035277801541
22,391,1,5184.0009191761274,1512.8854089912536,-2646.5464489319997,5188.3896690985221,1515.4287792786649,-2648.6876151874521,0.79710581865589414,0.46193911499652718,-0.38888888888876977,5186.1952941373247,1514.1570941349592,-2647.6170320597257,5.5058560854506897
22,391,2,5188.3904662043406,1515.4292412177799,-2648.6872262985635,5194.4878470547092,1518.9627980528885,-2645.7124598264909,0.79710581865587449,0.46193911499656676,0.38888888888876283,5191.4391566295253,1517.1960196353343,-2647.1998430625272,7.6493994996177062
22,391,3,5194.4886441605277,1518.9623361137735,-2645.7120709376022,5198.3656396625065,1516.7155379734083,-2643.8205774398702,0.79710581865577812,-0.46193911499663853,0.38888888888887546,5196.4271419115175,1517.8389370435909,-2644.7663241887362,4.863840422739524
22,391,4,5198.366436768325,1516.7150760342934,-2643.8209663287589,5208.341610226491,1510.9342591197048,-2648.6876151874521,0.79710581865584496,-0.46193911499658774,-0.38888888888879897,5203.354023497408,1513.8246675769992,-2646.2542907581055,12.5142399223569
22,392,0,5185.4052630194492,1512.070639150603,-2645.8605253378628,5190.1877153942251,1513.122047889364,-2648.6876151874521,0.84582603122277311,0.18595248023579616,-0.50000000000008848,5187.7964892068376,1512.5963435199835,-2647.2740702626575,5.6541796991777122
22,392,1,5190.1885612202559,1513.1222338418443,-2648.687115187452,5198.4210498379216,1514.932123370492,-2643.8205774398702,0.84582603122280864,0.18595248023579233,0.50000000000002942,5194.3048055290892,1514.027178606168,-2646.2538463136611,9.7330754951630016
22,392,2,5198.4218956639525,1514.9323093229723,-2643.8210774398704,5206.6543842816191,1516.7421988516201,-2648.6876151874521,0.84582603122283528,0.18595248023577765,-0.49999999999998995,5202.5381399727858,1515.8372540872961,-2646.2543463136612,9.7330754951637708
22,392,3,5206.6552301076499,1516.7423848041003,-2648.687115187452,5212.3270177823551,1517.989311413769,-2645.3343053510689,0.84582603122281408,0.18595248023577984,0.50000000000002498,5209.491123945003,1517.3658481089346,-2647.0107102692605,6.7056196727659261
22,392,4,5212.3261719563243,1517.9894973662492,-2645.3338053510688,5209.7663168393947,1518.5522743327479,-2643.8205774398702,-0.84582603122285815,0.18595248023572655,0.4999999999999703,5211.0462443978595,1518.2708858494984,-2644.5771913954695,3.0264558223972906
22,393,0,5185.4052630194492,1512.070639150603,-2645.8605253378628,5184.0001220703089,1510.0719707441281,-2647.7467740909819,-0.45524072330160614,-0.6475330831119781,-0.61111111111100469,5184.702692544879,1511.0713049473657,-2646.8036497144221,3.0865888687409844
22,393,1,5184.0005773110324,1510.071323211045,-2647.747385202093,5184.7009916396592,1509.0750559035391,-2648.6876151874521,0.45524072330208981,-0.64753308311156943,-0.61111111111107741,5184.3507844753458,1509.5731895572922,-2648.2175001947726,1.5385581578604473
22,393,2,5184.7014468803827,1509.074408370456,-2648.6870040763411,5187.8809897319352,1504.5518358496593,-2644.4188139400435,0.45524072330172777,-0.64753308311185642,0.61111111111104266,5186.291218306159,1506.8131221100575,-2646.5529090081923,6.9843111321240663
22,393,3,5187.8814449726588,1504.5524833827424,-2644.4182028289324,5188.3266396507352,1505.1857270002929,-2643.8205774398702,0.45524072330157267,0.64753308311186686,0.61111111111114724,5188.1040423116974,1504.8691051915175,-2644.1193901344013,0.9779324548289301
22,393,4,5188.3270948914587,1505.186374533376,-2643.8211885509813,5191.9522876618103,1510.3428382048062,-2648.6876151874521,0.4552407233016541,0.6475330831118663,-0.61111111111108718,5190.139691276634,1507.7646063690911,-2646.254401869217,7.9632435869525384
22,394,0,5185.4052630194492,1512.070639150603,-2645.8605253378628,5185.0573254199753,1514.755649591976,-2648.6876151874521,-0.08888584362579785,0.68592592058572388,-0.72222222222218935,5185.2312942197123,1513.4131443712895,-2647.2740702626575,3.9144320994315942
22,394,1,5185.0572365341313,1514.7563355178966,-2648.6868929652301,5184.512141269639,1518.9627980528885,-2644.2578422054589,-0.088885843625971697,0.68592592058563506,0.72222222222225207,5184.7846889018856,1516.8595667853924,-2646.4723675853447,6.1325318212213293
22,394,2,5184.512052383795,1518.9621121269679,-2644.2571199832369,5184.4583259114543,1518.5475086479828,-2643.8205774398702,-0.088885843626639774,-0.68592592058578317,0.72222222222202925,5184.4851891476246,1518.7548103874753,-2644.0388487115533,0.60444352158470294
22,394,3,5184.4582370256103,1518.5468227220622,-2643.8212996620923,5184.0001220703089,1515.01158122993,-2647.5436111973677,-0.088885843625818042,-0.68592592058560553,-0.72222222222229926,5184.2291795479596,1516.7792019759961,-2645.68245542973,5.1539698180730351
22,394,4,5184.0002109561528,1515.0108953040094,-2647.5443334195897,5184.1409177376836,1513.9250707821652,-2648.6876151874521,0.088885843626183361,-0.68592592058559509,-0.72222222222226418,5184.0705643469182,1514.4679830430873,-2648.1159743035209,1.5830055247324488
22,395,0,5185.4052630194492,1512.070639150603,-2645.8605253378628,5186.8391934187048,1510.8621210920467,-2648.6876151874521,0.4226756357083043,-0.35623147325034782,-0.83333333333334703,5186.1222282190774,1511.4663801213248,-2647.2740702626575,3.3925078195071716
22,395,1,5186.8396160943403,1510.8617648605734,-2648.6867818541186,5189.3078073474762,1508.7815706594233,-2643.8205774398702,0.42267563570847166,-0.35623147325032922,0.83333333333327031,5188.0737117209082,1509.8216677599985,-2646.2536796469944,5.8394452970985053
22,395,2,5189.3082300231117,1508.7812144279501,-2643.8214107732038,5191.7764212762468,1506.7010202268,-2648.6876151874526,0.42267563570831629,-0.35623147325032956,-0.83333333333334891,5190.5423256496797,1507.7411173273749,-2646.2545129803284,5.8394452970985
22,395,3,5191.7768439518823,1506.7006639953267,-2648.6867818541191,5194.2450352050173,1504.620469794176,-2643.8205774398702,0.42267563570829864,-0.35623147325043147,0.83333333333331427,5193.0109395784493,1505.6605668947514,-2646.2536796469949,5.8394452970987425
22,395,4,5194.2454578806528,1504.6201135627027,-2643.8214107732038,5194.3264707274466,1504.5518358496593,-2643.981133028185,0.42267563571092159,-0.35623147325014032,-0.83333333333210835,5194.2859643040501,1504.5859747061809,-2643.9012719006942,0.19166670597779537
22,396,0,5185.4052630194492,1512.070639150603,-2645.8605253378628,5184.4222626305937,1512.0299889983494,-2648.6876151874521,-0.32839043169294979,-0.013579975347213308,-0.94444444444450371,5184.913762825021,1512.0503140744763,-2647.2740702626575,2.9933892525061894
22,396,1,5184.421934240162,1512.0299754183741,-2648.6866707430077,5184.000122070308,1512.0125321608523,-2647.4735472108655,-0.32839043169349325,-0.013579975347091161,0.94444444444431641,5184.211028155235,1512.0212537896132,-2648.0801089769366,1.2844837399154052
22,396,2,5184.0004504607396,1512.012518580877,-2647.472602766421,5185.2702871150777,1511.9600068485104,-2643.8205774398702,0.32839043169346277,-0.013579975347168141,0.94444444444432596,5184.6353687879091,1511.9862627146936,-2645.6465901031456,3.8668503457601093
22,396,3,5185.2706155055093,1511.9599932685351,-2643.8215218843147,5186.9625927201314,1511.8900246986714,-2648.6876151874521,0.32839043169313764,-0.013579975347141829,-0.94444444444443931,5186.1166041128199,1511.9250089836032,-2646.2545685358837,5.1523340856749265
22,396,4,5186.962921110563,1511.8900111186961,-2648.6866707430077,5188.654898325186,1511.8200425488321,-2643.8205774398702,0.3283904316932949,-0.013579975347185162,0.94444444444438402,5187.8089097178745,1511.855026833764,-2646.2536240914387,5.1523340856752284
23,397,0,5185.4052630194492,1512.070639150603,-2645.8605253378628,5186.0300630254787,1512.070639150603,-2644.0651472341333,0.32867109906132463,0,0.94444444444436282,5185.717663022464,1512.070639150603,-2644.962836285998,1.9009885804196249
23,397,1,5186.0303916965777,1512.070639150603,-2644.0660916785778,5187.6387035670459,1512.070639150603,-2648.6876151874521,0.32867109906097081,0,-0.94444444444448572,5186.8345476318118,1512.070639150603,-2646.3768534330147,4.8933778329255802
23,397,2,5187.6390322381449,1512.070639150603,-2648.6866707430077,5189.2473441086131,1512.0706391506033,-2644.0651472341333,0.32867109906097081,4.6465587413529699E-14,0.94444444444448572,5188.443188173379,1512.0706391506033,-2646.3759089885707,4.8933778329255802
23,397,3,5189.247672779712,1512.0706391506033,-2644.0660916785778,5190.8559846501821,1512.0706391506033,-2648.6876151874521,0.32867109906130237,0,-0.94444444444437037,5190.0518287149471,1512.0706391506033,-2646.3768534330147,4.8933778329261779
23,397,4,5190.856313321281,1512.0706391506033,-2648.6866707430077,5192.4646251917502,1512.070639150603,-2644.0651472341333,0.32867109906113662,-4.6465587413526865E-14,0.9444444444444281,5191.6604692565161,1512.0706391506033,-2646.3759089885707,4.8933778329258786
23,398,0,5185.4052630194492,1512.070639150603,-2645.8605253378628,5184.5271163348343,1511.2661848536693,-2644.0651472341328,-0.40759598344517167,-0.37339130926537473,0.83333333333333826,5184.9661896771413,1511.6684120021362,-2644.9628362859976,2.1544537244759212
23,398,1,5184.5267087388511,1511.26581146236,-2644.0659805674663,5184.0001220703089,1510.7834149383636,-2645.1425913330499,-0.40759598344478648,-0.37339130926533848,-0.83333333333354298,5184.26341540458,1511.0246132003617,-2644.6042859502581,1.2919329187000064
23,398,2,5184.0005296662921,1510.7830415470544,-2645.1434246663835,5185.7340470514346,1509.1949976203173,-2648.6876151874521,0.40759598344518538,-0.37339130926533087,-0.83333333333335102,5184.8672883588633,1509.9890195836858,-2646.915519926918,4.2530286252823322
23,398,3,5185.7344546474178,1509.194624229008,-2648.6867818541186,5187.9949662970876,1507.1238103869653,-2644.0651472341333,0.40759598344535153,-0.37339130926530484,0.83333333333328152,5186.8647104722531,1508.1592173079866,-2646.375964544126,5.5459615439827568
23,398,4,5187.9953738930708,1507.123436995656,-2644.0659805674668,5190.2558855427405,1505.0526231536132,-2648.6876151874521,0.40759598344535153,-0.37339130926530484,-0.83333333333328152,5189.1256297179061,1506.0880300746346,-2646.3767978774595,5.5459615439827568
23,399,0,5185.4052630194492,1512.070639150603,-2645.8605253378628,5185.5555833292428,1513.7834615487679,-2644.0651472341333,0.060468971944561377,0.68901274673285295,0.72222222222223087,5185.4804231743456,1512.9270503496855,-2644.962836285998,2.4859081436254189
23,399,1,5185.555643798215,1513.7841505615147,-2644.0658694563554,5185.9426053238385,1518.1933775596615,-2648.6876151874521,0.060468971944935536,0.6890127467328363,-0.72222222222221522,5185.7491245610272,1515.988764060588,-2646.3767423219037,6.399340243057142
23,399,2,5185.9426657928107,1518.1940665724082,-2648.6868929652301,5185.9769549070143,1518.5847733431779,-2648.2773546605176,0.060468971945210025,0.68901274673316482,0.72222222222187904,5185.959810349912,1518.3894199577931,-2648.4821238128739,0.56705303729441914
23,399,3,5185.9770153759864,1518.5840843304311,-2648.2766324382956,5186.3296273184342,1514.5662531158002,-2644.0651472341337,0.060468971944872781,-0.68901274673286983,0.72222222222218868,5186.1533213472103,1516.5751687231157,-2646.1708898362149,5.8312872057627878
23,399,4,5186.3296877874063,1514.5655641030535,-2644.0658694563558,5186.716649313028,1510.1563371049069,-2648.6876151874526,0.060468971944653817,-0.68901274673282964,-0.72222222222224541,5186.5231685502167,1512.3609506039802,-2646.3767423219042,6.3993402430568747
23,400,0,5185.4052630194492,1512.070639150603,-2645.8605253378628,5186.8201710213407,1510.2251422152096,-2644.0651472341328,0.48160663169493179,-0.62817056774712465,0.61111111111132455,5186.1127170203945,1511.1478906829063,-2644.9628362859976,2.9378914424661571
23,400,1,5186.8206526279728,1510.2245140446419,-2644.0657583452439,5190.4630621104416,1505.4736358756345,-2648.6876151874521,0.48160663169519047,-0.62817056774710234,-0.61111111111114347,5188.6418573692072,1507.8490749601383,-2646.376686766348,7.5630384690675916
23,400,2,5190.4635437170737,1505.4730077050667,-2648.6870040763411,5191.1697889588495,1504.5518358496593,-2647.7908488201319,0.48160663169501811,-0.62817056774713831,0.61111111111124228,5190.8166663379616,1505.012421777363,-2648.2389264482363,1.4664358737964152
23,400,3,5191.1702705654816,1504.552464020227,-2647.7902377090209,5194.1059531995425,1508.3815421632582,-2644.0651472341333,0.4816066316952492,0.62817056774704683,0.61111111111115413,5192.638111882512,1506.4670030917428,-2645.9276924715768,6.0956025952701323
23,400,4,5194.1064348061745,1508.382170333826,-2644.0657583452444,5197.7488442886452,1513.1330485028327,-2648.6876151874521,0.48160663169542017,0.62817056774699809,-0.61111111111106964,5195.9276395474099,1510.7576094183294,-2646.376686766348,7.5630384690677621
23,401,0,5185.4052630194492,1512.070639150603,-2645.8605253378628,5184.0001220703089,1512.3191887995406,-2645.036673001794,-0.8527868937322729,0.15084599390929004,0.49999999999997941,5184.702692544879,1512.1949139750718,-2645.4485991698284,1.647704672137547
23,401,1,5184.0009748572029,1512.3193396455345,-2645.0361730017939,5185.6571309534766,1512.6122903396029,-2644.0651472341333,0.85278689373214056,0.15084599390924827,0.50000000000021794,5184.8290529053393,1512.4658149925685,-2644.5506601179636,1.9420515353204513
23,401,2,5185.6579837403706,1512.6124411855967,-2644.0656472341334,5193.5410911280496,1514.0068518850655,-2648.6876151874521,0.85278689373221184,0.15084599390914749,-0.50000000000012657,5189.5995374342101,1513.309646535331,-2646.3766312107928,9.2439359066351496
23,401,3,5193.5419439149437,1514.0070027310594,-2648.687115187452,5201.4250513026218,1515.4014134305285,-2644.0651472341333,0.85278689373218186,0.15084599390918416,0.50000000000016664,5197.4834976087823,1514.7042080807939,-2646.3761312107927,9.2439359066344089
23,401,4,5201.4259040895158,1515.4015642765223,-2644.0656472341334,5209.3090114771949,1516.7959749759914,-2648.6876151874521,0.85278689373220873,0.15084599390917153,-0.50000000000012468,5205.3674577833553,1516.0987696262569,-2646.3766312107928,9.2439359066351834
23,402,0,5185.4052630194492,1512.070639150603,-2645.8605253378628,5188.9939926653633,1514.3534951944066,-2644.0651472341333,0.77733881326900689,0.49447932361654645,0.38888888888891454,5187.1996278424067,1513.2120671725047,-2644.962836285998,4.6166865524469562
23,402,1,5188.9947700041766,1514.3539896737302,-2644.065536123022,5195.6457100935468,1518.5847733431779,-2647.3928840661206,0.77733881326900689,0.49447932361660896,-0.38888888888883549,5192.3202400488617,1516.469381508454,-2645.7292100945715,8.5560375679690797
23,402,2,5195.6464874323601,1518.5842788638543,-2647.3932729550093,5198.2337108878974,1516.9384990796711,-2648.6876151874521,0.77733881326900478,-0.49447932361658298,-0.38888888888887274,5196.9400991601287,1517.7613889717627,-2648.0404440712309,3.3283085977104179
23,402,3,5198.2344882267107,1516.9380046003475,-2648.6872262985635,5207.4734291104305,1511.0609466673939,-2644.0651472341333,0.77733881326900678,-0.49447932361658808,0.38888888888886225,5202.8539586685711,1513.9994756338706,-2646.3761867663484,11.885346165678424
23,402,4,5207.4742064492439,1511.0604521880703,-2644.065536123022,5210.9246998769604,1508.8655307109025,-2645.7917570865425,0.77733881326905208,-0.49447932361647273,-0.3888888888889182,5209.1994531631026,1509.9629914494863,-2644.9286466047824,4.4388539061952832
23,403,0,5185.4052630194492,1512.070639150603,-2645.8605253378628,5184.0001220703089,1506.8435848584072,-2644.2954241876455,-0.24938767073464641,-0.92770970451880497,0.27777777777781082,5184.702692544879,1509.4571120045052,-2645.0779747627539,5.6343641407815657
23,403,1,5184.0003714579798,1506.8426571487028,-2644.2951464098678,5184.2068637093262,1506.0745162662049,-2644.0651472341337,0.2493876707344532,-0.92770970451911039,0.27777777777696472,5184.1036175836525,1506.4585867074538,-2644.180146822001,0.8279970326450572
23,403,2,5184.2071130969971,1506.0735885565005,-2644.0654250119114,5184.6161918865637,1504.5518358496593,-2644.521073026775,0.24938767073493689,-0.92770970451875034,-0.27777777777773305,5184.4116524917808,1505.3127122030799,-2644.2932490193434,1.6403328535089625
23,403,3,5184.6164412742346,1504.5527635593637,-2644.5213508045526,5188.3568951666557,1518.4670655979523,-2648.6876151874521,0.24938767073480445,0.92770970451879586,-0.27777777777770046,5186.4866682204447,1511.509914578658,-2646.6044829960024,14.998551778442369
23,403,4,5188.3571445543266,1518.4679933076568,-2648.6873374096745,5188.3885374576294,1518.5847733431779,-2648.652370761597,0.24938767073505638,0.92770970451850654,0.27777777777843959,5188.3728410059775,1518.5263833254173,-2648.669854085636,0.12587993307849524
23,404,0,5185.4052630194492,1512.070639150603,-2645.8605253378628,5184.0001220703089,1514.7761525433705,-2645.34521062666,-0.45446045513262184,0.87503595180023519,0.16666666666645361,5184.702692544879,1513.4233958469868,-2645.6028679822612,3.091888267220698
23,404,1,5184.0005765307642,1514.7770275793223,-2645.3450439599933,5185.9781751303544,1518.5847733431779,-2644.6197888517086,0.45446045513263583,0.87503595180018978,0.16666666666665325,5184.9893758305589,1516.6809004612501,-2644.9824164058509,4.3515306497087147
23,404,2,5185.9786295908098,1518.583898307226,-2644.6196221850419,5187.4905512221085,1515.6727852087192,-2644.0651472341333,0.45446045513285444,-0.87503595180008764,0.1666666666665936,5186.7345904064587,1517.1283417579725,-2644.3423847095873,3.3268497054528812
23,404,3,5187.4910056825638,1515.6719101727674,-2644.0653139008,5193.2663501442294,1504.5518358496593,-2646.1833362708585,0.45446045513256234,-0.87503595180022087,-0.16666666666669103,5190.378677913397,1510.1118730112134,-2645.1243250858292,12.708134220349127
23,404,4,5193.2668046046847,1504.5527108856111,-2646.1835029375252,5200.0949245615138,1517.6998403617872,-2648.6876151874521,0.45446045513258426,0.87503595180021343,-0.1666666666666701,5196.6808645830988,1511.1262756236993,-2647.4355590624887,15.024673499561379
23,406,0,5185.4052630194492,1512.070639150603,-2645.8605253378628,5184.0001220703089,1511.4906173931606,-2645.9451085690075,-0.92291799458142065,-0.38096713181680819,-0.05555555555552906,5184.702692544879,1511.7806282718818,-2645.9028169534349,1.5224981606059358
23,407,0,5185.4052630194492,1512.070639150603,-2645.8605253378628,5188.4536070783943,1518.5847733431776,-2647.0762126306026,0.41791778707517546,0.89306603645443772,-0.16666666666658128,5186.9294350489217,1515.3277062468903,-2646.4683689842327,7.2941237564428851
23,407,1,5188.454024996181,1518.5838802771411,-2647.0763792972693,5192.4942098222682,1509.9502399757091,-2648.6876151874521,0.41791778707512234,-0.89306603645444582,-0.16666666666667024,5190.4741174092251,1514.2670601264251,-2647.8819972423607,9.6674153410965769
23,407,2,5192.494627740055,1509.9493469096726,-2648.6874485207854,5195.02043858252,1504.551835849659,-2647.6801487915955,0.41791778707504679,-0.89306603645446736,0.16666666666674518,5193.7575331612879,1507.2505913796658,-2648.1837986561904,6.0437983751370385
23,407,3,5195.0208565003068,1504.5527289156955,-2647.6799821249288,5201.5872700866457,1518.5847733431779,-2645.0612798388902,0.41791778707507432,0.89306603645447324,0.16666666666664373,5198.3040632934762,1511.5687511294368,-2646.3706309819095,15.712213716233579
23,407,4,5201.5876880044325,1518.5838802771414,-2645.0611131722235,5204.0850792895262,1513.2471001604972,-2644.0651472341333,0.41791778707513938,-0.89306603645444493,0.16666666666663252,5202.8363836469798,1515.9154902188193,-2644.5631302031784,5.9757956285423885
23,408,0,5185.4052630194492,1512.070639150603,-2645.8605253378628,5187.7636167449928,1504.551835849659,-2648.1390831493059,0.28750565546566681,-0.91661333409901624,-0.27777777777774504,5186.584439882221,1508.311237500131,-2646.9998042435845,8.2028081211960515
23,408,1,5187.763904250648,1504.5527524629931,-2648.1393609270835,5188.331358572409,1506.3618862589037,-2648.6876151874521,0.28750565546562917,0.91661333409906065,-0.27777777777763757,5188.0476314115285,1505.4573193609485,-2648.4134880572678,1.9737153373279357
23,408,2,5188.3316460780643,1506.3628028722378,-2648.6873374096745,5192.1651988975673,1518.5847733431779,-2644.983494501017,0.28750565546563878,0.9166133340990128,0.27777777777778628,5190.2484224878153,1512.4737881077078,-2646.8354159553455,13.333834471166258
23,408,3,5192.1654864032225,1518.5838567298438,-2644.9832167232394,5193.1157070160443,1515.554403682605,-2644.0651472341333,0.2875056554654653,-0.91661333409906631,0.27777777777778861,5192.6405967096334,1517.0691302062244,-2644.5241819786861,3.3050501607817364
23,408,4,5193.1159945216996,1515.5534870692709,-2644.065425011911,5196.5667810501409,1504.5518358496593,-2647.3994526918309,0.28750565546562035,-0.91661333409902268,-0.27777777777777196,5194.8413877859202,1510.0526614594651,-2645.7324388518709,12.002499647711989
23,409,0,5185.4052630194492,1512.070639150603,-2645.8605253378628,5184.0001220703089,1512.8849470521388,-2646.5460600431102,-0.79710581865579899,0.46193911499675805,-0.38888888888869072,5184.702692544879,1512.4777931013709,-2646.2032926904867,1.7628035277799055
23,409,1,5184.0009191761274,1512.8854089912538,-2646.5464489319988,5188.3896690985221,1515.4287792786658,-2648.6876151874521,0.79710581865579733,0.46193911499659496,-0.38888888888888767,5186.1952941373247,1514.1570941349598,-2647.6170320597257,5.5058560854513585
23,409,2,5188.3904662043406,1515.4292412177808,-2648.6872262985635,5193.8355409695032,1518.5847733431779,-2646.0307043841813,0.79710581865583308,0.4619391149965687,0.38888888888884565,5191.1130035869219,1517.0070072804792,-2647.3589653413724,6.831056351269301
23,409,3,5193.8363380753217,1518.5843114040629,-2646.0303154952926,5197.864344789743,1516.2499991793727,-2644.0651472341333,0.79710581865585517,-0.46193911499657425,0.38888888888879358,5195.8503414325323,1517.4171552917178,-2645.0477313647129,5.0532898144108822
23,409,4,5197.8651418955615,1516.2495372402577,-2644.065536123022,5207.339020480963,1510.7592309510555,-2648.6876151874521,0.79710581865581587,-0.46193911499660689,-0.38888888888883572,5202.6020811882627,1513.5043840956566,-2646.376575655237,11.885346165679234
23,410,0,5185.4052630194492,1512.070639150603,-2645.8605253378628,5190.1877153942269,1513.1220478893642,-2648.6876151874521,0.84582603122285838,0.18595248023578437,-0.49999999999994865,5187.7964892068376,1512.5963435199837,-2647.2740702626575,5.6541796991792932
23,410,1,5190.1885612202577,1513.1222338418445,-2648.687115187452,5198.0073228410474,1514.8411666508246,-2644.0651472341333,0.84582603122283428,0.18595248023580044,0.49999999999998329,5194.0979420306521,1513.9817002463346,-2646.3761312107927,9.2439359066377982
23,410,2,5198.0081686670783,1514.8413526033048,-2644.0656472341334,5205.8269302878671,1516.5602854122847,-2648.6876151874521,0.84582603122281008,0.18595248023579217,-0.5000000000000272,5201.9175494774727,1515.7008190077947,-2646.3766312107928,9.2439359066369864
23,410,3,5205.8277761138979,1516.5604713647649,-2648.687115187452,5210.9246998769595,1517.6810157560788,-2645.6741293162959,0.84582603122285449,0.18595248023578645,0.49999999999995415,5208.3762379954287,1517.1207435604219,-2647.180622251874,6.0259717423128745
23,410,4,5210.9238540509286,1517.681201708559,-2645.6736293162958,5208.2028620192314,1518.2794041737448,-2644.0651472341333,-0.84582603122285416,0.18595248023573865,0.49999999999997258,5209.5633580350805,1517.9803029411519,-2644.8693882752145,3.2169641643251397
23,411,0,5185.4052630194492,1512.070639150603,-2645.8605253378628,5184.0001220703089,1510.071970744129,-2647.7467740909819,-0.45524072330169291,-0.64753308311180691,-0.61111111111112115,5184.702692544879,1511.0713049473661,-2646.8036497144221,3.086588868740396
23,411,1,5184.0005773110324,1510.0713232110459,-2647.747385202093,5184.7009916396592,1509.0750559035398,-2648.6876151874521,0.45524072330204629,-0.64753308311165525,-0.61111111111101901,5184.3507844753458,1509.5731895572928,-2648.2175001947726,1.5385581578605942
23,411,2,5184.7014468803827,1509.0744083704567,-2648.6870040763411,5187.8809897319352,1504.551835849659,-2644.4188139400421,0.45524072330163506,-0.64753308311185487,0.6111111111111136,5186.291218306159,1506.813122110058,-2646.5529090081918,6.9843111321254883
23,411,3,5187.8814449726588,1504.5524833827421,-2644.418202828931,5188.1444499833997,1504.92658094643,-2644.0651472341333,0.45524072330223203,0.64753308311161251,0.61111111111092575,5188.0129474780297,1504.7395321645861,-2644.2416750315324,0.577727336941951
23,411,4,5188.1449052241232,1504.9272284795131,-2644.0657583452444,5191.5879083271384,1509.8245460970809,-2648.6876151874521,0.45524072330155441,0.64753308311182833,-0.61111111111120175,5189.8664067756308,1507.375887288297,-2646.376686766348,7.5630384690661261
23,412,0,5185.4052630194492,1512.070639150603,-2645.8605253378628,5185.0573254199753,1514.7556495919757,-2648.6876151874526,-0.088885843625793923,0.68592592058563551,-0.72222222222227372,5185.2312942197123,1513.4131443712895,-2647.2740702626579,3.914432099431767
23,412,1,5185.0572365341313,1514.7563355178963,-2648.6868929652305,5184.5611276750606,1518.5847733431779,-2644.6558703856294,-0.088885843625736635,0.68592592058567481,0.72222222222224342,5184.8091821045964,1516.6705544305371,-2646.67138167543,5.5814158794474933
23,412,2,5184.5610387892166,1518.5840874172573,-2644.6551481634074,5184.4884257779786,1518.0237378210986,-2644.0651472341333,-0.088885843625798489,-0.68592592058593271,0.72222222222199106,5184.5247322835976,1518.3039126191779,-2644.3601476987706,0.81692436361053067
23,412,3,5184.4883368921346,1518.023051895178,-2644.0658694563554,5184.0001220703089,1514.2555318104919,-2648.0327507859097,-0.088885843625785041,-0.68592592058570656,-0.72222222222220744,5184.2442294812217,1516.139291852835,-2646.0493101211323,5.4926049178445639
23,412,4,5184.0002109561528,1514.2548458845713,-2648.0334730081318,5184.0807180046349,1513.6335785478177,-2648.6876151874521,0.088885843624565489,-0.68592592058575952,-0.72222222222230725,5184.0404644803939,1513.9442122161945,-2648.3605440977917,0.90573532521273847
23,413,0,5185.4052630194492,1512.070639150603,-2645.8605253378628,5186.8391934187048,1510.8621210920462,-2648.6876151874526,0.42267563570823696,-0.35623147325042515,-0.83333333333334836,5186.1222282190774,1511.4663801213246,-2647.2740702626579,3.3925078195077121
23,413,1,5186.8396160943403,1510.861764860573,-2648.6867818541191,5189.1837589155566,1508.8861188091701,-2644.0651472341333,0.4226756357082373,-0.35623147325037979,0.83333333333336768,5188.011687504948,1509.8739418348714,-2646.375964544126,5.5459615439827292
23,413,2,5189.1841815911921,1508.8857625776968,-2644.0659805674668,5191.5283244124084,1506.9101165262944,-2648.6876151874526,0.42267563570824956,-0.35623147325030813,-0.83333333333339177,5190.3562530018007,1507.8979395519955,-2646.3767978774595,5.5459615439825685
23,413,3,5191.5287470880439,1506.9097602948211,-2648.6867818541191,5193.8728899092612,1504.9341142434182,-2644.0651472341333,0.42267563570837191,-0.35623147325035504,0.83333333333330972,5192.7008184986526,1505.9219372691196,-2646.375964544126,5.5459615439831147
23,413,4,5193.8733125848967,1504.933758011945,-2644.0659805674668,5194.3264707274438,1504.5518358496593,-2644.9594122052372,0.42267563570782235,-0.35623147325045512,-0.83333333333354598,5194.0998916561703,1504.7427969308021,-2644.5126963863522,1.0721179653241955
23,414,0,5185.4052630194492,1512.070639150603,-2645.8605253378628,5184.4222626305937,1512.0299889983496,-2648.6876151874521,-0.32839043169295012,-0.013579975347137362,-0.9444444444445047,5184.913762825021,1512.0503140744763,-2647.2740702626575,2.9933892525061863
23,414,1,5184.421934240162,1512.0299754183743,-2648.6866707430077,5184.0001220703089,1512.0125321608525,-2647.4735472108659,-0.32839043169297139,-0.013579975347098859,0.94444444444449793,5184.2110281552359,1512.0212537896134,-2648.0801089769366,1.2844837399146769
23,414,2,5184.0004504607405,1512.0125185808772,-2647.4726027664215,5185.1852483594457,1511.9635234680393,-2644.0651472341328,0.32839043169266491,-0.013579975347070498,0.94444444444460462,5184.5928494100935,1511.9880210244582,-2645.7688750002771,3.6078940930108709
23,414,3,5185.1855767498773,1511.963509888064,-2644.0660916785773,5186.7925152088683,1511.8970579377287,-2648.6876151874521,0.32839043169289245,-0.013579975347114437,-0.94444444444452502,5185.9890459793733,1511.9302839128964,-2646.3768534330147,4.8933778329258582
23,414,4,5186.7928435992999,1511.8970443577534,-2648.6866707430077,5188.3997820582899,1511.8305924074182,-2644.0651472341337,0.32839043169278426,-0.013579975347117648,0.94444444444456255,5187.5963128287949,1511.8638183825858,-2646.3759089885707,4.8933778329247009
24,415,0,5185.4052630194492,1512.070639150603,-2645.8605253378628,5185.9399846347596,1512.070639150603,-2644.3239896937316,0.32867109906177516,0,0.94444444444420594,5185.672623827104,1512.070639150603,-2645.0922575157974,1.6269200937863484
24,415,1,5185.9403133058586,1512.070639150603,-2644.3249341381761,5187.4585467856077,1512.070639150603,-2648.6876151874521,0.32867109906110853,0,-0.94444444444443787,5186.6994300457336,1512.070639150603,-2646.5062746628141,4.6193093462923036
24,415,2,5187.4588754567067,1512.070639150603,-2648.6866707430077,5188.9771089364558,1512.070639150603,-2644.3239896937312,0.328671099061078,0,0.94444444444444864,5188.2179921965817,1512.070639150603,-2646.5053302183696,4.6193093462927326
24,415,3,5188.9774376075547,1512.070639150603,-2644.3249341381756,5190.495671087303,1512.0706391506026,-2648.6876151874521,0.32867109906090242,-9.8444879265653662E-14,-0.94444444444450981,5189.7365543474289,1512.0706391506028,-2646.5062746628137,4.6193093462924333
24,415,4,5190.4959997584019,1512.0706391506026,-2648.6866707430077,5192.0142332381511,1512.0706391506021,-2644.3239896937316,0.32867109906110853,-9.8444879265656426E-14,0.94444444444443787,5191.255116498276,1512.0706391506023,-2646.5053302183696,4.6193093462923036
24,416,0,5185.4052630194492,1512.070639150603,-2645.8605253378628,5184.6537201110859,1511.3821642835289,-2644.3239896937316,-0.40759598344581321,-0.37339130926527342,0.83333333333307003,5185.0294915652676,1511.726401717066,-2645.0922575157974,1.8438427729579785
24,416,1,5184.6533125151027,1511.3817908922197,-2644.3248230270651,5184.0001220703089,1510.783414938365,-2645.6602762522434,-0.40759598344512005,-0.37339130926552416,-0.83333333333329651,5184.3267172927062,1511.0826029152922,-2644.9925496396545,1.6025438702140289
24,416,2,5184.0005296662921,1510.7830415470557,-2645.6611095855769,5185.4808394989304,1509.4269564800359,-2648.6876151874521,0.40759598344516179,-0.37339130926539282,-0.83333333333333492,5184.7406845826117,1510.1049990135457,-2647.1743623865145,3.6318067222502508
24,416,3,5185.4812470949137,1509.4265830887266,-2648.6867818541186,5187.6151549683291,1507.4717486765428,-2644.3239896937312,0.40759598344507475,-0.37339130926540243,0.83333333333337334,5186.5482010316209,1508.4491658826346,-2646.5053857739249,5.2353505924647141
24,416,4,5187.6155625643123,1507.4713752852335,-2644.3248230270647,5189.7494704377277,1505.5165408730497,-2648.6876151874521,0.40759598344507475,-0.37339130926540243,-0.83333333333337334,5188.6825165010196,1506.4939580791415,-2646.5062191072584,5.2353505924647141
24,417,0,5185.4052630194492,1512.070639150603,-2645.8605253378628,5185.5339114158824,1513.5365212739175,-2644.3239896937312,0.060468971944868666,0.68901274673283031,0.72222222222222687,5185.4695872176653,1512.8035802122604,-2645.092257515797,2.1275108918745342
24,417,1,5185.5339718848545,1513.5372102866643,-2644.3247119159532,5185.8914367748503,1517.6103383355519,-2648.5941591864316,0.060468971944986148,0.68901274673282409,-0.72222222222222288,5185.7127043298524,1515.5737743111081,-2646.4594355511927,5.9115423745085414
24,417,2,5185.8914972438224,1517.6096493228051,-2648.5948814086537,5185.8992614971175,1517.5211796611432,-2648.6876151874521,0.060468971947096502,-0.68901274673232704,-0.72222222222252019,5185.8953793704695,1517.565414491974,-2648.6412482980531,0.12840061679779674
24,417,3,5185.8993219660897,1517.5204906483964,-2648.6868929652301,5186.2646115783509,1513.3582039250991,-2644.3239896937312,0.060468971944759677,-0.68901274673291912,0.72222222222215127,5186.0819667722208,1515.4393472867478,-2646.5054413294806,6.0409429913067738
24,417,4,5186.2646720473231,1513.3575149123524,-2644.3247119159532,5186.6299616595852,1509.1952281890556,-2648.6876151874521,0.060468971944912811,-0.68901274673287316,-0.72222222222218202,5186.4473168534541,1511.276371550704,-2646.5061635517027,6.0409429913065171
24,418,0,5185.4052630194492,1512.070639150603,-2645.8605253378628,5186.616181529349,1510.4912103848865,-2644.3239896937307,0.48160663169515122,-0.62817056774706814,0.61111111111120942,5186.0107222743991,1511.2809247677446,-2645.0922575157965,2.5143310540338963
24,418,1,5186.6166631359811,1510.4905822143187,-2644.3246008048418,5190.0550831264582,1506.0057722149884,-2648.6876151874517,0.48160663169531154,-0.62817056774708635,-0.61111111111106453,5188.3358731312201,1508.2481772146534,-2646.506107996147,7.1394780806349099
24,418,2,5190.0555647330903,1506.0051440444206,-2648.6870040763406,5191.1697889588522,1504.5518358496595,-2647.2731639009357,0.48160663169541507,-0.62817056774689928,0.61111111111117522,5190.6126768459708,1505.27848994704,-2647.9800839886384,2.3135566506622509
24,418,3,5191.1702705654843,1504.5524640202273,-2647.2725527898247,5193.4939847235664,1507.5833376542264,-2644.3239896937312,0.4816066316952245,0.62817056774700264,0.61111111111121907,5192.3321276445258,1506.0679008372267,-2645.7982712417779,4.8249214299703196
24,418,4,5193.4944663301985,1507.5839658247942,-2644.3246008048422,5196.9328863206756,1512.0687758241233,-2648.6876151874521,0.48160663169535967,0.62817056774698987,-0.61111111111112559,5195.2136763254366,1509.8263708244588,-2646.506107996147,7.1394780806341958
24,419,0,5185.4052630194492,1512.070639150603,-2645.8605253378628,5184.0001220703089,1512.3191887995404,-2645.036673001794,-0.85278689373229077,0.15084599390915518,0.49999999999998984,5184.702692544879,1512.1949139750718,-2645.4485991698284,1.6477046721375126
24,419,1,5184.0009748572029,1512.3193396455342,-2645.0361730017939,5185.2156560393059,1512.5341996434349,-2644.3239896937312,0.8527868937325277,0.15084599390918479,0.49999999999957706,5184.6083154482549,1512.4267696444845,-2644.6800813477626,1.4243666161267585
24,419,2,5185.2165088262,1512.5343504894288,-2644.3244896937313,5192.6581412997102,1513.8506704927304,-2648.6876151874521,0.85278689373232952,0.15084599390915526,-0.49999999999992378,5188.9373250629551,1513.1925104910797,-2646.5060524405917,8.7262509874430751
24,419,3,5192.6589940866043,1513.8508213387242,-2648.687115187452,5200.1006265601154,1515.1671413420261,-2644.3239896937307,0.85278689373233219,0.15084599390916337,0.49999999999991634,5196.3798103233603,1514.5089813403752,-2646.5055524405916,8.7262509874441143
24,419,4,5200.1014793470094,1515.1672921880199,-2644.3244896937308,5207.5431118205215,1516.4836121913222,-2648.6876151874521,0.85278689373235395,0.15084599390920089,-0.49999999999986799,5203.8222955837655,1515.8254521896711,-2646.5060524405917,8.7262509874449563
24,420,0,5185.4052630194492,1512.070639150603,-2645.8605253378628,5188.4765999187048,1514.0243722803764,-2644.3239896937312,0.77733881326903942,0.49447932361654101,0.38888888888885687,5186.9409314690765,1513.0475057154897,-2645.092257515797,3.9510916563387717
24,420,1,5188.4773772575181,1514.0248667597,-2644.3243785826198,5194.1138641370862,1517.6103383355519,-2647.1442134891186,0.77733881326899767,0.494479323616557,-0.38888888888891948,5191.2956206973022,1515.8176025476259,-2645.7342960358692,7.2510040452818698
24,420,2,5194.1146414758996,1517.6098438562283,-2647.1446023780072,5197.1989253945785,1515.6478748924812,-2648.6876151874521,0.77733881326902665,-0.49447932361656005,-0.38888888888885814,5195.656783435239,1516.6288593743548,-2647.9161087827297,3.967747224287244
24,420,3,5197.1997027333919,1515.6473804131576,-2648.6872262985635,5205.9212508704504,1510.099445394236,-2644.3239896937312,0.77733881326898424,-0.49447932361655955,0.38888888888894346,5201.5604768019211,1512.8734129036968,-2646.5056079961473,11.219751269567219
24,420,4,5205.9220282092638,1510.0989509149124,-2644.3243785826198,5209.5136638975782,1507.8142462848089,-2646.1212105280729,0.77733881326900123,-0.49447932361657221,-0.38888888888889361,5207.7178460534215,1508.9565985998606,-2645.2227945553464,4.6204250025935014
24,421,0,5185.4052630194492,1512.070639150603,-2645.8605253378628,5184.0257680564027,1506.9389866483625,-2644.3239896937316,-0.24938767073458834,-0.92770970451886114,0.27777777777767587,5184.715515537926,1509.5048128994827,-2645.0922575157974,5.5315283188742175
24,421,1,5184.0255186687318,1506.9380589386581,-2644.3242674715093,5184.0001220703089,1506.843584858404,-2644.3525551998177,-0.24938767072865964,-0.92770970452038271,-0.27777777777791746,5184.0128203695203,1506.8908218985312,-2644.3384113356633,0.10183582191033902
24,421,2,5184.0003714579798,1506.8426571486996,-2644.3528329775954,5184.6161918865628,1504.5518358496593,-2645.0387579459707,0.24938767073480622,-0.92770970451876589,-0.27777777777779911,5184.3082816722708,1505.6972464991795,-2644.6957954617828,2.4693298861508008
24,421,3,5184.6164412742337,1504.5527635593637,-2645.0390357237484,5187.8921199164306,1516.7381248336317,-2648.6876151874521,0.24938767073473886,0.92770970451878132,-0.27777777777780721,5186.2542805953326,1510.6454441964977,-2646.8633254556003,13.134886069332124
24,421,4,5187.8923693041015,1516.7390525433361,-2648.6873374096745,5188.1265890532395,1517.6103383355519,-2648.4264542584128,0.24938767073509016,0.92770970451876422,0.27777777777754914,5188.0094791786705,1517.1746954394439,-2648.5568958340436,0.93917934454261731
24,422,0,5185.4052630194492,1512.070639150603,-2645.8605253378628,5184.0001220703089,1514.7761525433714,-2645.3452106266595,-0.45446045513249372,0.8750359518002826,0.16666666666655369,5184.702692544879,1513.4233958469872,-2645.6028679822612,3.0918882672215697
24,422,1,5184.0005765307642,1514.7770275793232,-2645.3450439599928,5185.4720905790255,1517.6103383355519,-2644.8053878939763,0.45446045513256911,0.87503595180021754,0.16666666666669003,5184.7363335548944,1516.1936829574374,-2645.0752159269846,3.2379363960985765
24,422,2,5185.4725450394808,1517.6094632996001,-2644.8052212273096,5186.7847492501269,1515.0828939414719,-2644.3239896937312,0.45446045513258077,-0.87503595180023452,0.1666666666665689,5186.1286471448038,1516.346178620536,-2644.5646054605204,2.88738920147249
24,422,3,5186.7852037105822,1515.08201890552,-2644.3241563603979,5192.2541810415714,1504.5518358496593,-2646.3298231055182,0.45446045513258376,-0.87503595180020866,-0.16666666666669575,5189.5196923760768,1509.8169273775898,-2645.3269897329583,12.034000470720175
24,422,4,5192.2546355020268,1504.5527108856111,-2646.3299897721849,5198.6833206175534,1516.9307528810266,-2648.6876151874521,0.45446045513270222,0.87503595180014326,-0.16666666666671656,5195.4689780597901,1510.7417318833188,-2647.5088024798188,14.145752491598927
24,424,0,5185.4052630194492,1512.070639150603,-2645.8605253378628,5184.0001220703089,1511.4906173931606,-2645.9451085690075,-0.92291799458142065,-0.38096713181680819,-0.05555555555552906,5184.702692544879,1511.7806282718818,-2645.9028169534349,1.5224981606059358
24,425,0,5185.4052630194492,1512.070639150603,-2645.8605253378628,5187.9976119947023,1517.6103383355519,-2646.8943606420885,0.41791778707517557,0.89306603645442095,-0.1666666666666709,5186.7014375070758,1514.8404887430775,-2646.3774429899759,6.203011825354066
24,425,1,5187.9980299124891,1517.6094452695154,-2646.8945273087552,5192.4942098222655,1508.0013699604626,-2648.6876151874521,0.41791778707509192,-0.89306603645445526,-0.16666666666669644,5190.2461198673773,1512.805407614989,-2647.7910712481034,10.758527272179787
24,425,2,5192.4946277400522,1508.0004768944261,-2648.6874485207854,5194.1084484151361,1504.551835849659,-2648.0438527686247,0.41791778707509059,-0.8930660364544637,0.16666666666665475,5193.3015380775942,1506.2761563720426,-2648.3656506447051,3.8615745129648564
24,425,3,5194.1088663329228,1504.5527289156955,-2648.043686101958,5200.2192848355708,1517.6103383355519,-2645.6068358044326,0.41791778707511967,0.89306603645443328,0.1666666666667449,5197.1640755842473,1511.0815336256237,-2646.8252609531955,14.62110178514509
24,425,4,5200.2197027533575,1517.6094452695154,-2645.6066691377659,5203.4360300820235,1510.7363405867629,-2644.3239896937312,0.41791778707515576,-0.89306603645442284,0.16666666666671001,5201.8278664176905,1514.1728929281392,-2644.9653294157488,7.6960766642067018
24,426,0,5185.4052630194492,1512.070639150603,-2645.8605253378628,5187.7636167449919,1504.5518358496593,-2648.1390831493059,0.28750565546557244,-0.91661333409904122,-0.27777777777776097,5186.584439882221,1508.311237500131,-2646.9998042435845,8.2028081211955808
24,426,1,5187.7639042506471,1504.5527524629933,-2648.1393609270835,5188.3313585724081,1506.361886258904,-2648.6876151874526,0.2875056554656108,0.91661333409900203,-0.27777777777785018,5188.0476314115276,1505.4573193609485,-2648.4134880572683,1.9737153373280618
24,426,2,5188.3316460780634,1506.362802872238,-2648.6873374096749,5191.8595568507453,1517.6103383355519,-2645.2787950175366,0.28750565546553963,0.9166133340990521,0.27777777777775908,5190.0956014644044,1511.986570603895,-2646.9830662136055,12.270752611698761
24,426,3,5191.8598443564006,1517.6094217222178,-2645.2785172397589,5192.84779980041,1514.4596640869836,-2644.3239896937312,0.28750565546531243,-0.91661333409911794,0.27777777777777662,5192.3538220784048,1516.0345429046006,-2644.801253466745,3.4362991656999071
24,426,4,5192.8480873060653,1514.4587474736495,-2644.3242674715088,5195.9554969564979,1504.5518358496593,-2647.326536577988,0.28750565546555101,-0.91661333409905477,-0.27777777777773799,5194.4017921312816,1509.5052916616544,-2645.8254020247487,10.808168783326529
24,427,0,5185.4052630194492,1512.070639150603,-2645.8605253378628,5184.0001220703089,1512.8849470521384,-2646.5460600431106,-0.79710581865581387,0.46193911499650875,-0.38888888888895601,5184.702692544879,1512.4777931013707,-2646.2032926904867,1.7628035277798724
24,427,1,5184.0009191761274,1512.8854089912534,-2646.5464489319993,5188.3896690985202,1515.4287792786645,-2648.6876151874521,0.79710581865576335,0.46193911499660151,-0.38888888888894968,5186.1952941373238,1514.1570941349589,-2647.6170320597257,5.5058560854493113
24,427,2,5188.3904662043387,1515.4292412177795,-2648.6872262985635,5192.1540903426467,1517.6103383355519,-2646.8510439811266,0.79710581865581132,0.46193911499660295,0.38888888888884965,5190.2722782734927,1516.5197897766657,-2647.7691351398453,4.7216116734095221
24,427,3,5192.1548874484652,1517.6098763964369,-2646.850655092238,5197.3337952251832,1514.6085934813773,-2644.3239896937312,0.79710581865577745,-0.46193911499661366,0.38888888888890671,5194.7443413368237,1516.1092349389071,-2645.5873223929848,6.4971395961600278
24,427,4,5197.3345923310017,1514.6081315422623,-2644.3243785826198,5206.2779213518452,1509.4252895703153,-2648.6876151874521,0.79710581865576324,-0.46193911499664697,-0.3888888888888955,5201.8062568414234,1512.0167105562887,-2646.505996885036,11.219751269568601
24,428,0,5185.4052630194492,1512.070639150603,-2645.8605253378628,5190.187715394226,1513.122047889364,-2648.6876151874526,0.84582603122278477,0.18595248023576336,-0.50000000000008071,5187.7964892068376,1512.5963435199835,-2647.2740702626579,5.6541796991787097
24,428,1,5190.1885612202568,1513.1222338418443,-2648.6871151874525,5197.5694514604202,1514.7449018561194,-2644.3239896937312,0.84582603122283795,0.1859524802358043,0.49999999999997546,5193.8790063403385,1513.933567848982,-2646.5055524405916,8.7262509874430805
24,428,2,5197.570297286451,1514.7450878085997,-2644.3244896937313,5204.9511875266135,1516.3677558228749,-2648.6876151874521,0.84582603122283029,0.18595248023582553,-0.49999999999998046,5201.2607424065318,1515.5564218157374,-2646.5060524405917,8.7262509874420857
24,428,3,5204.9520333526443,1516.3679417753551,-2648.687115187452,5209.5136638975782,1517.3708034542792,-2645.9905615366151,0.84582603122283972,0.18595248023579877,0.4999999999999748,5207.2328486251117,1516.8693726148172,-2647.3388383620336,5.39310730167408
24,428,4,5209.5128180715474,1517.3709894067595,-2645.990061536615,5208.4241122136791,1517.6103383355519,-2645.3464860153608,-0.84582603122262834,0.18595248023583275,0.50000000000031986,5208.9684651426132,1517.4906638711557,-2645.6682737759879,1.2871510425075892
24,429,0,5185.4052630194492,1512.070639150603,-2645.8605253378628,5184.0001220703089,1510.0719707441283,-2647.7467740909819,-0.45524072330162779,-0.64753308311193536,-0.61111111111103378,5184.702692544879,1511.0713049473657,-2646.8036497144221,3.0865888687408374
24,429,1,5184.0005773110324,1510.0713232110452,-2647.747385202093,5184.7009916396582,1509.0750559035394,-2648.6876151874526,0.45524072330153892,-0.64753308311162661,-0.61111111111142702,5184.3507844753458,1509.5731895572922,-2648.2175001947726,1.5385581578603111
24,429,2,5184.7014468803818,1509.0744083704562,-2648.6870040763415,5187.8809897319343,1504.5518358496593,-2644.418813940043,0.45524072330168197,-0.64753308311182389,0.61111111111111138,5186.291218306158,1506.8131221100577,-2646.5529090081923,6.9843111321247688
24,429,3,5187.8814449726578,1504.5524833827424,-2644.418202828932,5187.9516280458074,1504.6523115822256,-2644.3239896937312,0.45524072330349385,0.647533083112242,0.61111111110931859,5187.9165365092322,1504.6023974824839,-2644.3710962613313,0.15416694851083437
24,429,4,5187.952083286531,1504.6529591153087,-2644.3246008048422,5191.2022644519557,1509.2760073686716,-2648.6876151874521,0.45524072330168724,0.64753308311184909,-0.61111111111108074,5189.5771738692438,1506.9644832419901,-2646.506107996147,7.1394780806347207
24,430,0,5185.4052630194492,1512.070639150603,-2645.8605253378628,5185.0573254199753,1514.755649591976,-2648.6876151874517,-0.088885843625805303,0.68592592058578139,-0.72222222222213373,5185.2312942197123,1513.4131443712895,-2647.274070262657,3.914432099431266
24,430,1,5185.0572365341313,1514.7563355178966,-2648.6868929652296,5184.6874000247581,1517.6103383355519,-2645.6818683768079,-0.088885843625916644,0.68592592058562862,0.72222222222226518,5184.8723182794447,1516.1833369267242,-2647.1843806710185,4.1608032762760185
24,430,2,5184.6873111389141,1517.6096524096313,-2645.6811461545858,5184.5202822200526,1516.3207017706909,-2644.3239896937312,-0.088885843625965244,-0.68592592058557755,0.7222222222223077,5184.6037966794829,1516.965177090161,-2645.0025679241585,1.8791397150292786
24,430,3,5184.5201933342087,1516.3200158447703,-2644.3247119159532,5184.0001220703098,1512.3066617952511,-2648.5504357050959,-0.088885843625668287,-0.68592592058567092,-0.72222222222225563,5184.2601577022597,1514.3133388200108,-2646.4375738105246,5.8510021695818581
24,430,4,5184.0002109561538,1512.3059758693305,-2648.5511579273179,5184.0170051204877,1512.1763764622531,-2648.6876151874517,0.088885843624246397,-0.68592592058694857,-0.72222222222121701,5184.0086080383207,1512.2411761657918,-2648.619386557385,0.188940821723901
24,431,0,5185.4052630194492,1512.070639150603,-2645.8605253378628,5186.8391934187048,1510.8621210920467,-2648.6876151874521,0.4226756357083043,-0.35623147325034782,-0.83333333333334703,5186.1222282190774,1511.4663801213248,-2647.2740702626575,3.3925078195071716
24,431,1,5186.8396160943403,1510.8617648605734,-2648.6867818541186,5189.0524712341658,1508.9967682060369,-2644.3239896937307,0.42267563570818173,-0.3562314732504489,0.83333333333336612,5187.946043664253,1509.9292665333051,-2646.5053857739249,5.2353505924653048
24,431,2,5189.0528939098012,1508.9964119745637,-2644.3248230270642,5191.2657490496276,1507.1314153200274,-2648.6876151874521,0.422675635708331,-0.35623147325038484,-0.83333333333331794,5190.159321479714,1508.0639136472955,-2646.5062191072584,5.2353505924656076
24,431,3,5191.2661717252631,1507.1310590885541,-2648.6867818541186,5193.4790268650895,1505.2660624340178,-2644.3239896937312,0.42267563570836153,-0.3562314732504106,0.83333333333329129,5192.3725992951768,1506.198560761286,-2646.5053857739249,5.2353505924652293
24,431,4,5193.479449540725,1505.2657062025446,-2644.3248230270647,5194.3264707274438,1504.5518358496593,-2645.9947820436269,0.42267563570836308,-0.35623147325041399,-0.83333333333328885,5193.9029601340844,1504.9087710261019,-2645.159802535346,2.0039508198747331
24,432,0,5185.4052630194492,1512.070639150603,-2645.8605253378628,5184.4222626305937,1512.0299889983498,-2648.6876151874526,-0.32839043169290333,-0.013579975347059467,-0.94444444444452191,5184.913762825021,1512.0503140744763,-2647.2740702626579,2.993389252506613
24,432,1,5184.421934240162,1512.0299754183745,-2648.6866707430081,5184.000122070308,1512.0125321608527,-2647.4735472108669,-0.3283904316937129,-0.013579975347100242,0.94444444444424003,5184.211028155235,1512.0212537896136,-2648.0801089769375,1.2844837399145461
24,432,2,5184.0004504607396,1512.0125185808774,-2647.4726027664224,5185.0952468908072,1511.9672453113312,-2644.3239896937312,0.32839043169292381,-0.013579975347118424,0.94444444444451392,5184.5478486757729,1511.9898819461043,-2645.898296230077,3.333825606378678
24,432,3,5185.0955752812388,1511.9672317313559,-2644.3249341381756,5186.6125122715921,1511.9045016243126,-2648.6876151874521,0.32839043169315407,-0.013579975347104943,-0.94444444444443409,5185.854043776415,1511.9358666778344,-2646.5062746628137,4.6193093462928037
24,432,4,5186.6128406620237,1511.9044880443373,-2648.6866707430077,5188.1297776523779,1511.8417579372938,-2644.3239896937307,0.32839043169329901,-0.013579975347152017,0.94444444444438302,5187.3713091572008,1511.8731229908155,-2646.5053302183692,4.6193093462935346
25,433,0,5185.4052630194492,1512.070639150603,-2645.8605253378628,5186.1264630489986,1512.0706391506033,-2643.7881394080168,0.32867109906105846,1.036205667547839E-13,0.9444444444444553,5185.7658630342239,1512.0706391506033,-2644.8243323729398,2.1942909845427456
25,433,1,5186.1267917200976,1512.0706391506033,-2643.7890838524613,5187.8315036140866,1512.0706391506033,-2648.6876151874526,0.32867109906100744,0,-0.94444444444447306,5186.9791476670925,1512.0706391506033,-2646.238349519957,5.1866802370494289
25,433,2,5187.8318322851856,1512.0706391506033,-2648.6866707430081,5189.5365441791764,1512.0706391506033,-2643.7881394080168,0.32867109906132025,0,0.94444444444436426,5188.6841882321805,1512.0706391506033,-2646.2374050755125,5.1866802370500267
25,433,3,5189.5368728502754,1512.0706391506033,-2643.7890838524613,5191.2415847442644,1512.070639150603,-2648.6876151874521,0.3286710990610347,-4.3837997534353116E-14,-0.94444444444446363,5190.3892287972703,1512.0706391506033,-2646.2383495199565,5.1866802370489991
25,433,4,5191.2419134153633,1512.070639150603,-2648.6866707430077,5192.9466253093524,1512.070639150603,-2643.7881394080168,0.3286710990610347,0,0.94444444444446363,5192.0942693623583,1512.070639150603,-2646.2374050755125,5.1866802370489991
25,434,0,5185.4052630194492,1512.070639150603,-2645.8605253378628,5184.3916276020655,1511.1420660758254,-2643.7881394080168,-0.40759598344503994,-0.37339130926529185,0.83333333333343973,5184.8984453107569,1511.6063526132143,-2644.8243323729398,2.4868631158148227
25,434,1,5184.3912200060822,1511.1416926845161,-2643.7889727413503,5184.0001220703089,1510.7834149383639,-2644.5885756808175,-0.40759598344519127,-0.37339130926548419,-0.83333333333327952,5184.1956710381955,1510.9625538114401,-2644.1887742110839,0.95952352736064117
25,434,2,5184.0005296662921,1510.7830415470546,-2644.589409014151,5186.005024516975,1508.9467600646285,-2648.6876151874517,0.40759598344547793,-0.37339130926536757,-0.83333333333319182,5185.0027770916331,1509.8649008058414,-2646.6385121008016,4.9178474079616699
25,434,3,5186.0054321129583,1508.9463866733192,-2648.6867818541182,5188.4014324953978,1506.7514540534319,-2643.7881394080168,0.40759598344539699,-0.37339130926535002,0.833333333333239,5187.203432304178,1507.8489203633756,-2646.2374606310677,5.8783709353222839
25,434,4,5188.401840091381,1506.7510806621226,-2643.7889727413503,5190.7978404738187,1504.5561480422348,-2648.6876151874521,0.4075959834451009,-0.37339130926543962,-0.83333333333334358,5189.5998402825999,1505.6536143521787,-2646.2382939644012,5.8783709353220912
25,435,0,5185.4052630194492,1512.070639150603,-2645.8605253378628,5185.5787761609654,1514.0477319038835,-2643.7881394080168,0.060468971944767864,0.68901274673284063,0.7222222222222251,5185.4920195902068,1513.0591855272432,-2644.8243323729398,2.8694574413251499
25,435,1,5185.5788366299375,1514.0484209166302,-2643.7888616302389,5185.9889909872827,1518.7219182698923,-2648.6876151874521,0.060468971944869547,0.6890127467328202,-0.72222222222223642,5185.7839138086101,1516.3851695932613,-2646.2382384088455,6.7828895407566625
25,435,2,5185.9890514562549,1518.722607282639,-2648.6868929652301,5186.0335843874091,1519.2300370640303,-2648.1550057598397,0.06046897194425889,0.68901274673290158,0.72222222222220955,5186.0113179218315,1518.9763221733347,-2648.4209493625349,0.73645920746361049
25,435,3,5186.0336448563812,1519.2293480512835,-2648.1542835376176,5186.3992058135991,1515.0639694921595,-2643.7881394080168,0.06046897194475908,-0.68901274673280255,0.72222222222226229,5186.2164253349902,1517.1466587717214,-2645.9712114728172,6.0454303332930772
25,435,4,5186.3992662825713,1515.0632804794127,-2643.7888616302389,5186.8094206399173,1510.3897831261509,-2648.6876151874521,0.060468971945004529,-0.68901274673279689,-0.72222222222224708,5186.6043434612438,1512.7265318027817,-2646.2382384088455,6.7828895407565613
25,436,0,5185.4052630194492,1512.070639150603,-2645.8605253378628,5187.0384763403972,1509.9404015841883,-2643.7881394080168,0.48160663169536144,-0.62817056774702795,0.61111111111108529,5186.2218696799227,1511.0055203673955,-2644.8243323729398,3.3911769761116983
25,436,1,5187.0389579470293,1509.9397734136205,-2643.7887505191279,5190.8996727485546,1504.9041546135913,-2648.6876151874526,0.48160663169532375,-0.62817056774707525,-0.6111111111110662,5188.969315347792,1507.4219640136059,-2646.2381828532903,8.0163240027136968
25,436,2,5190.9001543551867,1504.9035264430236,-2648.6870040763415,5191.1697889588531,1504.5518358496593,-2648.3448644723658,0.48160663169590595,-0.62817056774681002,0.6111111111108799,5191.0349716570199,1504.7276811463414,-2648.5159342743536,0.55986480650596537
25,436,3,5191.1702705654852,1504.552464020227,-2648.3442533612547,5194.7608691567129,1509.2357640563239,-2643.7881394080168,0.48160663169534224,0.62817056774705193,0.61111111111107563,5192.9655698610986,1506.8941140382753,-2646.066196384636,7.4554591962078316
25,436,4,5194.761350763345,1509.2363922268917,-2643.7887505191279,5198.6220655648704,1514.2720110269202,-2648.6876151874521,0.48160663169536622,0.62817056774704549,-0.61111111111106342,5196.6917081641077,1511.7542016269058,-2646.2381828532898,8.0163240027129898
25,437,0,5185.4052630194492,1512.070639150603,-2645.8605253378628,5184.0001220703089,1512.3191887995404,-2645.0366730017945,-0.85278689373240846,0.150845993909176,0.49999999999978284,5184.702692544879,1512.1949139750718,-2645.4485991698284,1.6477046721372852
25,437,1,5184.0009748572029,1512.3193396455342,-2645.0361730017944,5186.1295882406248,1512.6958613813051,-2643.7881394080168,0.85278689373224514,0.15084599390921447,0.50000000000004952,5185.0652815489138,1512.5076005134197,-2644.4121562049058,2.4960671875548797
25,437,2,5186.1304410275188,1512.696012227299,-2643.7886394080169,5194.4860057023461,1514.1739939684712,-2648.6876151874521,0.85278689373224237,0.15084599390923878,-0.50000000000004707,5190.3082233649329,1513.4350030978851,-2646.2381272977345,9.797951558869487
25,437,3,5194.4868584892401,1514.1741448144651,-2648.687115187452,5202.8424231640665,1515.6521265556371,-2643.7881394080168,0.85278689373221994,0.15084599390922804,0.50000000000008826,5198.6646408266533,1514.9131356850512,-2646.2376272977344,9.797951558868677
25,437,4,5202.8432759509606,1515.652277401631,-2643.7886394080169,5211.1988406257869,1517.1302591428032,-2648.6876151874521,0.85278689373221717,0.15084599390925074,-0.50000000000008671,5207.0210582883738,1516.3912682722171,-2646.2381272977345,9.7979515588687107
25,438,0,5185.4052630194492,1512.070639150603,-2645.8605253378628,5189.5476956406146,1514.7057157036788,-2643.7881394080168,0.77733881326904064,0.49447932361655206,0.38888888888884016,5187.4764793300319,1513.3881774271408,-2644.8243323729398,5.3289923910331112
25,438,1,5189.548472979428,1514.7062101830024,-2643.7885282969055,5196.6600872597037,1519.2300370640303,-2647.3463434071946,0.77733881326901422,0.49447932361656627,-0.38888888888887552,5193.1042801195654,1516.9681236235165,-2645.56743585205,9.1486674264579602
25,438,2,5196.660864598517,1519.2295425847067,-2647.3467322960832,5199.3411168383991,1517.5245855028329,-2648.6876151874521,0.77733881326908538,-0.49447932361649549,-0.38888888888882261,5198.0009907184576,1518.3770640437697,-2648.0171737417677,3.4479845778063103
25,438,3,5199.3418941772125,1517.5240910235093,-2648.6872262985635,5209.1345380361827,1511.2948125812836,-2643.7881394080168,0.77733881326899934,-0.49447932361660218,0.38888888888885897,5204.238216106698,1514.4094518023965,-2646.2376828532902,12.597652004263761
25,438,4,5209.135315374996,1511.29431810196,-2643.7885282969055,5212.6179729796349,1509.0789364082452,-2645.5308404304687,0.777338813269005,-0.49447932361662095,-0.388888888888824,5210.876644177315,1510.1866272551026,-2644.6596843636871,4.4802312005919509
25,439,0,5185.4052630194492,1512.070639150603,-2645.8605253378628,5184.0001220703089,1506.8435848584102,-2644.2954241876469,-0.24938767073478454,-0.9277097045187942,0.27777777777772256,5184.702692544879,1509.4571120045066,-2645.0779747627548,5.6343641407784446
25,439,1,5184.0003714579798,1506.8426571487057,-2644.2951464098692,5184.4555601208367,1505.1493780115477,-2643.7881394080168,0.24938767073458604,-0.92770970451880042,0.27777777777788076,5184.2279657894087,1505.9960175801266,-2644.0416429089428,1.8252252066677612
25,439,2,5184.4558095085076,1505.1484503018432,-2643.7884171857945,5184.6161918865646,1504.5518358496593,-2643.9670573745416,0.24938767073537688,-0.92770970451865631,-0.27777777777765256,5184.5360006975361,1504.8501430757512,-2643.8777372801678,0.64310467948973271
25,439,3,5184.6164412742355,1504.5527635593637,-2643.9673351523193,5188.5619977713122,1519.2300370640301,-2648.3620508679196,0.2493876707347224,0.9277097045187791,-0.27777777777782914,5186.5892195227734,1511.891400311697,-2646.1646930101197,15.820976576158303
25,439,4,5188.5622471589832,1519.2291093543256,-2648.3623286456973,5188.8542879896731,1518.1427320207977,-2648.6876151874521,0.24938767073412996,-0.92770970451899282,-0.27777777777764773,5188.7082675743277,1518.6859206875615,-2648.5249719165749,1.1710315503180053
25,440,0,5185.4052630194492,1512.070639150603,-2645.8605253378628,5184.0001220703098,1514.7761525433709,-2645.3452106266591,-0.45446045513230765,0.87503595180034366,0.16666666666674043,5184.702692544879,1513.423395846987,-2645.6028679822612,3.0918882672208343
25,440,1,5184.0005765307651,1514.7770275793227,-2645.3450439599924,5186.3133006113767,1519.2300370640303,-2644.4968865260894,0.45446045513245753,0.87503595180025784,0.16666666666678293,5185.1569385710709,1517.0035323216766,-2644.9209652430409,5.0889446034144354
25,440,2,5186.313755071832,1519.2291620280785,-2644.4967198594227,5188.2458858384944,1515.5089618097415,-2643.7881394080168,0.45446045513239508,-0.8750359518003028,0.16666666666671723,5187.2798204551636,1517.3690619189101,-2644.14242963372,4.2514827084338158
25,440,3,5188.2463402989497,1515.5080867737897,-2643.7883060746835,5193.9366011062712,1504.5518358496593,-2645.8751252698639,0.45446045513249334,-0.87503595180023908,-0.16666666666678304,5191.0914707026104,1510.0299613117245,-2644.8317156722737,12.520915171073636
25,442,0,5185.4052630194492,1512.070639150603,-2645.8605253378628,5184.0001220703089,1511.4906173931606,-2645.945108569008,-0.92291799458140533,-0.38096713181680186,-0.055555555555826822,5184.702692544879,1511.7806282718818,-2645.9028169534354,1.5224981606059611
25,443,0,5185.4052630194492,1512.070639150603,-2645.8605253378628,5188.7555636810312,1519.2300370640303,-2647.1966336846858,0.41791778707511928,0.89306603645445437,-0.16666666666663255,5187.0804133502406,1515.6503381073167,-2646.5285795112741,8.0166500809398755
25,443,1,5188.7559815988179,1519.2291439979938,-2647.1968003513525,5192.4942098222664,1511.2407674174171,-2648.6876151874521,0.41791778707511446,-0.89306603645444582,-0.16666666666669108,5190.6250957105422,1515.2349557077055,-2647.9422077694026,8.9448890165963881
25,443,2,5192.4946277400531,1511.2398743513806,-2648.6874485207854,5195.6243517877947,1504.5518358496593,-2647.4393066834291,0.41791778707512744,-0.89306603645442906,0.16666666666674823,5194.0594897639239,1507.8958551005198,-2648.0633776021073,7.4888510241343926
25,444,0,5185.4052630194492,1512.070639150603,-2645.8605253378628,5187.7636167449919,1504.551835849659,-2648.1390831493059,0.28750565546556511,-0.91661333409904544,-0.27777777777775386,5186.584439882221,1508.311237500131,-2646.9998042435845,8.2028081211957904
25,444,1,5187.7639042506471,1504.5527524629931,-2648.1393609270835,5188.3313585724072,1506.3618862589033,-2648.6876151874517,0.28750565546528556,0.91661333409920398,-0.27777777777752038,5188.0476314115276,1505.4573193609481,-2648.4134880572674,1.973715337327131
25,444,2,5188.3316460780625,1506.3628028722374,-2648.687337409674,5192.3675928210541,1519.2300370640303,-2644.7879486631041,0.28750565546552548,0.9166133340990662,0.27777777777772683,5190.3496194495583,1512.7964199681337,-2646.7376430363893,14.037799487654256
25,444,3,5192.3678803267094,1519.2291204506962,-2644.7876708853264,5193.4024157558615,1515.9308584828614,-2643.7881394080164,0.2875056554653474,-0.91661333409910395,0.27777777777778634,5192.885148041285,1517.5799894667789,-2644.2879051466716,3.5983133183159932
25,444,4,5193.4027032615168,1515.9299418695273,-2643.7884171857941,5196.9715688971164,1504.5518358496593,-2647.236528715423,0.28750565546553786,-0.91661333409905543,-0.27777777777774898,5195.1871360793166,1510.2408888595933,-2645.5124729506088,12.413201506665441
25,445,0,5185.4052630194492,1512.070639150603,-2645.8605253378628,5184.000122070308,1512.8849470521379,-2646.5460600431102,-0.79710581865617702,0.46193911499616225,-0.38888888888862344,5184.702692544879,1512.4777931013705,-2646.2032926904867,1.7628035277802103
25,445,1,5184.0009191761264,1512.8854089912529,-2646.5464489319988,5188.389669098523,1515.4287792786652,-2648.6876151874521,0.79710581865590269,0.46193911499650586,-0.38888888888877793,5186.1952941373247,1514.1570941349592,-2647.6170320597257,5.5058560854529128
25,445,2,5188.3904662043415,1515.4292412177801,-2648.6872262985635,5194.9489852520119,1519.2300370640303,-2645.4874815149838,0.79710581865583108,0.46193911499655183,0.38888888888886969,5191.6697257281767,1517.3296391409053,-2647.0873539067734,8.2279151577768221
25,445,3,5194.9497823578304,1519.2295751249153,-2645.4870926260951,5198.4321279183414,1517.2114846923964,-2643.7881394080168,0.79710581865584873,-0.46193911499651197,0.38888888888888118,5196.6909551380859,1518.2205299086559,-2644.6376160170557,4.368736846487038
25,445,4,5198.4329250241599,1517.2110227532814,-2643.7885282969055,5208.4745867381607,1511.3916745353974,-2648.6876151874521,0.79710581865586472,-0.46193911499651868,-0.38888888888884043,5203.4537558811608,1514.3013486443394,-2646.2380717421788,12.597652004264361
25,446,0,5185.4052630194492,1512.070639150603,-2645.8605253378628,5190.187715394226,1513.1220478893642,-2648.6876151874521,0.84582603122281252,0.18595248023580968,-0.50000000000001665,5187.7964892068376,1512.5963435199837,-2647.2740702626575,5.654179699178524
25,446,1,5190.1885612202568,1513.1222338418445,-2648.687115187452,5198.4759237014114,1514.9441872354469,-2643.7881394080168,0.84582603122287126,0.18595248023579172,0.49999999999992412,5194.3322424608341,1514.0332105386456,-2646.2376272977344,9.7979515588718957
25,446,2,5198.4767695274422,1514.9443731879271,-2643.7886394080169,5206.764132008595,1516.7663265815293,-2648.6876151874521,0.84582603122282207,0.18595248023579852,-0.50000000000000477,5202.6204507680186,1515.8553498847282,-2646.2381272977345,9.7979515588703148
25,446,3,5206.7649778346258,1516.7665125340095,-2648.687115187452,5212.6179729796349,1518.0532770976979,-2645.2271867098739,0.84582603122280475,0.18595248023582675,0.50000000000002343,5209.6914754071304,1517.4098948158537,-2646.9571509486632,6.9198569551559954
25,446,4,5212.6171271536041,1518.0534630501782,-2645.2266867098738,5210.1836056434922,1518.5884659276119,-2643.7881394080168,-0.8458260312228133,0.18595248023583455,0.500000000000006,5211.4003663985477,1518.320964488895,-2644.5074130589455,2.877094603713851
25,447,0,5185.4052630194492,1512.070639150603,-2645.8605253378628,5184.0001220703089,1510.0719707441287,-2647.7467740909815,-0.45524072330171222,-0.64753308311190805,-0.61111111111099981,5184.702692544879,1511.0713049473659,-2646.8036497144221,3.0865888687402649
25,447,1,5184.0005773110324,1510.0713232110456,-2647.7473852020926,5184.7009916396582,1509.0750559035394,-2648.6876151874521,0.45524072330145188,-0.64753308311179836,-0.61111111111131011,5184.3507844753458,1509.5731895572926,-2648.2175001947726,1.5385581578606053
25,447,2,5184.7014468803818,1509.0744083704562,-2648.6870040763411,5187.8809897319343,1504.5518358496595,-2644.418813940043,0.45524072330170973,-0.64753308311183078,0.61111111111108352,5186.291218306158,1506.813122110058,-2646.5529090081918,6.9843111321243434
25,447,3,5187.8814449726578,1504.5524833827426,-2644.418202828932,5188.3508040175975,1505.2200983255625,-2643.7881394080173,0.45524072330159382,0.64753308311200575,0.61111111111098448,5188.1161244951272,1504.8862908541525,-2644.1031711184746,1.0310128705878499
25,447,4,5188.3512592583211,1505.2207458586456,-2643.7887505191284,5192.0006163955359,1510.4115808553456,-2648.6876151874521,0.45524072330162374,0.64753308311189461,-0.61111111111107974,5190.1759378269289,1507.8161633569957,-2646.2381828532903,8.0163240027120306
25,448,0,5185.4052630194492,1512.070639150603,-2645.8605253378628,5185.0573254199753,1514.7556495919757,-2648.6876151874526,-0.088885843625793923,0.68592592058563551,-0.72222222222227372,5185.2312942197123,1513.4131443712895,-2647.2740702626579,3.914432099431767
25,448,1,5185.0572365341313,1514.7563355178963,-2648.6868929652305,5184.4775110504825,1519.2300370640303,-2643.9764620349497,-0.088885843625944719,0.68592592058564306,0.72222222222224797,5184.7673737923069,1516.9931862909634,-2646.3316775000903,6.5221351342347713
25,448,2,5184.4774221646385,1519.2293511381097,-2643.9757398127276,5184.4543336750785,1519.0511788576898,-2643.7881394080168,-0.088885843628606881,-0.68592592058476676,0.72222222222275256,5184.465877919858,1519.1402649978997,-2643.8819396103722,0.25975440652244525
25,448,3,5184.4542447892345,1519.0504929317692,-2643.7888616302389,5184.0001220703089,1515.5460592522143,-2647.4787351336599,-0.088885843625807329,-0.68592592058565371,-0.72222222222225463,5184.2271834297717,1517.2982760919917,-2645.6337983819494,5.1090556201212101
25,448,4,5184.0002109561528,1515.5453733262937,-2647.479457355882,5184.1489022104352,1514.3979331792953,-2648.6876151874521,0.088885843626272346,-0.68592592058549817,-0.72222222222234522,5184.074556583294,1514.9716532527946,-2648.0835362716671,1.6728339206352847
25,449,0,5185.4052630194492,1512.070639150603,-2645.8605253378628,5186.8391934187048,1510.8621210920464,-2648.6876151874517,0.42267563570834138,-0.35623147325044613,-0.83333333333328619,5186.1222282190774,1511.4663801213246,-2647.274070262657,3.3925078195068732
25,449,1,5186.8396160943403,1510.8617648605732,-2648.6867818541182,5189.3242602663559,1508.7677041219713,-2643.7881394080168,0.42267563570820366,-0.35623147325040949,0.83333333333337178,5188.0819381803485,1509.8147344912722,-2646.2374606310677,5.8783709353213469
25,449,2,5189.3246829419913,1508.7673478904981,-2643.7889727413503,5191.8093271140078,1506.6732871518959,-2648.6876151874521,0.42267563570829769,-0.35623147325039706,-0.83333333333332948,5190.5670050279996,1507.7203175211971,-2646.2382939644012,5.8783709353221907
25,449,3,5191.8097497896433,1506.6729309204227,-2648.6867818541186,5194.2943939616598,1504.578870181821,-2643.7881394080173,0.42267563570833661,-0.35623147325035248,0.83333333333332882,5193.0520718756516,1505.625900551122,-2646.2374606310677,5.8783709353216498
25,449,4,5194.2948166372953,1504.5785139503478,-2643.7889727413508,5194.3264707274438,1504.5518358496593,-2643.8513809007727,0.42267563570923466,-0.35623147325083643,-0.83333333333266635,5194.3106436823691,1504.5651749000035,-2643.820176821062,0.074889791306364611
25,450,0,5185.4052630194492,1512.070639150603,-2645.8605253378628,5184.4222626305937,1512.0299889983494,-2648.6876151874517,-0.32839043169299692,-0.013579975347215256,-0.94444444444448727,5184.913762825021,1512.0503140744763,-2647.274070262657,2.9933892525057599
25,450,1,5184.421934240162,1512.0299754183741,-2648.6866707430072,5184.0001220703089,1512.0125321608523,-2647.4735472108659,-0.32839043169308113,-0.013579975347103397,0.94444444444445952,5184.2110281552359,1512.0212537896132,-2648.0801089769366,1.2844837399142477
25,450,2,5184.0004504607405,1512.012518580877,-2647.4726027664215,5185.2815660625547,1511.9595404286219,-2643.7881394080168,0.32839043169326054,-0.013579975347037742,0.94444444444439801,5184.6410082616476,1511.9860295047495,-2645.6303710872189,3.9011964971345034
25,450,3,5185.2818944529863,1511.9595268486466,-2643.7890838524613,5186.9851506150853,1511.8890918588945,-2648.6876151874521,0.32839043169317139,-0.013579975347044266,-0.9444444444444291,5186.1335225340354,1511.9243093537707,-2646.2383495199565,5.1866802370491891
25,450,4,5186.9854790055169,1511.8890782789192,-2648.6866707430077,5188.688735167616,1511.8186432891673,-2643.7881394080164,0.32839043169314436,-0.013579975346999311,0.94444444444443909,5187.8371070865669,1511.8538607840433,-2646.237405075512,5.1866802370496154
26,451,0,5185.4052630194492,1512.070639150603,-2645.8605253378628,5185.9723548685824,1512.0706391506033,-2644.2309730348661,0.32867109906118697,1.3177963308717782E-13,0.94444444444441056,5185.6888089440163,1512.0706391506033,-2645.0457491863644,1.7254083208200672
26,451,1,5185.9726835396814,1512.0706391506033,-2644.2319174793106,5187.5232872532533,1512.0706391506033,-2648.6876151874521,0.32867109906090741,0,-0.94444444444450804,5186.7479853964669,1512.0706391506033,-2646.4597663333816,4.7177975733260213
26,451,2,5187.5236159243523,1512.0706391506033,-2648.6866707430077,5189.074219637926,1512.0706391506033,-2644.2309730348657,0.32867109906122138,0,0.94444444444439879,5188.2989177811396,1512.0706391506033,-2646.4588218889367,4.717797573327049
26,451,3,5189.074548309025,1512.0706391506033,-2644.2319174793101,5190.6251520225987,1512.0706391506033,-2648.6876151874521,0.32867109906122138,0,-0.94444444444439879,5189.8498501658123,1512.0706391506033,-2646.4597663333811,4.717797573327049
26,451,4,5190.6254806936977,1512.0706391506033,-2648.6866707430077,5192.1760844072714,1512.0706391506035,-2644.2309730348657,0.32867109906122138,4.819487735733548E-14,0.94444444444439879,5191.400782550485,1512.0706391506033,-2646.4588218889367,4.717797573327049
26,452,0,5185.4052630194492,1512.070639150603,-2645.8605253378628,5184.6082242512311,1511.3404863490839,-2644.2309730348657,-0.40759598344494852,-0.37339130926546882,0.83333333333340542,5185.0067436353402,1511.7055627498435,-2645.0457491863644,1.9554627635963826
26,452,1,5184.6078166552479,1511.3401129577746,-2644.2318063681992,5184.0001220703089,1510.7834149383634,-2645.4742429345156,-0.40759598344510739,-0.37339130926535119,-0.83333333333338022,5184.3039693627779,1511.061763948069,-2644.8530246513574,1.4909238795796298
26,452,2,5184.0005296662921,1510.7830415470542,-2645.4750762678491,5185.5718312186418,1509.3436006111463,-2648.6876151874526,0.4075959834451171,-0.37339130926534914,-0.83333333333337634,5184.7861804424665,1510.0633210791002,-2647.0813457276508,3.8550467035240046
26,452,3,5185.5722388146251,1509.343227219837,-2648.6867818541191,5187.751642547898,1507.3467148732084,-2644.2309730348657,0.40759598344520581,-0.37339130926535685,0.83333333333332926,5186.6619406812615,1508.3449710465227,-2646.4588774444924,5.3469705831041452
26,452,4,5187.7520501438812,1507.3463414818991,-2644.2318063681992,5189.9314538771523,1505.3498291352712,-2648.6876151874521,0.4075959834449705,-0.37339130926532532,-0.83333333333345871,5188.8417520105168,1506.3480853085853,-2646.4597107778254,5.3469705831027712
26,453,0,5185.4052630194492,1512.070639150603,-2645.8605253378628,5185.5416993536701,1513.6252608081563,-2644.2309730348652,0.060468971945001677,0.68901274673275137,0.72222222222229071,5185.4734811865601,1512.8479499793798,-2645.045749186364,2.2563031887656675
26,453,1,5185.5417598226422,1513.6259498209031,-2644.2316952570873,5185.9148373726921,1517.8769760784385,-2648.6876151874521,0.06046897194496207,0.68901274673282409,-0.72222222222222465,5185.7282985976672,1515.7514629496709,-2646.4596552222697,6.1697352881974927
26,453,2,5185.9148978416642,1517.8776650911852,-2648.6868929652301,5185.9351530100394,1518.108462287649,-2648.4449716583995,0.060468971943835041,0.68901274673324453,0.72222222222191801,5185.9250254258513,1517.9930636894171,-2648.5659323118148,0.334967963304036
26,453,3,5185.9352134790115,1518.1077732749022,-2648.4442494361774,5186.2879753917123,1514.0882332265778,-2644.2309730348652,0.060468971944683175,-0.6890127467327577,0.72222222222231158,5186.1115944353623,1516.09800325074,-2646.3376112355213,5.8337673248931132
26,453,4,5186.2880358606844,1514.0875442138311,-2644.2316952570873,5186.6611134107334,1509.8365179562963,-2648.6876151874521,0.060468971944819802,-0.68901274673277213,-0.72222222222228616,5186.4745746357094,1511.9620310850637,-2646.4596552222697,6.1697352881969678
26,454,0,5185.4052630194492,1512.070639150603,-2645.8605253378628,5186.689486430786,1510.3955971218529,-2644.2309730348657,0.48160663169490153,-0.62817056774722879,0.61111111111124117,5186.0473747251181,1511.2331181362279,-2645.0457491863644,2.6665401321765483
26,454,1,5186.6899680374181,1510.3949689512851,-2644.2315841459767,5190.2016929293331,1505.8145456889217,-2648.6876151874521,0.48160663169531309,-0.62817056774704516,-0.61111111111110539,5188.4458304833752,1508.1047573201035,-2646.4595996667144,7.291687158777993
26,454,2,5190.2021745359652,1505.8139175183539,-2648.6870040763411,5191.1697889588504,1504.5518358496593,-2647.4591972186668,0.48160663169503887,-0.62817056774715063,0.61111111111121352,5190.6859817474078,1505.1828766840067,-2648.0731006475039,2.0091384943757835
26,454,3,5191.1702705654825,1504.552464020227,-2647.4585861075557,5193.7138994278812,1507.8701774433287,-2644.2309730348657,0.48160663169545331,0.62817056774704838,0.61111111111099181,5192.4420849966818,1506.211320731778,-2645.8447795712109,5.2815486644028802
26,454,4,5193.7143810345133,1507.8708056138964,-2644.2315841459767,5197.2261059264283,1512.4512288762601,-2648.6876151874521,0.48160663169530371,0.62817056774706415,-0.61111111111109351,5195.4702434804713,1510.1610172450783,-2646.4595996667144,7.2916871587781351
26,455,0,5185.4052630194492,1512.070639150603,-2645.8605253378628,5184.0001220703089,1512.3191887995404,-2645.0366730017936,-0.8527868937321732,0.15084599390913439,0.50000000000019684,5184.702692544879,1512.1949139750718,-2645.4485991698284,1.6477046721377402
26,455,1,5184.0009748572029,1512.3193396455342,-2645.0361730017935,5185.3743028144618,1512.5622620241479,-2644.2309730348657,0.85278689373218974,0.15084599390919406,0.50000000000015021,5184.6876388358323,1512.440800834841,-2644.6335730183296,1.6103999338551767
26,455,2,5185.3751556013558,1512.5624128701418,-2644.2314730348658,5192.9754348500219,1513.906795254157,-2648.6876151874521,0.85278689373224092,0.15084599390922848,-0.50000000000005251,5189.1752952256884,1513.2346040621494,-2646.4595441111587,8.9122843051718252
26,455,3,5192.9762876369159,1513.9069461001509,-2648.687115187452,5200.5765668855829,1515.2513284841662,-2644.2309730348657,0.85278689373226868,0.15084599390921535,0.50000000000000899,5196.7764272612494,1514.5791372921585,-2646.4590441111586,8.9122843051726015
26,455,4,5200.5774196724769,1515.25147933016,-2644.2314730348658,5208.1776989211448,1516.5958617141753,-2648.6876151874521,0.85278689373229666,0.15084599390920223,-0.49999999999996553,5204.3775592968104,1515.9236705221676,-2646.4595441111587,8.912284305173376
26,456,0,5185.4052630194492,1512.070639150603,-2645.8605253378628,5188.6625282424047,1514.1426446606754,-2644.2309730348661,0.77733881326908194,0.49447932361651326,0.38888888888880718,5187.033895630927,1513.1066419056392,-2645.0457491863644,4.1902773505637514
26,456,1,5188.6633055812181,1514.143139139999,-2644.2313619237548,5194.8969324339614,1518.108462287649,-2647.3499354198043,0.77733881326901944,0.4944793236165399,-0.38888888888889811,5191.7801190075897,1516.125800713824,-2645.7906486717793,8.0191889898414352
26,456,2,5194.8977097727748,1518.1079678083254,-2647.350324308693,5197.5707820419775,1516.4075780360779,-2648.6876151874521,0.77733881326898158,-0.49447932361656738,-0.38888888888893913,5196.2342459073761,1517.2577729222016,-2648.0189697480728,3.4387479739517244
26,456,3,5197.5715593807909,1516.4070835567543,-2648.6872262985635,5206.4790358415512,1510.7408761575321,-2644.2309730348657,0.77733881326899845,-0.49447932361658536,0.38888888888888251,5202.0252976111715,1513.5739798571431,-2646.4590996667148,11.458936963794578
26,456,4,5206.4798131803645,1510.7403816782085,-2644.2313619237543,5210.195497781333,1508.3767672839485,-2646.0902533508465,0.77733881326901821,-0.49447932361662444,-0.38888888888879286,5208.3376554808492,1509.5585744810785,-2645.1608076373004,4.7800065268097027
26,457,0,5185.4052630194492,1512.070639150603,-2645.8605253378628,5184.0001220703089,1506.843584858409,-2644.2954241876464,-0.24938767073473228,-0.92770970451880164,0.27777777777774509,5184.702692544879,1509.4571120045061,-2645.0779747627548,5.634364140779625
26,457,1,5184.0003714579798,1506.8426571487046,-2644.2951464098687,5184.0579860326352,1506.6283338027602,-2644.2309730348661,0.24938767073670545,-0.92770970451919477,0.27777777777466067,5184.0291787453079,1506.7354954757325,-2644.2630597223674,0.23102415001199048
26,457,2,5184.0582354203061,1506.6274060930557,-2644.2312508126438,5184.6161918865646,1504.5518358496593,-2644.8527246282392,0.24938767073475432,-0.92770970451880463,-0.2777777777777159,5184.3372136534354,1505.5896209713574,-2644.5419877204413,2.2373057361440698
26,457,3,5184.6164412742355,1504.5527635593637,-2644.8530024060169,5188.0591398132701,1517.3594305248389,-2648.6876151874526,0.24938767073471629,0.92770970451879786,-0.27777777777777202,5186.3377905437528,1510.9560970421012,-2646.7703087967348,13.804606013168735
26,457,4,5188.059389200941,1517.3603582345434,-2648.6873374096749,5188.2604951356561,1518.108462287649,-2648.4633377248529,0.24938767073505583,0.92770970451859014,0.27777777777816104,5188.1599421682986,1517.7344102610962,-2648.5753375672639,0.80639886535825711
26,458,0,5185.4052630194492,1512.070639150603,-2645.8605253378628,5184.0001220703089,1514.7761525433716,-2645.3452106266595,-0.45446045513246447,0.8750359518002998,0.16666666666654298,5184.702692544879,1513.4233958469872,-2645.6028679822612,3.0918882672217687
26,458,1,5184.0005765307642,1514.7770275793234,-2645.3450439599928,5185.7307972498957,1518.108462287649,-2644.7105110394746,0.45446045513247241,0.87503595180026938,0.16666666666668087,5184.8656868903299,1516.4427449334862,-2645.0277774997339,3.8071975231092834
26,458,2,5185.731251710351,1518.1075872516972,-2644.7103443728079,5187.038383608864,1515.5907843219252,-2644.2309730348657,0.45446045513276589,-0.8750359518001225,0.16666666666665234,5186.3848176596075,1516.8491857868112,-2644.4706587038368,2.8762280276535166
26,458,3,5187.0388380693194,1515.5899092859734,-2644.2311397015324,5192.7715943833127,1504.5518358496593,-2646.3335434967898,0.45446045513256728,-0.87503595180023641,-0.16666666666659541,5189.905216226316,1510.0708725678164,-2645.2823415991611,12.614422771550316
26,458,4,5192.7720488437681,1504.5527108856111,-2646.3337101634565,5199.1905893350322,1516.9112200243299,-2648.6876151874521,0.45446045513253558,0.87503595180024596,-0.16666666666663188,5195.9813190894001,1510.7319654549706,-2647.5106626754541,14.123430143976513
26,460,0,5185.4052630194492,1512.070639150603,-2645.8605253378628,5184.0001220703089,1511.4906173931606,-2645.9451085690075,-0.92291799458142065,-0.38096713181680819,-0.05555555555552906,5184.702692544879,1511.7806282718818,-2645.9028169534349,1.5224981606059358
26,461,0,5185.4052630194492,1512.070639150603,-2645.8605253378628,5188.2307133010463,1518.108462287649,-2646.9873220304898,0.41791778707509558,0.89306603645445559,-0.16666666666668614,5186.8179881602482,1515.089550719126,-2646.4239236841763,6.7607801557616138
26,461,1,5188.2311312188331,1518.1075692216125,-2646.9874886971566,5192.4942098222664,1508.9976178646543,-2648.6876151874521,0.41791778707512245,-0.8930660364544506,-0.16666666666664504,5190.3626705205497,1513.5525935431333,-2647.8375519423043,10.200758941774852
26,461,2,5192.4946277400531,1508.9967247986178,-2648.6874485207854,5194.574651027825,1504.5518358496595,-2647.8579299918224,0.41791778707512017,-0.89306603645444149,0.1666666666666993,5193.5346393839391,1506.7742803241385,-2648.2726892563041,4.9771111737772378
26,461,3,5194.5750689456117,1504.552728915696,-2647.8577633251557,5200.9185887546037,1518.108462287649,-2645.3279516392308,0.41791778707510563,0.89306603645446003,0.1666666666666369,5197.7468288501077,1511.3305956016725,-2646.5928574821933,15.178870115551927
26,461,4,5200.9190066723904,1518.1075692216125,-2645.3277849725641,5203.6692699794339,1512.2304162819935,-2644.2309730348657,0.4179177870750978,-0.89306603645446392,0.16666666666663552,5202.2941383259122,1515.168992751803,-2644.7793790037149,6.5808716261920859
26,462,0,5185.4052630194492,1512.070639150603,-2645.8605253378628,5187.7636167449928,1504.5518358496593,-2648.1390831493059,0.28750565546567419,-0.91661333409901202,-0.27777777777775214,5186.584439882221,1508.311237500131,-2646.9998042435845,8.2028081211958419
26,462,1,5187.763904250648,1504.5527524629933,-2648.1393609270835,5188.331358572409,1506.361886258904,-2648.6876151874521,0.28750565546562917,0.91661333409906065,-0.27777777777763757,5188.0476314115285,1505.4573193609485,-2648.4134880572678,1.9737153373279357
26,462,2,5188.3316460780643,1506.362802872238,-2648.6873374096745,5192.0157987992579,1518.1084622876488,-2645.1278395826503,0.28750565546559975,0.91661333409904011,0.27777777777773566,5190.1737224386616,1512.2356325799433,-2646.9075884961621,12.814192177289021
26,462,3,5192.0160863049132,1518.1075456743147,-2645.1275618048726,5192.9440739361271,1515.148974875864,-2644.2309730348657,0.28750565546551016,-0.91661333409905743,0.27777777777777118,5192.4800801205201,1516.6282602750894,-2644.6792674198691,3.2277195720250207
26,462,4,5192.9443614417823,1515.14805826253,-2644.2312508126433,5196.2679808535222,1504.5518358496593,-2647.4424141300287,0.28750565546556078,-0.91661333409906964,-0.27777777777767898,5194.6061711476523,1509.8499470560946,-2645.836832471336,11.560187942591547
26,463,0,5185.4052630194492,1512.070639150603,-2645.8605253378628,5184.0001220703089,1512.8849470521384,-2646.5460600431106,-0.79710581865581387,0.46193911499650875,-0.38888888888895601,5184.702692544879,1512.4777931013707,-2646.2032926904867,1.7628035277798724
26,463,1,5184.0009191761274,1512.8854089912534,-2646.5464489319993,5188.3896690985202,1515.4287792786647,-2648.6876151874521,0.79710581865574814,0.46193911499663404,-0.3888888888889423,5186.1952941373238,1514.1570941349592,-2647.6170320597257,5.5058560854494161
26,463,2,5188.3904662043387,1515.4292412177797,-2648.6872262985635,5193.0136354379592,1518.108462287649,-2646.4316924606096,0.79710581865579955,0.46193911499657214,0.38888888888891016,5190.702050821149,1516.7688517527145,-2647.5594593795868,5.7999441547381867
26,463,3,5193.0144325437777,1518.108000348534,-2646.4313035717209,5197.524451533789,1515.4943521576615,-2644.2309730348657,0.79710581865579044,-0.46193911499658979,0.38888888888890799,5195.2694420387834,1516.8011762530978,-2645.3311383032933,5.6579928090561822
26,463,4,5197.5252486396075,1515.4938902185465,-2644.2313619237543,5206.6592339690569,1510.20055901869,-2648.6876151874521,0.79710581865577468,-0.46193911499660245,-0.38888888888892531,5202.0922413043318,1512.8472246186184,-2646.4594885556035,11.458936963793315
26,464,0,5185.4052630194492,1512.070639150603,-2645.8605253378628,5190.187715394226,1513.1220478893642,-2648.6876151874521,0.84582603122281252,0.18595248023580968,-0.50000000000001665,5187.7964892068376,1512.5963435199837,-2647.2740702626575,5.654179699178524
26,464,1,5190.1885612202568,1513.1222338418445,-2648.687115187452,5197.7268032832308,1514.7794952129582,-2644.2309730348657,0.84582603122282696,0.18595248023582045,0.49999999999998784,5193.9576822517438,1513.9508645274013,-2646.4590441111586,8.9122843051729781
26,464,2,5197.7276491092616,1514.7796811654384,-2644.2314730348658,5205.2658911722347,1516.4369425365519,-2648.6876151874521,0.84582603122280209,0.1859524802358119,-0.50000000000003353,5201.4967701407477,1515.6083118509951,-2646.4595441111587,8.9122843051721645
26,464,3,5205.2667369982655,1516.4371284890321,-2648.687115187452,5210.195497781333,1517.5207027209285,-2645.7735368621657,0.84582603122281941,0.18595248023577587,0.50000000000001721,5207.7311173897997,1516.9789156049803,-2647.2303260248091,5.8271566505725598
26,464,4,5210.1946519553021,1517.5208886734088,-2645.7730368621656,5207.5860165014274,1518.0943898601454,-2644.2309730348657,-0.84582603122282929,0.1859524802357882,0.49999999999999606,5208.8903342283647,1517.8076392667772,-2645.0020049485156,3.0841276545998215
26,465,0,5185.4052630194492,1512.070639150603,-2645.8605253378628,5184.0001220703089,1510.0719707441283,-2647.7467740909819,-0.45524072330162779,-0.64753308311193536,-0.61111111111103378,5184.702692544879,1511.0713049473657,-2646.8036497144221,3.0865888687408374
26,465,1,5184.0005773110324,1510.0713232110452,-2647.747385202093,5184.7009916396573,1509.0750559035394,-2648.6876151874517,0.45524072330123477,-0.64753308311203472,-0.61111111111122107,5184.3507844753449,1509.5731895572922,-2648.2175001947726,1.5385581578593412
26,465,2,5184.7014468803809,1509.0744083704562,-2648.6870040763406,5187.8809897319334,1504.5518358496593,-2644.4188139400417,0.45524072330166387,-0.64753308311179802,0.61111111111115213,5186.2912183061571,1506.8131221100577,-2646.5529090081909,6.984311132125046
26,465,3,5187.8814449726569,1504.5524833827424,-2644.4182028289306,5188.0209198166322,1504.7508719958712,-2644.2309730348652,0.45524072330176107,0.64753308311027857,0.6111111111126899,5187.951182394645,1504.6516776893068,-2644.3245879318979,0.30637602665166153
26,465,4,5188.0213750573557,1504.7515195289543,-2644.2315841459763,5191.340847993607,1509.4731281959644,-2648.6876151874521,0.45524072330163473,0.64753308311179081,-0.61111111111118188,5189.6811115254814,1507.1123238624593,-2646.459599666714,7.291687158777826
26,466,0,5185.4052630194492,1512.070639150603,-2645.8605253378628,5185.0573254199744,1514.7556495919757,-2648.6876151874521,-0.088885843626031899,0.68592592058567892,-0.72222222222220323,5185.2312942197113,1513.4131443712895,-2647.2740702626575,3.9144320994315192
26,466,1,5185.0572365341304,1514.7563355178963,-2648.6868929652301,5184.6228505356894,1518.108462287649,-2645.1573858097722,-0.088885843625834002,0.685925920585711,0.72222222222219712,5184.8400435349104,1516.4323989027725,-2646.9221393875014,4.8870099075571929
26,466,2,5184.6227616498454,1518.1077763617284,-2645.1566635875502,5184.5088344080905,1517.2286077000747,-2644.2309730348657,-0.088885843625906041,-0.68592592058572588,0.72222222222217414,5184.5657980289679,1517.6681920309015,-2644.6938183112079,1.2817253806401627
26,466,3,5184.5087455222465,1517.2279217741541,-2644.2316952570877,5184.0001220703089,1513.3029096994499,-2648.364402387359,-0.088885843625858871,-0.68592592058563562,-0.72222222222226562,5184.2544337962772,1515.265415736802,-2646.2980488222233,5.7222098726828952
26,466,4,5184.0002109561528,1513.3022237735292,-2648.365124609581,5184.0399007444112,1512.995940416828,-2648.6876151874521,0.088885843625846242,-0.68592592058564206,-0.72222222222226118,5184.020055850282,1513.1490820951785,-2648.5263698985164,0.44652541551383684
26,467,0,5185.4052630194492,1512.070639150603,-2645.8605253378628,5186.8391934187057,1510.8621210920464,-2648.6876151874521,0.42267563570851446,-0.35623147325036603,-0.83333333333323278,5186.1222282190774,1511.4663801213246,-2647.2740702626575,3.3925078195076366
26,467,1,5186.8396160943412,1510.8617648605732,-2648.6867818541186,5189.0996502846683,1508.9570056523278,-2644.2309730348657,0.42267563570833933,-0.35623147325037247,0.83333333333331883,5187.9696331895047,1509.9093852564506,-2646.4588774444919,5.3469705831036682
26,467,2,5189.1000729603038,1508.9566494208545,-2644.2318063681992,5191.3601071506318,1507.0518902126094,-2648.6876151874526,0.42267563570845551,-0.35623147325028454,-0.83333333333329762,5190.2300900554674,1508.0042698167319,-2646.4597107778259,5.3469705831043504
26,467,3,5191.3605298262673,1507.0515339811361,-2648.6867818541191,5193.6205640165936,1505.1467747728907,-2644.2309730348657,0.42267563570816968,-0.35623147325037285,0.83333333333340476,5192.49054692143,1506.0991543770133,-2646.4588774444924,5.3469705831036629
26,467,4,5193.6209866922291,1505.1464185414175,-2644.2318063681992,5194.3264707274466,1504.5518358496595,-2645.6227154081676,0.42267563570844863,-0.35623147325021359,-0.83333333333333126,5193.9737287098378,1504.8491271955386,-2644.9272608881834,1.6690908479620743
26,468,0,5185.4052630194492,1512.070639150603,-2645.8605253378628,5184.4222626305937,1512.0299889983496,-2648.6876151874517,-0.32839043169299725,-0.013579975347139311,-0.94444444444448827,5184.913762825021,1512.0503140744763,-2647.274070262657,2.9933892525057568
26,468,1,5184.421934240162,1512.0299754183743,-2648.6866707430072,5184.0001220703089,1512.0125321608525,-2647.473547210865,-0.32839043169286164,-0.01357997534709432,0.94444444444453624,5184.2110281552359,1512.0212537896134,-2648.0801089769361,1.2844837399151063
26,468,2,5184.0004504607405,1512.0125185808772,-2647.4726027664206,5185.1275894822011,1511.9659078436359,-2644.2309730348657,0.32839043169324522,-0.013579975347113431,0.94444444444440245,5184.5640199714708,1511.9892132122566,-2645.8517879006431,3.4323138334112175
26,468,3,5185.1279178726327,1511.9658942636606,-2644.2319174793101,5186.6771974543781,1511.901826688922,-2648.6876151874521,0.32839043169309129,-0.01357997534714569,-0.9444444444444553,5185.9025576635049,1511.9338604762913,-2646.4597663333811,4.7177975733267665
26,468,4,5186.6775258448097,1511.9018131089467,-2648.6866707430077,5188.2268054265542,1511.8377455342084,-2644.2309730348657,0.32839043169291959,-0.013579975347098367,0.94444444444451592,5187.4521656356819,1511.8697793215774,-2646.4588218889367,4.7177975733264637
27,469,0,5185.4052630194492,1512.070639150603,-2645.8605253378628,5186.0717597608309,1512.070639150603,-2643.9453306449418,0.328671099061078,0,0.94444444444444864,5185.73851139014,1512.070639150603,-2644.9029279914021,2.027853204269261
27,469,1,5186.0720884319298,1512.070639150603,-2643.9462750893863,5187.7220970377521,1512.0706391506028,-2648.6876151874521,0.3286710990612034,-4.5291373355154621E-14,-0.94444444444440501,5186.897092734841,1512.0706391506028,-2646.3169451384192,5.0202424567758133
27,469,2,5187.722425708851,1512.0706391506028,-2648.6866707430077,5189.3724343146732,1512.0706391506026,-2643.9453306449414,0.32867109906117525,-4.5291373355150747E-14,0.94444444444441478,5188.5474300117621,1512.0706391506028,-2646.3160006939743,5.0202424567762431
27,469,3,5189.3727629857722,1512.0706391506026,-2643.9462750893858,5191.0227715915935,1512.0706391506023,-2648.6876151874526,0.32867109906098546,-4.529137335514956E-14,-0.94444444444448061,5190.1977672886824,1512.0706391506023,-2646.3169451384192,5.0202424567763746
27,469,4,5191.0231002626924,1512.0706391506023,-2648.6866707430081,5192.6731088685137,1512.0706391506023,-2643.9453306449418,0.32867109906101366,0,0.94444444444447107,5191.8481045656026,1512.0706391506023,-2646.3160006939752,5.0202424567759438
27,470,0,5185.4052630194492,1512.070639150603,-2645.8605253378628,5184.468512222229,1511.2124986859374,-2643.9453306449418,-0.40759598344517145,-0.37339130926546116,0.83333333333329962,5184.9368876208391,1511.6415689182702,-2644.9029279914021,2.2982336315052656
27,470,1,5184.4681046262458,1511.2121252946281,-2643.9461639782753,5184.0001220703089,1510.7834149383634,-2644.9029581546674,-0.40759598344484294,-0.3733913092654545,-0.83333333333346316,5184.2341133482769,1510.9977701164958,-2644.4245610664711,1.1481530116703682
27,470,2,5184.0005296662921,1510.7830415470542,-2644.9037914880009,5185.8512552766451,1509.0876252848532,-2648.6876151874521,0.40759598344515036,-0.37339130926538999,-0.83333333333334181,5184.9258924714686,1509.9353334159537,-2646.7957033377265,4.5405884393413993
27,470,3,5185.8516628726284,1509.0872518935439,-2648.6867818541186,5188.1707786349034,1506.962751883769,-2643.9453306449418,0.40759598344531367,-0.37339130926535108,0.8333333333332793,5187.0112207537659,1508.0250018886563,-2646.3160562495304,5.6897414510125648
27,470,4,5188.1711862308866,1506.9623784924597,-2643.9461639782753,5190.4903019931617,1504.8378784826843,-2648.6876151874517,0.40759598344532866,-0.37339130926544467,-0.83333333333323001,5189.3307441120241,1505.9001284875721,-2646.3168895828635,5.6897414510123561
27,471,0,5185.4052630194492,1512.070639150603,-2645.8605253378628,5185.5656151252015,1513.8977686895382,-2643.9453306449418,0.060468971944465454,0.68901274673285484,0.72222222222223709,5185.4854390723249,1512.9842039200707,-2644.9029279914021,2.6518080363520675
27,471,1,5185.5656755941736,1513.898457702285,-2643.9460528671639,5185.9626689157567,1518.4219918412018,-2648.6876151874521,0.060468971945026803,0.68901274673281354,-0.72222222222222943,5185.7641722549652,1516.1602247717433,-2646.3168340273078,6.5652401357836894
27,471,2,5185.9627293847288,1518.4226808539486,-2648.6868929652301,5185.982302332608,1518.6457044997378,-2648.4531198836235,0.060468971943148375,0.68901274673296109,0.72222222222224586,5185.972515858668,1518.5341926768433,-2648.5700064244265,0.32368580530145513
27,471,3,5185.9823628015802,1518.645015486991,-2648.4523976614014,5186.3597227063101,1514.3451940066093,-2643.9453306449418,0.060468971944793913,-0.68901274673288115,0.72222222222218435,5186.1710427539456,1516.4951047468003,-2646.1988641531716,6.2405543304828317
27,471,4,5186.3597831752822,1514.3445049938625,-2643.9460528671639,5186.7567764968635,1509.8209708549455,-2648.6876151874521,0.060468971944749317,-0.68901274673284341,-0.72222222222222432,5186.5582798360729,1512.082737924404,-2646.3168340273078,6.5652401357837356
27,472,0,5185.4052630194492,1512.070639150603,-2645.8605253378628,5186.9145965077905,1510.1019808890785,-2643.9453306449418,0.48160663169493334,-0.62817056774719771,0.61111111111124805,5186.1599297636203,1511.0863100198408,-2644.9029279914021,3.1339549520518055
27,472,1,5186.9150781144226,1510.1013527185107,-2643.9459417560529,5190.6519130833412,1505.2273132233731,-2648.6876151874521,0.48160663169522,-0.62817056774706137,-0.61111111111116212,5188.7834955988819,1507.6643329709418,-2646.3167784717525,7.7591019786526694
27,472,2,5190.6523946899733,1505.2266850528054,-2648.6870040763411,5191.1697889588495,1504.5518358496593,-2648.030481998514,0.48160663169478407,-0.62817056774722957,0.61111111111133287,5190.9110918244114,1504.8892604512323,-2648.3587430374273,1.0743088546256898
27,472,3,5191.1702705654816,1504.552464020227,-2648.0298708874029,5194.3892296588911,1508.7510261416505,-2643.9453306449423,0.48160663169517048,0.62817056774709457,0.61111111111116712,5192.7797501121859,1506.6517450809388,-2645.9876007661724,6.6837931240259252
27,472,4,5194.3897112655231,1508.7516543122183,-2643.9459417560533,5198.1265462344427,1513.6256938073552,-2648.6876151874521,0.48160663169535389,0.62817056774699531,-0.61111111111112471,5196.2581287499834,1511.1886740597868,-2646.3167784717525,7.7591019786524003
27,473,0,5185.4052630194492,1512.070639150603,-2645.8605253378628,5184.0001220703089,1512.3191887995404,-2645.0366730017945,-0.85278689373240846,0.150845993909176,0.49999999999978284,5184.702692544879,1512.1949139750718,-2645.4485991698284,1.6477046721372852
27,473,1,5184.0009748572029,1512.3193396455342,-2645.0361730017944,5185.8614869873063,1512.6484380445693,-2643.9453306449414,0.85278689373215466,0.15084599390906572,0.5000000000002488,5184.9312309222551,1512.4838888450518,-2644.4907518233676,2.1816847137050042
27,473,2,5185.8623397742003,1512.6485888905631,-2643.9458306449415,5193.9498031957082,1514.0791472949986,-2648.6876151874521,0.85278689373220773,0.15084599390912401,-0.500000000000141,5189.9060714849547,1513.3638680927809,-2646.3167229161968,9.4835690850186989
27,473,3,5193.9506559826023,1514.0792981409925,-2648.687115187452,5202.0381194041111,1515.5098565454282,-2643.9453306449418,0.85278689373225125,0.15084599390913872,0.50000000000006228,5197.9943876933567,1514.7945773432102,-2646.3162229161971,9.4835690850192815
27,473,4,5202.0389721910051,1515.5100073914221,-2643.9458306449419,5210.1264356125112,1516.9405657958573,-2648.6876151874521,0.85278689373217886,0.15084599390912884,-0.50000000000018852,5206.0827039017586,1516.2252865936398,-2646.3167229161973,9.483569085016887
27,474,0,5185.4052630194492,1512.070639150603,-2645.8605253378628,5189.2334905988682,1514.5058441755018,-2643.9453306449418,0.77733881326897658,0.4944793236165807,0.38888888888893203,5187.3193768091587,1513.2882416630523,-2644.9029279914021,4.9247863532248237
27,474,1,5189.2342679376816,1514.5063386548254,-2643.9457195338305,5195.7414960054521,1518.6457044997378,-2647.2011708889222,0.77733881326896703,0.49447932361662905,-0.38888888888888984,5192.4878819715668,1516.5760215772816,-2645.5734452113766,8.37116062737873
27,474,2,5195.7422733442654,1518.6452100204142,-2647.2015597778109,5198.7127067549054,1516.7556634306018,-2648.6876151874521,0.77733881326897913,-0.49447932361653968,-0.38888888888897893,5197.227490049585,1517.7004367255081,-2647.9445874826315,3.8212853390766588
27,474,3,5198.7134840937188,1516.7551689512782,-2648.6872262985635,5208.1919229109426,1510.7257620372302,-2643.9453306449418,0.77733881326899357,-0.4944793236165731,0.38888888888890744,5203.4527035023311,1513.7404654942543,-2646.3162784717524,12.193445966455137
27,474,4,5208.1927002497559,1510.7252675579066,-2643.9457195338305,5211.8254862488347,1508.4143864684706,-2645.7631382534896,0.77733881326905008,-0.49447932361651475,-0.3888888888888688,5210.0090932492949,1509.5698270131886,-2644.85442889366,4.6733624219808991
27,475,0,5185.4052630194492,1512.070639150603,-2645.8605253378628,5184.0001220703089,1506.8435848584099,-2644.2954241876464,-0.24938767073476964,-0.92770970451877921,0.27777777777778667,5184.702692544879,1509.4571120045066,-2645.0779747627548,5.6343641407787812
27,475,1,5184.0003714579798,1506.8426571487055,-2644.2951464098687,5184.3144345176652,1505.6743582210061,-2643.9453306449418,0.24938767073486984,-0.92770970451879164,0.27777777777765572,5184.1574029878229,1506.2585076848559,-2644.1202385274055,1.2593367537374509
27,475,2,5184.3146839053361,1505.6734305113016,-2643.9456084227195,5184.6161918865655,1504.5518358496595,-2644.281439848392,0.24938767073550361,-0.92770970451850643,-0.27777777777803853,5184.4654378959513,1505.1126331804805,-2644.113524135556,1.208993132419848
27,475,3,5184.6164412742364,1504.5527635593639,-2644.2817176261697,5188.4049170202616,1518.6457044997378,-2648.5014706347902,0.24938767073471074,0.92770970451881507,-0.27777777777772011,5186.510679147249,1511.5992340295509,-2646.3915941304799,15.191110831036955
27,475,4,5188.4051664079325,1518.6447767900333,-2648.5017484125678,5188.5720367833319,1518.0240273111256,-2648.6876151874521,0.24938767073490514,-0.92770970451872836,-0.27777777777783474,5188.4886015956326,1518.3344020505795,-2648.5946818000102,0.66912038958330322
27,476,0,5185.4052630194492,1512.070639150603,-2645.8605253378628,5184.000122070308,1514.7761525433698,-2645.3452106266595,-0.45446045513293182,0.87503595180004501,0.16666666666660648,5184.702692544879,1513.4233958469863,-2645.6028679822612,3.0918882672205901
27,476,1,5184.0005765307633,1514.7770275793216,-2645.3450439599928,5186.0098204599935,1518.6457044997376,-2644.6081833939675,0.45446045513250743,0.87503595180024962,0.16666666666668911,5185.0051984953789,1516.7113660395296,-2644.9766136769804,4.4211633961516288
27,476,2,5186.0102749204489,1518.6448294637858,-2644.6080167273008,5187.8172626320429,1515.1655845828545,-2643.9453306449414,0.45446045513264072,-0.87503595180017224,0.16666666666673208,5186.9137687762459,1516.9052070233201,-2644.2766736861213,3.9761164941549256
27,476,3,5187.8177170924982,1515.1647095469027,-2643.9454973116081,5193.3296408035067,1504.5518358496593,-2645.9669140079559,0.45446045513247652,-0.87503595180027371,-0.16666666666664678,5190.5736789480025,1509.8582726982809,-2644.956205659782,12.128500178088498
27,478,0,5185.4052630194492,1512.070639150603,-2645.8605253378628,5184.0001220703089,1511.4906173931606,-2645.945108569008,-0.92291799458140533,-0.38096713181680186,-0.055555555555826822,5184.702692544879,1511.7806282718818,-2645.9028169534354,1.5224981606059611
27,479,0,5185.4052630194492,1512.070639150603,-2645.8605253378628,5188.4821203272177,1518.6457044997378,-2647.0875837860899,0.41791778707511518,0.89306603645444038,-0.16666666666671834,5186.9436916733339,1515.3581718251703,-2646.4740545619761,7.3623506893604738
27,479,1,5188.4825382450044,1518.6448114337013,-2647.0877504527566,5192.4942098222664,1510.0721022888324,-2648.6876151874517,0.41791778707513,-0.89306603645445926,-0.16666666666657873,5190.4883740336354,1514.3584568612669,-2647.8876828201041,9.5991884081755128
27,479,2,5192.4946277400531,1510.0712092227959,-2648.687448520785,5195.0774650801668,1504.5518358496593,-2647.6574064806218,0.41791778707499949,-0.89306603645448535,0.1666666666667673,5193.7860464101104,1507.3115225362276,-2648.1724275007036,6.180252240975185
27,479,3,5195.0778829979536,1504.5527289156958,-2647.6572398139551,5201.6728098331168,1518.6457044997378,-2645.0271663724293,0.41791778707510491,0.89306603645444693,0.16666666666670765,5198.3753464155352,1511.5992167077168,-2646.3422030931924,15.780440649151144
27,479,4,5201.6732277509036,1518.6448114337013,-2645.0269997057626,5204.385520192378,1512.8488000282869,-2643.9453306449418,0.41791778707510174,-0.89306603645444926,0.16666666666670438,5203.0293739716408,1515.7468057309941,-2644.4861651753522,6.4900143649232502
27,480,0,5185.4052630194492,1512.070639150603,-2645.8605253378628,5187.7636167449919,1504.5518358496595,-2648.1390831493059,0.28750565546557982,-0.91661333409903689,-0.27777777777776808,5186.584439882221,1508.3112375001313,-2646.9998042435845,8.2028081211953712
27,480,1,5187.7639042506471,1504.5527524629936,-2648.1393609270835,5188.3313585724081,1506.3618862589033,-2648.6876151874517,0.28750565546576901,0.91661333409904577,-0.27777777777754226,5188.0476314115276,1505.4573193609485,-2648.4134880572674,1.9737153373269756
27,480,2,5188.3316460780634,1506.3628028722374,-2648.687337409674,5192.1843106118004,1518.6457044997378,-2644.9650294398648,0.28750565546557838,0.9166133340990319,0.27777777777778523,5190.2579783449319,1512.5042536859876,-2646.8261834247696,13.400308691312789
27,480,3,5192.1845981174556,1518.6447878864037,-2644.9647516620871,5193.2397196252832,1515.2808942558506,-2643.9453306449418,0.28750565546579204,-0.91661333409894574,0.27777777777784834,5192.712158871369,1516.9628410711271,-2644.4550411535147,3.669915661722166
27,480,4,5193.2400071309385,1515.2799776425165,-2643.9456084227195,5196.6050044786089,1504.5518358496593,-2647.1967496357529,0.28750565546552914,-0.91661333409903478,-0.27777777777782714,5194.9225058047741,1509.9159067460878,-2645.5711790292362,11.704108366918184
27,481,0,5185.4052630194492,1512.070639150603,-2645.8605253378628,5184.0001220703089,1512.8849470521386,-2646.5460600431106,-0.79710581865576646,0.46193911499661028,-0.38888888888893286,5184.702692544879,1512.4777931013709,-2646.2032926904867,1.7628035277799772
27,481,1,5184.0009191761274,1512.8854089912536,-2646.5464489319993,5188.3896690985212,1515.4287792786647,-2648.6876151874521,0.79710581865582364,0.46193911499654072,-0.3888888888888985,5186.1952941373238,1514.1570941349592,-2647.6170320597257,5.505856085450036
27,481,2,5188.3904662043396,1515.4292412177797,-2648.6872262985635,5193.9406816208457,1518.6457044997378,-2645.9794087718278,0.79710581865577168,0.46193911499663032,0.38888888888889894,5191.1655739125927,1517.0374728587587,-2647.3333175351954,6.9629593544629289
27,481,3,5193.9414787266642,1518.6452425606228,-2645.9790198829392,5198.1099329336676,1516.2295381431918,-2643.9453306449418,0.79710581865584396,-0.46193911499657453,0.38888888888881673,5196.0257058301659,1517.4373903519072,-2644.9621752639405,5.2294866119941572
27,481,4,5198.110730039486,1516.2290762040768,-2643.9457195338305,5207.8301967688139,1510.5964465655729,-2648.6876151874521,0.79710581865581054,-0.46193911499659907,-0.3888888888888557,5202.97046340415,1513.412761384825,-2646.3166673606411,12.193445966456759
27,482,0,5185.4052630194492,1512.070639150603,-2645.8605253378628,5190.187715394226,1513.122047889364,-2648.6876151874521,0.84582603122281896,0.18595248023577085,-0.50000000000002043,5187.7964892068376,1512.5963435199835,-2647.2740702626575,5.6541796991784814
27,482,1,5190.1885612202568,1513.1222338418443,-2648.687115187452,5198.210010821268,1514.8857270346919,-2643.9453306449418,0.84582603122284339,0.18595248023583391,0.49999999999995531,5194.1992860207629,1514.0039804382682,-2646.3162229161971,9.4835690850213101
27,482,2,5198.2108566472989,1514.8859129871721,-2643.9458306449419,5206.2323062483092,1516.6494061800195,-2648.6876151874521,0.84582603122281985,0.18595248023582586,-0.49999999999999811,5202.2215814478041,1515.7676595835958,-2646.3167229161973,9.4835690850204983
27,482,3,5206.2331520743401,1516.6495921324997,-2648.687115187452,5211.8254862488347,1517.8790511130321,-2645.3812733428772,0.84582603122283651,0.18595248023585059,0.49999999999996064,5209.0293191615874,1517.2643216227659,-2647.0341942651648,6.6116836891502064
27,482,4,5211.8246404228039,1517.8792370655124,-2645.3807733428771,5209.3963708223191,1518.4130853253473,-2643.9453306449418,-0.84582603122282141,0.18595248023582325,0.4999999999999965,5210.6105056225615,1518.1461611954298,-2644.6630519939094,2.8708853958705931
27,483,0,5185.4052630194492,1512.070639150603,-2645.8605253378628,5184.0001220703089,1510.071970744129,-2647.7467740909815,-0.45524072330173393,-0.6475330831118653,-0.61111111111102889,5184.702692544879,1511.0713049473661,-2646.8036497144221,3.086588868740118
27,483,1,5184.0005773110324,1510.0713232110459,-2647.7473852020926,5184.7009916396582,1509.0750559035391,-2648.6876151874521,0.45524072330136467,-0.64753308311196989,-0.61111111111119309,5184.3507844753458,1509.5731895572926,-2648.2175001947726,1.5385581578609
27,483,2,5184.7014468803818,1509.074408370456,-2648.6870040763411,5187.8809897319343,1504.5518358496593,-2644.4188139400426,0.45524072330169157,-0.64753308311180502,0.61111111111112426,5186.291218306158,1506.8131221100575,-2646.5529090081918,6.9843111321246214
27,483,3,5187.8814449726578,1504.5524833827424,-2644.4182028289315,5188.2337060773152,1505.0535385552787,-2643.9453306449418,0.45524072330116166,0.64753308311199331,0.61111111111131966,5188.0575755249865,1504.8030109690105,-2644.1817667369369,0.77379084652832519
27,483,4,5188.2341613180388,1505.0541860883618,-2643.9459417560529,5191.7664205149731,1510.0784613147787,-2648.6876151874517,0.45524072330175025,0.64753308311185465,-0.611111111111028,5190.0002909165059,1507.5663237015701,-2646.3167784717525,7.7591019786536286
27,484,0,5185.4052630194492,1512.070639150603,-2645.8605253378628,5185.0573254199753,1514.7556495919757,-2648.6876151874526,-0.088885843625793923,0.68592592058563551,-0.72222222222227372,5185.2312942197123,1513.4131443712895,-2647.2740702626579,3.914432099431767
27,484,1,5185.0572365341313,1514.7563355178963,-2648.6868929652305,5184.5532318993046,1518.6457044997378,-2644.5917150097021,-0.088885843625791397,0.68592592058564383,0.72222222222226629,5184.8052342167175,1516.7010200088171,-2646.6393039874665,5.6702463999621511
27,484,2,5184.5531430134606,1518.6450185738172,-2644.59099278748,5184.4736796260559,1518.0318050975759,-2643.9453306449418,-0.088885843625854277,-0.68592592058549962,0.7222222222223954,5184.5134113197582,1518.3384118356967,-2644.2681617162107,0.89399373582188857
27,484,3,5184.4735907402119,1518.0311191716553,-2643.9460528671639,5184.0001220703089,1514.3773941236241,-2647.7931176075144,-0.088885843626006503,-0.68592592058573087,-0.72222222222215693,5184.2368564052604,1516.2042566476398,-2645.8695852373394,5.3267050251012584
27,484,4,5184.0002109561528,1514.3767081977035,-2647.7938398297365,5184.1102103084822,1513.5278507876512,-2648.6876151874517,0.088885843625653577,-0.68592592058577551,-0.72222222222215804,5184.0552106323175,1513.9522794926775,-2648.2407275085943,1.2375351106826742
27,485,0,5185.4052630194492,1512.070639150603,-2645.8605253378628,5186.8391934187048,1510.8621210920467,-2648.6876151874521,0.4226756357083043,-0.35623147325034782,-0.83333333333334703,5186.1222282190774,1511.4663801213248,-2647.2740702626575,3.3925078195071716
27,485,1,5186.8396160943403,1510.8617648605734,-2648.6867818541186,5189.2445311791635,1508.8348998810654,-2643.9453306449418,0.42267563570840366,-0.35623147325038579,0.83333333333328052,5188.0420736367523,1509.8483323708194,-2646.3160562495304,5.6897414510125568
27,485,2,5189.244953854799,1508.8345436495922,-2643.9461639782753,5191.6498689396212,1506.8076786700844,-2648.6876151874521,0.42267563570827837,-0.35623147325037496,-0.83333333333334869,5190.4474113972101,1507.8211111598384,-2646.316889582864,5.6897414510120905
27,485,3,5191.6502916152567,1506.8073224386112,-2648.6867818541186,5194.0552067000781,1504.7804574591034,-2643.9453306449418,0.42267563570814709,-0.35623147325039906,0.83333333333340498,5192.8527491576679,1505.7938899488572,-2646.3160562495304,5.6897414510117068
27,485,4,5194.0556293757136,1504.7801012276302,-2643.9461639782753,5194.3264707274438,1504.5518358496593,-2644.4801458484717,0.42267563570816591,-0.35623147325053023,-0.83333333333333959,5194.1910500515787,1504.6659685386448,-2644.2131549133737,0.64077824423565732
27,486,0,5185.4052630194492,1512.070639150603,-2645.8605253378628,5184.4222626305937,1512.0299889983496,-2648.6876151874526,-0.32839043169290305,-0.013579975347135414,-0.94444444444452114,5184.913762825021,1512.0503140744763,-2647.2740702626579,2.9933892525066157
27,486,1,5184.421934240162,1512.0299754183743,-2648.6866707430081,5184.0001220703089,1512.0125321608525,-2647.4735472108664,-0.32839043169297139,-0.013579975347098859,0.94444444444449793,5184.2110281552359,1512.0212537896134,-2648.0801089769375,1.2844837399146769
27,486,2,5184.0004504607405,1512.0125185808772,-2647.4726027664219,5185.2269094880412,1511.9618006495748,-2643.9453306449423,0.32839043169339982,-0.013579975347119685,0.9444444444443485,5184.6136799743908,1511.9871596152261,-2645.7089667056821,3.7347587168611902
27,486,3,5185.2272378784728,1511.9617870695995,-2643.9462750893867,5186.8758374660583,1511.8936123008,-2648.6876151874526,0.32839043169327198,-0.013579975347105441,-0.94444444444439313,5186.0515376722651,1511.9276996851997,-2646.3169451384197,5.0202424567758763
27,486,4,5186.8761658564899,1511.8935987208247,-2648.6866707430081,5188.5247654440755,1511.8254239520254,-2643.9453306449414,0.32839043169321597,-0.013579975347057835,0.94444444444441322,5187.7004656502831,1511.8595113364249,-2646.3160006939747,5.0202424567767325
28,487,0,5185.4052630194492,1512.070639150603,-2645.8605253378628,5186.0312645833646,1512.070639150603,-2644.0616945281477,0.32867109906082259,0,0.94444444444453746,5185.7182638014074,1512.070639150603,-2644.961109933005,1.9046443867570062
28,487,1,5186.0315932544636,1512.070639150603,-2644.0626389725921,5187.6411066828205,1512.070639150603,-2648.6876151874521,0.32867109906127279,0,-0.94444444444438069,5186.836349968642,1512.070639150603,-2646.3751270800221,4.8970336392638583
28,487,2,5187.6414353539194,1512.070639150603,-2648.6866707430077,5189.2509487822745,1512.0706391506033,-2644.0616945281481,0.32867109906097031,4.6430899232593284E-14,0.94444444444448605,5188.4461920680969,1512.0706391506033,-2646.3741826355781,4.8970336392628306
28,487,3,5189.2512774533734,1512.0706391506033,-2644.0626389725926,5190.8607908817294,1512.070639150603,-2648.6876151874521,0.32867109906113601,-4.6430899232590456E-14,-0.94444444444442843,5190.0560341675518,1512.0706391506033,-2646.3751270800221,4.8970336392631291
28,487,4,5190.8611195528283,1512.070639150603,-2648.6866707430077,5192.4706329811834,1512.070639150603,-2644.0616945281481,0.32867109906097031,0,0.94444444444448605,5191.6658762670058,1512.070639150603,-2646.3741826355781,4.8970336392628306
28,488,0,5185.4052630194492,1512.070639150603,-2645.8605253378628,5184.5254275639245,1511.2646378011796,-2644.0616945281477,-0.40759598344516135,-0.37339130926528491,0.83333333333338366,5184.9653452916864,1511.6676384758912,-2644.961109933005,2.1585969716580227
28,488,1,5184.5250199679413,1511.2642644098703,-2644.0625278614812,5184.0001220703089,1510.7834149383641,-2645.1356859210782,-0.40759598344521614,-0.37339130926551473,-0.83333333333325377,5184.2625710191251,1511.0238396741172,-2644.5991068912799,1.2877896715165982
28,488,2,5184.0005296662921,1510.7830415470548,-2645.1365192544117,5185.7374245932551,1509.1919035153369,-2648.6876151874521,0.40759598344519549,-0.37339130926538339,-0.83333333333332282,5184.8689771297741,1509.9874725311959,-2646.9120672209319,4.2613151196485513
28,488,3,5185.7378321892384,1509.1915301240276,-2648.6867818541186,5188.0000326098179,1507.1191692294949,-2644.0616945281481,0.4075959834453412,-0.37339130926530523,0.83333333333328652,5186.8689323995277,1508.1553496767613,-2646.3742381911334,5.5501047911649426
28,488,4,5188.0004402058012,1507.1187958381856,-2644.0625278614816,5190.2626406263798,1505.0464349436527,-2648.6876151874517,0.40759598344522607,-0.37339130926539088,-0.83333333333330439,5189.1315404160905,1506.0826153909193,-2646.3750715244669,5.5501047911642782
28,489,0,5185.4052630194492,1512.070639150603,-2645.8605253378628,5185.5558724114326,1513.7867554912159,-2644.0616945281477,0.06046897194462076,0.68901274673279467,0.72222222222228138,5185.4805677154409,1512.9286973209096,-2644.961109933005,2.4906888134515111
28,489,1,5185.5559328804047,1513.7874445039627,-2644.0624167503697,5185.943183488218,1518.1999654445578,-2648.6876151874521,0.060468971944955402,0.68901274673285107,-0.72222222222219967,5185.7495581843114,1515.9937049742603,-2646.3750159689107,6.4041209128835472
28,489,2,5185.9432439571901,1518.2006544573046,-2648.6868929652301,5185.9620521017569,1518.4149635638087,-2648.462254451827,0.060468971945515072,0.68901274673277424,0.72222222222222598,5185.9526480294735,1518.3078090105566,-2648.5745737085285,0.31103794163503062
28,489,3,5185.962112570729,1518.4142745510619,-2648.4615322296049,5186.3304945650034,1514.2167517297175,-2644.0616945281477,0.060468971944892154,-0.68901274673284119,0.72222222222221433,5186.1463035678662,1516.3155131403896,-2646.2616133788761,6.0920829712485975
28,489,4,5186.3305550339755,1514.2160627169708,-2644.0624167503697,5186.7178056417888,1509.8035417763756,-2648.6876151874517,0.060468971944958497,-0.68901274673288626,-0.72222222222216559,5186.5241803378822,1512.0098022466732,-2646.3750159689107,6.4041209128832195
28,490,0,5185.4052630194492,1512.070639150603,-2645.8605253378628,5186.8228920422325,1510.2215931252983,-2644.0616945281481,0.48160663169529838,-0.62817056774709912,0.61111111111106176,5186.1140775308413,1511.1461161379507,-2644.9611099330054,2.9435413249878843
28,490,1,5186.8233736488646,1510.2209649547306,-2644.0623056392592,5190.4685041522243,1505.466537695813,-2648.6876151874521,0.48160663169528606,-0.62817056774703783,-0.61111111111113448,5188.6459389005449,1507.8437513252718,-2646.3749604133554,7.5686883515881664
28,490,2,5190.4689857588564,1505.4659095252453,-2648.6870040763411,5191.1697889588522,1504.551835849659,-2647.7977542321014,0.48160663169517187,-0.62817056774705282,0.61111111111120897,5190.8193873588543,1505.0088726874521,-2648.2423791542215,1.4551361087555699
28,490,3,5191.1702705654843,1504.5524640202268,-2647.7971431209903,5194.1141162622171,1508.392189432991,-2644.0616945281481,0.48160663169534407,0.62817056774707158,0.61111111111105398,5192.6421934138507,1506.472326726609,-2645.9294188245694,6.1125522428332681
28,490,4,5194.1145978688492,1508.3928176035588,-2644.0623056392592,5197.7597283722098,1513.1472448624775,-2648.6876151874521,0.4816066316953328,0.62817056774709235,-0.61111111111104133,5195.9371631205295,1510.770031233018,-2646.3749604133554,7.5686883515893184
28,491,0,5185.4052630194492,1512.070639150603,-2645.8605253378628,5184.0001220703089,1512.3191887995406,-2645.036673001794,-0.8527868937322729,0.15084599390929004,0.49999999999997941,5184.702692544879,1512.1949139750718,-2645.4485991698284,1.647704672137547
28,491,1,5184.0009748572029,1512.3193396455345,-2645.0361730017939,5185.6630197982995,1512.6133319933347,-2644.0616945281481,0.85278689373198635,0.1508459939092249,0.50000000000048783,5184.8319973277512,1512.4663358194346,-2644.548933764971,1.9489569472897612
28,491,2,5185.6638725851935,1512.6134828393285,-2644.0621945281482,5193.5528688176973,1514.0089351925305,-2648.6876151874521,0.85278689373221406,0.15084599390926146,-0.50000000000008848,5189.6083707014459,1513.3112090159295,-2646.3749048578002,9.2508413186062164
28,491,3,5193.5537216045914,1514.0090860385244,-2648.687115187452,5201.4427178370943,1515.4045383917264,-2644.0616945281481,0.8527868937321873,0.15084599390927411,0.50000000000013045,5197.4982197208428,1514.7068122151254,-2646.3744048578001,9.2508413186054401
28,491,4,5201.4435706239883,1515.4046892377203,-2644.0621945281482,5209.3325668564912,1516.8001415909221,-2648.6876151874521,0.85278689373219041,0.15084599390925008,-0.50000000000013234,5205.3880687402398,1516.1024154143211,-2646.3749048578002,9.2508413186054064
28,492,0,5185.4052630194492,1512.070639150603,-2645.8605253378628,5189.000894180037,1514.3578853731158,-2644.0616945281481,0.77733881326900356,0.49447932361655711,0.38888888888890805,5187.2030785997431,1513.2142622618594,-2644.9611099330054,4.6255649392660736
28,492,1,5189.0016715188503,1514.3583798524394,-2644.0620834170368,5195.3787631736823,1518.4149635638089,-2647.2524298215358,0.77733881326898924,0.49447932361658936,-0.38888888888889545,5192.1902173462659,1516.3866717081241,-2645.6572566192863,8.2037478972829945
28,492,2,5195.3795405124956,1518.4144690844853,-2647.2528187104244,5198.2475139172439,1516.590099163516,-2648.6876151874521,0.7773388132690604,-0.4944793236165041,-0.38888888888886158,5196.8135272148702,1517.5022841240007,-2647.9702169489383,3.6894766552143525
28,492,3,5198.2482912560572,1516.5896046841924,-2648.6872262985635,5207.4941336544489,1510.7081565725305,-2644.0616945281481,0.77733881326897425,-0.49447932361659319,0.38888888888892065,5202.871212455253,1513.6488806283614,-2646.3744604133558,11.894224552495679
28,492,4,5207.4949109932622,1510.7076620932069,-2644.0620834170368,5210.8838619952448,1508.5518888697095,-2645.7575157911356,0.77733881326895815,-0.4944793236166824,-0.38888888888883927,5209.189386494254,1509.6297754814582,-2644.9097996040864,4.3596832476831855
28,493,0,5185.4052630194492,1512.070639150603,-2645.8605253378628,5184.0001220703089,1506.8435848584081,-2644.2954241876459,-0.24938767073468937,-0.92770970451880341,0.27777777777777796,5184.702692544879,1509.4571120045057,-2645.0779747627544,5.6343641407805949
28,493,1,5184.0003714579798,1506.8426571487037,-2644.2951464098683,5184.209963533619,1506.0629850743471,-2644.0616945281486,0.24938767073481263,-0.92770970451898671,0.27777777777705481,5184.1051674957998,1506.4528211115253,-2644.1784204690084,0.84042677419311529
28,493,2,5184.2102129212899,1506.0620573646427,-2644.0619723059262,5184.6161918865637,1504.5518358496593,-2644.5141676148041,0.24938767073462575,-0.92770970451888923,-0.27777777777754842,5184.4132024039263,1505.3069466071511,-2644.2880699603652,1.6279031119617482
28,493,3,5184.6164412742346,1504.5527635593637,-2644.5144453925818,5188.342889055828,1518.4149635638089,-2648.6651092194134,0.24938767073466866,0.9277097045187912,-0.27777777777783774,5186.4796651650313,1511.4838635615863,-2646.5897773059978,14.942389776590291
28,493,4,5188.3431384434989,1518.4140358541044,-2648.665386997191,5188.3630948152368,1518.3397991459547,-2648.6876151874521,0.24938767073133106,-0.92770970452062618,-0.27777777777470525,5188.3531166293678,1518.3769175000295,-2648.6765010923218,0.080021484940855966
28,494,0,5185.4052630194492,1512.070639150603,-2645.8605253378628,5184.0001220703089,1514.7761525433705,-2645.3452106266595,-0.45446045513261074,0.87503595180021376,0.16666666666659663,5184.702692544879,1513.4233958469868,-2645.6028679822612,3.0918882672207735
28,494,1,5184.0005765307642,1514.7770275793223,-2645.3450439599928,5185.8899823772917,1518.4149635638089,-2644.6521322426702,0.45446045513261746,0.87503595180020488,0.1666666666666245,5184.9452794540284,1516.5959955715657,-2644.9985881013317,4.1574703039370036
28,494,2,5185.8904368377471,1518.4140885278571,-2644.6519655760035,5187.4999659321074,1515.3150381987746,-2644.0616945281481,0.45446045513262534,-0.87503595180020444,0.16666666666660482,5186.6952013849277,1516.8645633633159,-2644.3568300520756,3.5416262871335178
28,494,3,5187.5004203925628,1515.3141631628228,-2644.0618611948148,5193.0899646381031,1504.5518358496593,-2646.111744076964,0.45446045513255995,-0.87503595180022997,-0.16666666666665003,5190.2951925153329,1509.932999506241,-2645.0868026358894,12.29929729289629
28,494,4,5193.0904190985584,1504.5527108856111,-2646.1119107436307,5200.1137539815127,1518.0757148229393,-2648.6876151874521,0.45446045513255817,0.87503595180021831,-0.16666666666671495,5196.6020865400351,1511.3142128542752,-2647.3997629655414,15.454226662924226
28,496,0,5185.4052630194492,1512.070639150603,-2645.8605253378628,5184.0001220703089,1511.4906173931604,-2645.9451085690075,-0.92291799458136803,-0.38096713181693581,-0.055555555555525896,5184.702692544879,1511.7806282718816,-2645.9028169534349,1.5224981606060226
28,497,0,5185.4052630194492,1512.070639150603,-2645.8605253378628,5188.3741431593553,1518.4149635638089,-2647.0445222194357,0.41791778707520211,0.89306603645441573,-0.16666666666663188,5186.8897030894022,1515.242801357206,-2646.4525237786493,7.1039812894392806
28,497,1,5188.3745610771421,1518.4140704977724,-2647.0446888861024,5192.4942098222691,1509.6106204169703,-2648.6876151874521,0.41791778707512867,-0.89306603645445515,-0.16666666666660507,5190.4343854497056,1514.0123454573713,-2647.8661520367773,9.8575578081017792
28,497,2,5192.4946277400559,1509.6097273509338,-2648.6874485207854,5194.8615107444421,1504.5518358496593,-2647.7435296139311,0.4179177870750998,-0.89306603645446525,0.16666666666662389,5193.678069242249,1507.0807816002966,-2648.2154890673582,5.6635134411277237
28,497,3,5194.8619286622288,1504.5527289156958,-2647.7433629472644,5201.3488783295297,1518.4149635638089,-2645.1563510723931,0.41791778707514665,0.89306603645444027,0.16666666666663946,5198.1054034958797,1511.4838462397524,-2646.4498570098285,15.522071249229873
28,497,4,5201.3492962473165,1518.4140704977724,-2645.1561844057264,5204.0937369729982,1512.5493600763225,-2644.0616945281481,0.41791778707511368,-0.89306603645444838,0.16666666666667915,5202.7215166101578,1515.4817152870473,-2644.608939466937,6.5669392654694629
28,498,0,5185.4052630194492,1512.070639150603,-2645.8605253378628,5187.7636167449919,1504.5518358496595,-2648.1390831493059,0.28750565546557982,-0.91661333409903689,-0.27777777777776808,5186.584439882221,1508.3112375001313,-2646.9998042435845,8.2028081211953712
28,498,1,5187.7639042506471,1504.5527524629936,-2648.1393609270835,5188.3313585724072,1506.361886258903,-2648.6876151874521,0.28750565546535828,0.91661333409909018,-0.27777777777782103,5188.0476314115276,1505.4573193609483,-2648.4134880572678,1.9737153373266318
28,498,2,5188.3316460780625,1506.3628028722371,-2648.6873374096745,5192.1119362293211,1518.4149635638089,-2645.03495500394,0.2875056554655922,0.91661333409904389,0.27777777777773149,5190.2217911536918,1512.388883218023,-2646.8611462068075,13.148576660646183
28,498,3,5192.1122237349764,1518.4140469504748,-2645.0346772261623,5193.1192806370336,1515.2033908570238,-2644.0616945281481,0.28750565546556056,-0.91661333409904044,0.27777777777777551,5192.615752186005,1516.8087189037492,-2644.5481858771554,3.5027377128512232
28,498,4,5193.1195681426889,1515.2024742436897,-2644.0619723059258,5196.4602557136513,1504.551835849659,-2647.2896262740146,0.28750565546562351,-0.91661333409903845,-0.27777777777771728,5194.7899119281701,1509.8771550466745,-2645.6757992899702,11.619554285122272
28,499,0,5185.4052630194492,1512.070639150603,-2645.8605253378628,5184.0001220703089,1512.8849470521386,-2646.5460600431106,-0.79710581865576646,0.46193911499661028,-0.38888888888893286,5184.702692544879,1512.4777931013709,-2646.2032926904867,1.7628035277799772
28,499,1,5184.0009191761274,1512.8854089912536,-2646.5464489319993,5188.3896690985212,1515.4287792786649,-2648.6876151874521,0.79710581865580843,0.4619391149965732,-0.38888888888889112,5186.1952941373238,1514.1570941349592,-2647.6170320597257,5.5058560854501408
28,499,2,5188.3904662043396,1515.4292412177799,-2648.6872262985635,5193.5425232128218,1518.4149635638089,-2646.1736607485091,0.79710581865577534,0.46193911499659585,0.38888888888893214,5190.9664947085803,1516.9221023907944,-2647.4304435235363,6.4634542715677616
28,499,3,5193.5433203186403,1518.4145016246939,-2646.1732718596204,5197.8714218035329,1515.9062783464872,-2644.0616945281481,0.7971058186558162,-0.46193911499655288,0.38888888888889928,5195.7073710610866,1517.1603899855904,-2645.1174831938843,5.4297702809286008
28,499,4,5197.8722189093514,1515.9058164073722,-2644.0620834170368,5207.3531745085438,1510.4114088440224,-2648.6876151874521,0.79710581865579533,-0.46193911499655183,-0.38888888888894302,5202.6126967089476,1513.1586126256973,-2646.3748493022445,11.894224552494995
28,500,0,5185.4052630194492,1512.070639150603,-2645.8605253378628,5190.187715394226,1513.122047889364,-2648.6876151874521,0.84582603122281896,0.18595248023577085,-0.50000000000002043,5187.7964892068376,1512.5963435199835,-2647.2740702626575,5.6541796991784814
28,500,1,5190.1885612202568,1513.1222338418443,-2648.687115187452,5198.0131636182468,1514.8424507293071,-2644.0616945281481,0.8458260312228213,0.18595248023578873,0.50000000000000966,5194.1008624192518,1513.9823422855757,-2646.3744048578001,9.2508413186076748
28,500,2,5198.0140094442777,1514.8426366817873,-2644.0621945281482,5205.8386118422686,1516.5628535692501,-2648.6876151874521,0.84582603122284927,0.18595248023577327,-0.49999999999996814,5201.9263106432736,1515.7027451255187,-2646.3749048578002,9.2508413186084439
28,500,3,5205.8394576682995,1516.5630395217304,-2648.687115187452,5210.8838619952448,1517.6720376623425,-2645.705175556408,0.84582603122288635,0.18595248023576538,0.49999999999990802,5208.3616598317722,1517.1175385920365,-2647.19614537193,5.9638792620891818
28,500,4,5210.883016169214,1517.6722236148228,-2645.7046755564079,5208.1036639241984,1518.2832564091934,-2644.0616945281481,-0.84582603122289535,0.1859524802357915,0.49999999999988332,5209.4933400467062,1517.9777400120081,-2644.883185042278,3.2859620565203325
28,501,0,5185.4052630194492,1512.070639150603,-2645.8605253378628,5184.0001220703089,1510.0719707441287,-2647.7467740909819,-0.45524072330167126,-0.64753308311184976,-0.61111111111109206,5184.702692544879,1511.0713049473659,-2646.8036497144221,3.0865888687405429
28,501,1,5184.0005773110324,1510.0713232110456,-2647.747385202093,5184.7009916396582,1509.0750559035398,-2648.6876151874526,0.45524072330153892,-0.64753308311162661,-0.61111111111142702,5184.3507844753458,1509.5731895572926,-2648.2175001947726,1.5385581578603111
28,501,2,5184.7014468803818,1509.0744083704567,-2648.6870040763415,5187.8809897319343,1504.5518358496593,-2644.4188139400435,0.45524072330168092,-0.64753308311188751,0.61111111111104488,5186.291218306158,1506.813122110058,-2646.5529090081927,6.9843111321247848
28,501,3,5187.8814449726578,1504.5524833827424,-2644.4182028289324,5188.1470220400051,1504.9302394322799,-2644.0616945281486,0.45524072330219317,0.64753308311204238,0.61111111111049921,5188.0142335063319,1504.7413614075112,-2644.2399486785407,0.58337721946505594
28,501,4,5188.1474772807287,1504.930886965363,-2644.0623056392596,5191.5930524403511,1509.8318630687806,-2648.6876151874521,0.45524072330168847,0.64753308311191471,-0.61111111111101035,5189.8702648605395,1507.3813750170718,-2646.3749604133559,7.5686883515889587
28,502,0,5185.4052630194492,1512.070639150603,-2645.8605253378628,5185.0573254199753,1514.7556495919757,-2648.6876151874526,-0.088885843625793923,0.68592592058563551,-0.72222222222227372,5185.2312942197123,1513.4131443712895,-2647.2740702626579,3.914432099431767
28,502,1,5185.0572365341313,1514.7563355178963,-2648.6868929652305,5184.5831325082963,1518.4149635638089,-2644.8346657810662,-0.088885843625889485,0.68592592058573421,0.72222222222216836,5184.8201845212134,1516.5856495408525,-2646.7607793731486,5.3338530242279578
28,502,2,5184.5830436224524,1518.4142776378883,-2644.8339435588441,5184.4880008441078,1517.6808390770091,-2644.0616945281486,-0.088885843625272729,-0.68592592058600099,0.72222222222199095,5184.5355222332801,1518.0475583574487,-2644.4478190434966,1.0692678886557163
28,502,3,5184.4879119582638,1517.6801531510885,-2644.0624167503706,5184.0001220703089,1513.9159122517592,-2648.025845373933,-0.088885843625879341,-0.68592592058577606,-0.72222222222212984,5184.2440170142863,1515.7980327014238,-2646.0441310621518,5.487824248010071
28,502,4,5184.0002109561528,1513.9152263258386,-2648.026567596155,5184.0815678723784,1513.2874006183765,-2648.6876151874521,0.088885843626277772,-0.68592592058571755,-0.72222222222213617,5184.0408894142656,1513.6013134721074,-2648.3570913918038,0.91529666487304395
28,503,0,5185.4052630194492,1512.070639150603,-2645.8605253378628,5186.8391934187048,1510.8621210920467,-2648.6876151874521,0.4226756357083043,-0.35623147325034782,-0.83333333333334703,5186.1222282190774,1511.4663801213248,-2647.2740702626575,3.3925078195071716
28,503,1,5186.8396160943403,1510.8617648605734,-2648.6867818541186,5189.1855101651918,1508.8846428541231,-2644.0616945281481,0.42267563570805572,-0.35623147325039556,0.83333333333345272,5188.012563129766,1509.8732038573482,-2646.3742381911334,5.5501047911638359
28,503,2,5189.1859328408273,1508.8842866226498,-2644.0625278614816,5191.5318269116806,1506.9071646161995,-2648.6876151874526,0.42267563570829614,-0.35623147325032195,-0.83333333333336246,5190.3588798762539,1507.8957256194246,-2646.3750715244669,5.5501047911649835
28,503,3,5191.5322495873161,1506.9068083847262,-2648.6867818541191,5193.8781436581703,1504.9296863782754,-2644.0616945281481,0.42267563570841837,-0.35623147325036886,0.83333333333328052,5192.7051966227427,1505.9182473815008,-2646.3742381911334,5.5501047911655288
28,503,4,5193.8785663338058,1504.9293301468022,-2644.0625278614816,5194.3264707274448,1504.5518358496593,-2644.9456013812974,0.42267563570876981,-0.35623147325034704,-0.83333333333311121,5194.1025185306253,1504.7405829982308,-2644.5040646213893,1.0596882237791856
28,504,0,5185.4052630194492,1512.070639150603,-2645.8605253378628,5184.4222626305937,1512.0299889983496,-2648.6876151874521,-0.32839043169295012,-0.013579975347137362,-0.9444444444445047,5184.913762825021,1512.0503140744763,-2647.2740702626575,2.9933892525061863
28,504,1,5184.421934240162,1512.0299754183743,-2648.6866707430077,5184.0001220703089,1512.0125321608525,-2647.4735472108655,-0.32839043169286164,-0.01357997534709432,0.94444444444453624,5184.2110281552359,1512.0212537896134,-2648.0801089769366,1.2844837399151063
28,504,2,5184.0004504607405,1512.0125185808772,-2647.472602766421,5185.1864488912688,1511.963473822279,-2644.0616945281477,0.32839043169315141,-0.013579975347178974,0.94444444444443409,5184.5934496760046,1511.987996201578,-2645.7671486472846,3.6115498993482928
28,504,3,5185.1867772817004,1511.9634602423037,-2644.0626389725921,5186.7949162725154,1511.8969586462083,-2648.6876151874521,0.32839043169338805,-0.013579975347145959,-0.94444444444435205,5185.9908467771074,1511.930209444256,-2646.3751270800221,4.8970336392640066
28,504,4,5186.795244662947,1511.896945066233,-2648.6866707430077,5188.4033836537619,1511.8304434701379,-2644.0616945281481,0.32839043169341714,-0.013579975347100731,0.94444444444434283,5187.5993141583549,1511.8636942681856,-2646.3741826355781,4.8970336392635732
